Using pre-set license
Built from 'trunk' branch; Version is '6000.0.3f1 (019aa96b6ed9) revision 105129'; Using compiler version '193933522'; Build Type 'Release'
OS: 'Windows 11  (10.0.26100) 64bit Core' Language: 'pl' Physical Memory: 49077 MB
BatchMode: 1, IsHumanControllingUs: 0, StartBugReporterOnCrash: 0, Is64bit: 1, IsPro: 1

COMMAND LINE ARGUMENTS:
C:\Program Files\Unity\Hub\Editor\6000.0.3f1\Editor\Unity.exe
-adb2
-batchMode
-noUpm
-name
AssetImportWorker3
-projectPath
C:/Users/Piotr/Documents/GitHub/Malowanki
-logFile
Logs/AssetImportWorker3.log
-srvPort
51234
-job-worker-count
5
-background-job-worker-count
8
-asset-garbage-collectors
1
Successfully changed project path to: C:/Users/Piotr/Documents/GitHub/Malowanki
C:/Users/Piotr/Documents/GitHub/Malowanki
[UnityMemory] Configuration Parameters - Can be set up in boot.config
    "memorysetup-bucket-allocator-granularity=16"
    "memorysetup-bucket-allocator-bucket-count=8"
    "memorysetup-bucket-allocator-block-size=33554432"
    "memorysetup-bucket-allocator-block-count=8"
    "memorysetup-main-allocator-block-size=16777216"
    "memorysetup-thread-allocator-block-size=16777216"
    "memorysetup-gfx-main-allocator-block-size=16777216"
    "memorysetup-gfx-thread-allocator-block-size=16777216"
    "memorysetup-cache-allocator-block-size=4194304"
    "memorysetup-typetree-allocator-block-size=2097152"
    "memorysetup-profiler-bucket-allocator-granularity=16"
    "memorysetup-profiler-bucket-allocator-bucket-count=8"
    "memorysetup-profiler-bucket-allocator-block-size=33554432"
    "memorysetup-profiler-bucket-allocator-block-count=8"
    "memorysetup-profiler-allocator-block-size=16777216"
    "memorysetup-profiler-editor-allocator-block-size=1048576"
    "memorysetup-temp-allocator-size-main=16777216"
    "memorysetup-job-temp-allocator-block-size=2097152"
    "memorysetup-job-temp-allocator-block-size-background=1048576"
    "memorysetup-job-temp-allocator-reduction-small-platforms=262144"
    "memorysetup-allocator-temp-initial-block-size-main=262144"
    "memorysetup-allocator-temp-initial-block-size-worker=262144"
    "memorysetup-temp-allocator-size-background-worker=32768"
    "memorysetup-temp-allocator-size-job-worker=262144"
    "memorysetup-temp-allocator-size-preload-manager=33554432"
    "memorysetup-temp-allocator-size-nav-mesh-worker=65536"
    "memorysetup-temp-allocator-size-audio-worker=65536"
    "memorysetup-temp-allocator-size-cloud-worker=32768"
    "memorysetup-temp-allocator-size-gi-baking-worker=262144"
    "memorysetup-temp-allocator-size-gi-baking-worker=262144"
    "memorysetup-temp-allocator-size-gi-baking-worker=262144"
    "memorysetup-temp-allocator-size-gi-baking-worker=262144"
    "memorysetup-temp-allocator-size-gi-baking-worker=262144"
    "memorysetup-temp-allocator-size-gfx=262144"
Player connection [13916]  Target information:

Player connection [13916]  * "[IP] 192.168.0.104 [Port] 0 [Flags] 2 [Guid] 1916087703 [EditorId] 1916087703 [Version] 1048832 [Id] WindowsEditor(7,Piotr-Omen) [Debug] 1 [PackageName] WindowsEditor [ProjectName] Editor" 

Player connection [13916] Host joined multi-casting on [225.0.0.222:54997]...
Player connection [13916] Host joined alternative multi-casting on [225.0.0.222:34997]...
JobSystem: Creating JobQueue using job-worker-count value 5
Library Redirect Path: Library/
[PhysX] Initialized MultithreadedTaskDispatcher with 6 workers.
Refreshing native plugins compatible for Editor in 0.98 ms, found 2 plugins.
Preloading 0 native plugins for Editor in 0.00 ms.
Initialize engine version: 6000.0.3f1 (019aa96b6ed9)
[Subsystems] Discovering subsystems at path C:/Program Files/Unity/Hub/Editor/6000.0.3f1/Editor/Data/Resources/UnitySubsystems
[Subsystems] Discovering subsystems at path C:/Users/Piotr/Documents/GitHub/Malowanki/Assets
GfxDevice: creating device client; kGfxThreadingModeNonThreaded
Direct3D:
    Version:  Direct3D 11.0 [level 11.1]
    Renderer: Radeon RX 580 Series (ID=0x67df)
    Vendor:   ATI
    VRAM:     8135 MB
    Driver:   31.0.21921.1000
Initialize mono
Mono path[0] = 'C:/Program Files/Unity/Hub/Editor/6000.0.3f1/Editor/Data/Managed'
Mono path[1] = 'C:/Program Files/Unity/Hub/Editor/6000.0.3f1/Editor/Data/MonoBleedingEdge/lib/mono/unityjit-win32'
Mono config path = 'C:/Program Files/Unity/Hub/Editor/6000.0.3f1/Editor/Data/MonoBleedingEdge/etc'
Using monoOptions --debugger-agent=transport=dt_socket,embedding=1,server=y,suspend=n,address=127.0.0.1:56776
Begin MonoManager ReloadAssembly
Registering precompiled unity dll's ...
Register platform support module: C:/Program Files/Unity/Hub/Editor/6000.0.3f1/Editor/Data/PlaybackEngines/WindowsStandaloneSupport/UnityEditor.WindowsStandalone.Extensions.dll
Registered in 0.002194 seconds.
- Loaded All Assemblies, in  0.294 seconds
Native extension for WindowsStandalone target not found
Mono: successfully reloaded assembly
- Finished resetting the current domain, in  0.355 seconds
Domain Reload Profiling: 647ms
	BeginReloadAssembly (98ms)
		ExecutionOrderSort (0ms)
		DisableScriptedObjects (0ms)
		BackupInstance (0ms)
		ReleaseScriptingObjects (0ms)
		CreateAndSetChildDomain (1ms)
	RebuildCommonClasses (29ms)
	RebuildNativeTypeToScriptingClass (9ms)
	initialDomainReloadingComplete (40ms)
	LoadAllAssembliesAndSetupDomain (116ms)
		LoadAssemblies (95ms)
		RebuildTransferFunctionScriptingTraits (0ms)
		AnalyzeDomain (114ms)
			TypeCache.Refresh (113ms)
				TypeCache.ScanAssembly (103ms)
			BuildScriptInfoCaches (0ms)
			ResolveRequiredComponents (0ms)
	FinalizeReload (355ms)
		ReleaseScriptCaches (0ms)
		RebuildScriptCaches (0ms)
		SetupLoadedEditorAssemblies (315ms)
			LogAssemblyErrors (0ms)
			InitializePlatformSupportModulesInManaged (21ms)
			SetLoadedEditorAssemblies (4ms)
			BeforeProcessingInitializeOnLoad (5ms)
			ProcessInitializeOnLoadAttributes (124ms)
			ProcessInitializeOnLoadMethodAttributes (160ms)
			AfterProcessingInitializeOnLoad (0ms)
			EditorAssembliesLoaded (0ms)
		ExecutionOrderSort2 (0ms)
		AwakeInstancesAfterBackupRestoration (0ms)
========================================================================
Worker process is ready to serve import requests
Import Worker Mode flag is 0x00
Begin MonoManager ReloadAssembly
- Loaded All Assemblies, in  0.563 seconds
Refreshing native plugins compatible for Editor in 0.64 ms, found 2 plugins.
Native extension for WindowsStandalone target not found
Mono: successfully reloaded assembly
- Finished resetting the current domain, in  0.600 seconds
Domain Reload Profiling: 1161ms
	BeginReloadAssembly (296ms)
		ExecutionOrderSort (0ms)
		DisableScriptedObjects (5ms)
		BackupInstance (0ms)
		ReleaseScriptingObjects (0ms)
		CreateAndSetChildDomain (25ms)
	RebuildCommonClasses (28ms)
	RebuildNativeTypeToScriptingClass (9ms)
	initialDomainReloadingComplete (28ms)
	LoadAllAssembliesAndSetupDomain (200ms)
		LoadAssemblies (202ms)
		RebuildTransferFunctionScriptingTraits (0ms)
		AnalyzeDomain (72ms)
			TypeCache.Refresh (56ms)
				TypeCache.ScanAssembly (48ms)
			BuildScriptInfoCaches (13ms)
			ResolveRequiredComponents (2ms)
	FinalizeReload (600ms)
		ReleaseScriptCaches (0ms)
		RebuildScriptCaches (0ms)
		SetupLoadedEditorAssemblies (446ms)
			LogAssemblyErrors (0ms)
			InitializePlatformSupportModulesInManaged (2ms)
			SetLoadedEditorAssemblies (3ms)
			BeforeProcessingInitializeOnLoad (34ms)
			ProcessInitializeOnLoadAttributes (248ms)
			ProcessInitializeOnLoadMethodAttributes (155ms)
			AfterProcessingInitializeOnLoad (4ms)
			EditorAssembliesLoaded (0ms)
		ExecutionOrderSort2 (0ms)
		AwakeInstancesAfterBackupRestoration (6ms)
Launched and connected shader compiler UnityShaderCompiler.exe after 0.01 seconds
Refreshing native plugins compatible for Editor in 0.73 ms, found 2 plugins.
Preloading 0 native plugins for Editor in 0.00 ms.
Unloading 14 Unused Serialized files (Serialized files now loaded: 0)
Unloading 1684 unused Assets / (387.8 KB). Loaded Objects now: 2286.
Memory consumption went from 96.1 MB to 95.7 MB.
Total: 4.385100 ms (FindLiveObjects: 0.206400 ms CreateObjectMapping: 0.094400 ms MarkObjects: 3.773100 ms  DeleteObjects: 0.310700 ms)

========================================================================
Received Prepare
Begin MonoManager ReloadAssembly
- Loaded All Assemblies, in  0.507 seconds
Refreshing native plugins compatible for Editor in 0.79 ms, found 2 plugins.
Native extension for WindowsStandalone target not found
Mono: successfully reloaded assembly
- Finished resetting the current domain, in  0.808 seconds
Domain Reload Profiling: 1313ms
	BeginReloadAssembly (185ms)
		ExecutionOrderSort (0ms)
		DisableScriptedObjects (9ms)
		BackupInstance (0ms)
		ReleaseScriptingObjects (0ms)
		CreateAndSetChildDomain (41ms)
	RebuildCommonClasses (47ms)
	RebuildNativeTypeToScriptingClass (10ms)
	initialDomainReloadingComplete (27ms)
	LoadAllAssembliesAndSetupDomain (235ms)
		LoadAssemblies (263ms)
		RebuildTransferFunctionScriptingTraits (0ms)
		AnalyzeDomain (75ms)
			TypeCache.Refresh (5ms)
				TypeCache.ScanAssembly (0ms)
			BuildScriptInfoCaches (65ms)
			ResolveRequiredComponents (3ms)
	FinalizeReload (808ms)
		ReleaseScriptCaches (0ms)
		RebuildScriptCaches (0ms)
		SetupLoadedEditorAssemblies (598ms)
			LogAssemblyErrors (0ms)
			InitializePlatformSupportModulesInManaged (3ms)
			SetLoadedEditorAssemblies (5ms)
			BeforeProcessingInitializeOnLoad (45ms)
			ProcessInitializeOnLoadAttributes (332ms)
			ProcessInitializeOnLoadMethodAttributes (209ms)
			AfterProcessingInitializeOnLoad (4ms)
			EditorAssembliesLoaded (0ms)
		ExecutionOrderSort2 (0ms)
		AwakeInstancesAfterBackupRestoration (9ms)
Refreshing native plugins compatible for Editor in 0.70 ms, found 2 plugins.
Preloading 0 native plugins for Editor in 0.00 ms.
Unloading 0 Unused Serialized files (Serialized files now loaded: 0)
Unloading 1682 unused Assets / (349.0 KB). Loaded Objects now: 2286.
Memory consumption went from 92.2 MB to 91.9 MB.
Total: 6.244000 ms (FindLiveObjects: 0.188300 ms CreateObjectMapping: 0.070900 ms MarkObjects: 5.589900 ms  DeleteObjects: 0.394000 ms)

Prepare: number of updated asset objects reloaded= 0
========================================================================
Received Prepare
Begin MonoManager ReloadAssembly
- Loaded All Assemblies, in  0.407 seconds
Refreshing native plugins compatible for Editor in 0.83 ms, found 2 plugins.
Native extension for WindowsStandalone target not found
Mono: successfully reloaded assembly
- Finished resetting the current domain, in  0.680 seconds
Domain Reload Profiling: 1086ms
	BeginReloadAssembly (153ms)
		ExecutionOrderSort (0ms)
		DisableScriptedObjects (9ms)
		BackupInstance (0ms)
		ReleaseScriptingObjects (0ms)
		CreateAndSetChildDomain (37ms)
	RebuildCommonClasses (31ms)
	RebuildNativeTypeToScriptingClass (12ms)
	initialDomainReloadingComplete (19ms)
	LoadAllAssembliesAndSetupDomain (191ms)
		LoadAssemblies (211ms)
		RebuildTransferFunctionScriptingTraits (0ms)
		AnalyzeDomain (57ms)
			TypeCache.Refresh (4ms)
				TypeCache.ScanAssembly (0ms)
			BuildScriptInfoCaches (48ms)
			ResolveRequiredComponents (3ms)
	FinalizeReload (681ms)
		ReleaseScriptCaches (0ms)
		RebuildScriptCaches (0ms)
		SetupLoadedEditorAssemblies (509ms)
			LogAssemblyErrors (0ms)
			InitializePlatformSupportModulesInManaged (2ms)
			SetLoadedEditorAssemblies (3ms)
			BeforeProcessingInitializeOnLoad (45ms)
			ProcessInitializeOnLoadAttributes (268ms)
			ProcessInitializeOnLoadMethodAttributes (185ms)
			AfterProcessingInitializeOnLoad (6ms)
			EditorAssembliesLoaded (0ms)
		ExecutionOrderSort2 (0ms)
		AwakeInstancesAfterBackupRestoration (8ms)
Refreshing native plugins compatible for Editor in 0.66 ms, found 2 plugins.
Preloading 0 native plugins for Editor in 0.00 ms.
Unloading 0 Unused Serialized files (Serialized files now loaded: 0)
Unloading 1682 unused Assets / (308.0 KB). Loaded Objects now: 2286.
Memory consumption went from 92.2 MB to 91.9 MB.
Total: 4.035200 ms (FindLiveObjects: 0.161400 ms CreateObjectMapping: 0.070300 ms MarkObjects: 3.540100 ms  DeleteObjects: 0.262800 ms)

Prepare: number of updated asset objects reloaded= 0
========================================================================
Received Prepare
Begin MonoManager ReloadAssembly
- Loaded All Assemblies, in  0.422 seconds
Refreshing native plugins compatible for Editor in 0.63 ms, found 2 plugins.
Native extension for WindowsStandalone target not found
Mono: successfully reloaded assembly
- Finished resetting the current domain, in  0.650 seconds
Domain Reload Profiling: 1071ms
	BeginReloadAssembly (158ms)
		ExecutionOrderSort (0ms)
		DisableScriptedObjects (6ms)
		BackupInstance (0ms)
		ReleaseScriptingObjects (0ms)
		CreateAndSetChildDomain (34ms)
	RebuildCommonClasses (39ms)
	RebuildNativeTypeToScriptingClass (10ms)
	initialDomainReloadingComplete (21ms)
	LoadAllAssembliesAndSetupDomain (192ms)
		LoadAssemblies (228ms)
		RebuildTransferFunctionScriptingTraits (0ms)
		AnalyzeDomain (53ms)
			TypeCache.Refresh (3ms)
				TypeCache.ScanAssembly (0ms)
			BuildScriptInfoCaches (47ms)
			ResolveRequiredComponents (2ms)
	FinalizeReload (650ms)
		ReleaseScriptCaches (0ms)
		RebuildScriptCaches (0ms)
		SetupLoadedEditorAssemblies (472ms)
			LogAssemblyErrors (0ms)
			InitializePlatformSupportModulesInManaged (2ms)
			SetLoadedEditorAssemblies (3ms)
			BeforeProcessingInitializeOnLoad (33ms)
			ProcessInitializeOnLoadAttributes (261ms)
			ProcessInitializeOnLoadMethodAttributes (169ms)
			AfterProcessingInitializeOnLoad (4ms)
			EditorAssembliesLoaded (0ms)
		ExecutionOrderSort2 (0ms)
		AwakeInstancesAfterBackupRestoration (7ms)
Refreshing native plugins compatible for Editor in 0.73 ms, found 2 plugins.
Preloading 0 native plugins for Editor in 0.00 ms.
Unloading 0 Unused Serialized files (Serialized files now loaded: 0)
Unloading 1682 unused Assets / (326.8 KB). Loaded Objects now: 2286.
Memory consumption went from 92.3 MB to 91.9 MB.
Total: 4.277900 ms (FindLiveObjects: 0.167100 ms CreateObjectMapping: 0.139000 ms MarkObjects: 3.584400 ms  DeleteObjects: 0.386900 ms)

Prepare: number of updated asset objects reloaded= 0
========================================================================
Received Prepare
Begin MonoManager ReloadAssembly
- Loaded All Assemblies, in  0.449 seconds
Refreshing native plugins compatible for Editor in 0.72 ms, found 2 plugins.
Native extension for WindowsStandalone target not found
Mono: successfully reloaded assembly
- Finished resetting the current domain, in  0.689 seconds
Domain Reload Profiling: 1136ms
	BeginReloadAssembly (151ms)
		ExecutionOrderSort (0ms)
		DisableScriptedObjects (7ms)
		BackupInstance (0ms)
		ReleaseScriptingObjects (0ms)
		CreateAndSetChildDomain (31ms)
	RebuildCommonClasses (37ms)
	RebuildNativeTypeToScriptingClass (12ms)
	initialDomainReloadingComplete (20ms)
	LoadAllAssembliesAndSetupDomain (226ms)
		LoadAssemblies (245ms)
		RebuildTransferFunctionScriptingTraits (0ms)
		AnalyzeDomain (64ms)
			TypeCache.Refresh (4ms)
				TypeCache.ScanAssembly (0ms)
			BuildScriptInfoCaches (56ms)
			ResolveRequiredComponents (2ms)
	FinalizeReload (689ms)
		ReleaseScriptCaches (0ms)
		RebuildScriptCaches (0ms)
		SetupLoadedEditorAssemblies (518ms)
			LogAssemblyErrors (0ms)
			InitializePlatformSupportModulesInManaged (2ms)
			SetLoadedEditorAssemblies (3ms)
			BeforeProcessingInitializeOnLoad (30ms)
			ProcessInitializeOnLoadAttributes (285ms)
			ProcessInitializeOnLoadMethodAttributes (192ms)
			AfterProcessingInitializeOnLoad (5ms)
			EditorAssembliesLoaded (0ms)
		ExecutionOrderSort2 (0ms)
		AwakeInstancesAfterBackupRestoration (9ms)
Refreshing native plugins compatible for Editor in 0.66 ms, found 2 plugins.
Preloading 0 native plugins for Editor in 0.00 ms.
Unloading 0 Unused Serialized files (Serialized files now loaded: 0)
Unloading 1682 unused Assets / (331.6 KB). Loaded Objects now: 2286.
Memory consumption went from 92.3 MB to 91.9 MB.
Total: 4.133500 ms (FindLiveObjects: 0.161400 ms CreateObjectMapping: 0.068400 ms MarkObjects: 3.615300 ms  DeleteObjects: 0.287900 ms)

Prepare: number of updated asset objects reloaded= 0
========================================================================
Received Prepare
Begin MonoManager ReloadAssembly
- Loaded All Assemblies, in  0.403 seconds
Refreshing native plugins compatible for Editor in 0.71 ms, found 2 plugins.
Native extension for WindowsStandalone target not found
Mono: successfully reloaded assembly
- Finished resetting the current domain, in  0.665 seconds
Domain Reload Profiling: 1066ms
	BeginReloadAssembly (147ms)
		ExecutionOrderSort (0ms)
		DisableScriptedObjects (6ms)
		BackupInstance (0ms)
		ReleaseScriptingObjects (0ms)
		CreateAndSetChildDomain (32ms)
	RebuildCommonClasses (28ms)
	RebuildNativeTypeToScriptingClass (9ms)
	initialDomainReloadingComplete (21ms)
	LoadAllAssembliesAndSetupDomain (195ms)
		LoadAssemblies (217ms)
		RebuildTransferFunctionScriptingTraits (0ms)
		AnalyzeDomain (57ms)
			TypeCache.Refresh (4ms)
				TypeCache.ScanAssembly (0ms)
			BuildScriptInfoCaches (50ms)
			ResolveRequiredComponents (2ms)
	FinalizeReload (665ms)
		ReleaseScriptCaches (0ms)
		RebuildScriptCaches (0ms)
		SetupLoadedEditorAssemblies (497ms)
			LogAssemblyErrors (0ms)
			InitializePlatformSupportModulesInManaged (2ms)
			SetLoadedEditorAssemblies (3ms)
			BeforeProcessingInitializeOnLoad (37ms)
			ProcessInitializeOnLoadAttributes (269ms)
			ProcessInitializeOnLoadMethodAttributes (182ms)
			AfterProcessingInitializeOnLoad (3ms)
			EditorAssembliesLoaded (0ms)
		ExecutionOrderSort2 (0ms)
		AwakeInstancesAfterBackupRestoration (8ms)
Refreshing native plugins compatible for Editor in 0.69 ms, found 2 plugins.
Preloading 0 native plugins for Editor in 0.00 ms.
Unloading 0 Unused Serialized files (Serialized files now loaded: 0)
Unloading 1682 unused Assets / (347.9 KB). Loaded Objects now: 2286.
Memory consumption went from 92.3 MB to 91.9 MB.
Total: 4.451900 ms (FindLiveObjects: 0.161600 ms CreateObjectMapping: 0.067500 ms MarkObjects: 3.884900 ms  DeleteObjects: 0.336800 ms)

Prepare: number of updated asset objects reloaded= 0
========================================================================
Received Prepare
Begin MonoManager ReloadAssembly
- Loaded All Assemblies, in  0.487 seconds
Refreshing native plugins compatible for Editor in 1.09 ms, found 2 plugins.
Native extension for WindowsStandalone target not found
Mono: successfully reloaded assembly
- Finished resetting the current domain, in  0.761 seconds
Domain Reload Profiling: 1247ms
	BeginReloadAssembly (178ms)
		ExecutionOrderSort (0ms)
		DisableScriptedObjects (8ms)
		BackupInstance (0ms)
		ReleaseScriptingObjects (0ms)
		CreateAndSetChildDomain (41ms)
	RebuildCommonClasses (38ms)
	RebuildNativeTypeToScriptingClass (9ms)
	initialDomainReloadingComplete (25ms)
	LoadAllAssembliesAndSetupDomain (236ms)
		LoadAssemblies (254ms)
		RebuildTransferFunctionScriptingTraits (0ms)
		AnalyzeDomain (73ms)
			TypeCache.Refresh (7ms)
				TypeCache.ScanAssembly (0ms)
			BuildScriptInfoCaches (60ms)
			ResolveRequiredComponents (3ms)
	FinalizeReload (761ms)
		ReleaseScriptCaches (0ms)
		RebuildScriptCaches (0ms)
		SetupLoadedEditorAssemblies (583ms)
			LogAssemblyErrors (0ms)
			InitializePlatformSupportModulesInManaged (2ms)
			SetLoadedEditorAssemblies (5ms)
			BeforeProcessingInitializeOnLoad (46ms)
			ProcessInitializeOnLoadAttributes (328ms)
			ProcessInitializeOnLoadMethodAttributes (198ms)
			AfterProcessingInitializeOnLoad (3ms)
			EditorAssembliesLoaded (0ms)
		ExecutionOrderSort2 (0ms)
		AwakeInstancesAfterBackupRestoration (6ms)
Refreshing native plugins compatible for Editor in 0.64 ms, found 2 plugins.
Preloading 0 native plugins for Editor in 0.00 ms.
Unloading 0 Unused Serialized files (Serialized files now loaded: 0)
Unloading 1682 unused Assets / (320.6 KB). Loaded Objects now: 2286.
Memory consumption went from 92.3 MB to 92.0 MB.
Total: 4.064300 ms (FindLiveObjects: 0.170600 ms CreateObjectMapping: 0.075100 ms MarkObjects: 3.537600 ms  DeleteObjects: 0.280200 ms)

Prepare: number of updated asset objects reloaded= 0
========================================================================
Received Import Request.
  Time since last request: 2103.554106 seconds.
  path: Assets/Models/Misiu/19.png
  artifactKey: Guid(dbff20ea6e9401e4b8b6ecdc11e95c7c) Importer(815301076,1909f56bfc062723c751e8b465ee728b)
Start importing Assets/Models/Misiu/19.png using Guid(dbff20ea6e9401e4b8b6ecdc11e95c7c) Importer(815301076,1909f56bfc062723c751e8b465ee728b) (PreviewImporter)[PhysX] Initialized MultithreadedTaskDispatcher with 6 workers.
[PhysX] Initialized MultithreadedTaskDispatcher with 6 workers.
 -> (artifact id: '085af0614559304033f23a05faf65556') in 0.0743319 seconds
Number of updated asset objects reloaded before import = 0Number of asset objects unloaded after import = 3

========================================================================
Received Import Request.
  Time since last request: 0.000012 seconds.
  path: Assets/Models/Misiu/21.png
  artifactKey: Guid(e2d07dfdeccfcc64ab0661046f62f2cf) Importer(815301076,1909f56bfc062723c751e8b465ee728b)
Start importing Assets/Models/Misiu/21.png using Guid(e2d07dfdeccfcc64ab0661046f62f2cf) Importer(815301076,1909f56bfc062723c751e8b465ee728b) (PreviewImporter)[PhysX] Initialized MultithreadedTaskDispatcher with 6 workers.
[PhysX] Initialized MultithreadedTaskDispatcher with 6 workers.
 -> (artifact id: 'a1089c5393e54928589cdf71cf097333') in 0.0098473 seconds
Number of updated asset objects reloaded before import = 0Number of asset objects unloaded after import = 3

========================================================================
Received Import Request.
  Time since last request: 0.000013 seconds.
  path: Assets/Models/GIraffe/29.png
  artifactKey: Guid(a91ad5de26360114ab30af6808f678e7) Importer(815301076,1909f56bfc062723c751e8b465ee728b)
Start importing Assets/Models/GIraffe/29.png using Guid(a91ad5de26360114ab30af6808f678e7) Importer(815301076,1909f56bfc062723c751e8b465ee728b) (PreviewImporter)[PhysX] Initialized MultithreadedTaskDispatcher with 6 workers.
[PhysX] Initialized MultithreadedTaskDispatcher with 6 workers.
 -> (artifact id: '0c622b10d4f697284c50c65367f1088d') in 0.011991 seconds
Number of updated asset objects reloaded before import = 0Number of asset objects unloaded after import = 3

========================================================================
Received Import Request.
  Time since last request: 0.000012 seconds.
  path: Assets/Models/Motyl/25.png
  artifactKey: Guid(4a279a2fd4c83b643af402b97f4653df) Importer(815301076,1909f56bfc062723c751e8b465ee728b)
Start importing Assets/Models/Motyl/25.png using Guid(4a279a2fd4c83b643af402b97f4653df) Importer(815301076,1909f56bfc062723c751e8b465ee728b) (PreviewImporter)[PhysX] Initialized MultithreadedTaskDispatcher with 6 workers.
[PhysX] Initialized MultithreadedTaskDispatcher with 6 workers.
 -> (artifact id: '0411d2338c9a0e10fb988a83eea3e2f7') in 0.0125153 seconds
Number of updated asset objects reloaded before import = 0Number of asset objects unloaded after import = 3

========================================================================
Received Import Request.
  Time since last request: 0.000013 seconds.
  path: Assets/Models/Misiu/37.png
  artifactKey: Guid(6852569bf2b6d6f409357e08126cf4bc) Importer(815301076,1909f56bfc062723c751e8b465ee728b)
Start importing Assets/Models/Misiu/37.png using Guid(6852569bf2b6d6f409357e08126cf4bc) Importer(815301076,1909f56bfc062723c751e8b465ee728b) (PreviewImporter)[PhysX] Initialized MultithreadedTaskDispatcher with 6 workers.
[PhysX] Initialized MultithreadedTaskDispatcher with 6 workers.
 -> (artifact id: 'f25433177436bb4fef89b3d8789d8ca8') in 0.0115115 seconds
Number of updated asset objects reloaded before import = 0Number of asset objects unloaded after import = 3

========================================================================
Received Import Request.
  Time since last request: 0.000015 seconds.
  path: Assets/Models/Motyl/26.png
  artifactKey: Guid(9d916bb03ab7687418dbffa853db3484) Importer(815301076,1909f56bfc062723c751e8b465ee728b)
Start importing Assets/Models/Motyl/26.png using Guid(9d916bb03ab7687418dbffa853db3484) Importer(815301076,1909f56bfc062723c751e8b465ee728b) (PreviewImporter)[PhysX] Initialized MultithreadedTaskDispatcher with 6 workers.
[PhysX] Initialized MultithreadedTaskDispatcher with 6 workers.
 -> (artifact id: '81ff9b8721be50ec592a670c11c10923') in 0.0105126 seconds
Number of updated asset objects reloaded before import = 0Number of asset objects unloaded after import = 3

========================================================================
Received Import Request.
  Time since last request: 0.000013 seconds.
  path: Assets/Models/Misiu/27.png
  artifactKey: Guid(a46befc0c5a525544b141d54459c7503) Importer(815301076,1909f56bfc062723c751e8b465ee728b)
Start importing Assets/Models/Misiu/27.png using Guid(a46befc0c5a525544b141d54459c7503) Importer(815301076,1909f56bfc062723c751e8b465ee728b) (PreviewImporter)[PhysX] Initialized MultithreadedTaskDispatcher with 6 workers.
[PhysX] Initialized MultithreadedTaskDispatcher with 6 workers.
 -> (artifact id: 'bc5fc889d498d5ace150dd06aa79be0c') in 0.0150112 seconds
Number of updated asset objects reloaded before import = 0Number of asset objects unloaded after import = 3

========================================================================
Received Import Request.
  Time since last request: 0.000014 seconds.
  path: Assets/Models/Misiu/24.png
  artifactKey: Guid(ad4f2d9f88ce02e4eba08a397010a55b) Importer(815301076,1909f56bfc062723c751e8b465ee728b)
Start importing Assets/Models/Misiu/24.png using Guid(ad4f2d9f88ce02e4eba08a397010a55b) Importer(815301076,1909f56bfc062723c751e8b465ee728b) (PreviewImporter)[PhysX] Initialized MultithreadedTaskDispatcher with 6 workers.
[PhysX] Initialized MultithreadedTaskDispatcher with 6 workers.
 -> (artifact id: 'ebbba3029a8b3355502dc034aa99104c') in 0.0137931 seconds
Number of updated asset objects reloaded before import = 0Number of asset objects unloaded after import = 3

========================================================================
Received Import Request.
  Time since last request: 0.000014 seconds.
  path: Assets/FreeButtonSet/Textures/icons/32x32/arrow_down.png
  artifactKey: Guid(ca6ff084116929e41a747403f15f808e) Importer(815301076,1909f56bfc062723c751e8b465ee728b)
Start importing Assets/FreeButtonSet/Textures/icons/32x32/arrow_down.png using Guid(ca6ff084116929e41a747403f15f808e) Importer(815301076,1909f56bfc062723c751e8b465ee728b) (PreviewImporter)[PhysX] Initialized MultithreadedTaskDispatcher with 6 workers.
[PhysX] Initialized MultithreadedTaskDispatcher with 6 workers.
 -> (artifact id: '5a2d0eee11c3fa9fa5b3a1db92f0781f') in 0.0122606 seconds
Number of updated asset objects reloaded before import = 0Number of asset objects unloaded after import = 3

========================================================================
Received Import Request.
  Time since last request: 0.000015 seconds.
  path: Assets/FreeButtonSet/Textures/icons/64x64/arrow_down.png
  artifactKey: Guid(9c3d15adfbc21d64683a6553e1330d99) Importer(815301076,1909f56bfc062723c751e8b465ee728b)
Start importing Assets/FreeButtonSet/Textures/icons/64x64/arrow_down.png using Guid(9c3d15adfbc21d64683a6553e1330d99) Importer(815301076,1909f56bfc062723c751e8b465ee728b) (PreviewImporter)[PhysX] Initialized MultithreadedTaskDispatcher with 6 workers.
[PhysX] Initialized MultithreadedTaskDispatcher with 6 workers.
 -> (artifact id: 'a886fb59fac25b34fcd54c0d2f4d6320') in 0.0130335 seconds
Number of updated asset objects reloaded before import = 0Number of asset objects unloaded after import = 3

========================================================================
Received Import Request.
  Time since last request: 0.000018 seconds.
  path: Assets/Models/Misiu/35.png
  artifactKey: Guid(f9e79bdf18ccc244797b700ddd7ed26b) Importer(815301076,1909f56bfc062723c751e8b465ee728b)
Start importing Assets/Models/Misiu/35.png using Guid(f9e79bdf18ccc244797b700ddd7ed26b) Importer(815301076,1909f56bfc062723c751e8b465ee728b) (PreviewImporter)[PhysX] Initialized MultithreadedTaskDispatcher with 6 workers.
[PhysX] Initialized MultithreadedTaskDispatcher with 6 workers.
 -> (artifact id: '032029cbd36f077c82aff8d8286031a6') in 0.0123907 seconds
Number of updated asset objects reloaded before import = 0Number of asset objects unloaded after import = 3

========================================================================
Received Import Request.
  Time since last request: 0.000017 seconds.
  path: Assets/Models/Misiu/33.png
  artifactKey: Guid(d936b931e12dc73479e6fbd55a26d302) Importer(815301076,1909f56bfc062723c751e8b465ee728b)
Start importing Assets/Models/Misiu/33.png using Guid(d936b931e12dc73479e6fbd55a26d302) Importer(815301076,1909f56bfc062723c751e8b465ee728b) (PreviewImporter)[PhysX] Initialized MultithreadedTaskDispatcher with 6 workers.
[PhysX] Initialized MultithreadedTaskDispatcher with 6 workers.
 -> (artifact id: 'e22d0a4553489286755ade0afefd88e2') in 0.0123746 seconds
Number of updated asset objects reloaded before import = 0Number of asset objects unloaded after import = 3

========================================================================
Received Import Request.
  Time since last request: 0.000018 seconds.
  path: Assets/Models/GIraffe/25.png
  artifactKey: Guid(602d7801db3fae04ebf187d79aaee4b3) Importer(815301076,1909f56bfc062723c751e8b465ee728b)
Start importing Assets/Models/GIraffe/25.png using Guid(602d7801db3fae04ebf187d79aaee4b3) Importer(815301076,1909f56bfc062723c751e8b465ee728b) (PreviewImporter)[PhysX] Initialized MultithreadedTaskDispatcher with 6 workers.
[PhysX] Initialized MultithreadedTaskDispatcher with 6 workers.
 -> (artifact id: '2cc13af6bab0f2c7e0b24d2affa3ea32') in 0.0112467 seconds
Number of updated asset objects reloaded before import = 0Number of asset objects unloaded after import = 3

========================================================================
Received Import Request.
  Time since last request: 0.000017 seconds.
  path: Assets/Models/GIraffe/26.png
  artifactKey: Guid(72172c28b82db3344bcc9636d850e3f4) Importer(815301076,1909f56bfc062723c751e8b465ee728b)
Start importing Assets/Models/GIraffe/26.png using Guid(72172c28b82db3344bcc9636d850e3f4) Importer(815301076,1909f56bfc062723c751e8b465ee728b) (PreviewImporter)[PhysX] Initialized MultithreadedTaskDispatcher with 6 workers.
[PhysX] Initialized MultithreadedTaskDispatcher with 6 workers.
 -> (artifact id: '7aced986b8c78ed72d419754300ad9d4') in 0.0104861 seconds
Number of updated asset objects reloaded before import = 0Number of asset objects unloaded after import = 3

========================================================================
Received Import Request.
  Time since last request: 0.000018 seconds.
  path: Assets/Models/Misiu/40.png
  artifactKey: Guid(da3535230194d5e4abd01d5f9469c535) Importer(815301076,1909f56bfc062723c751e8b465ee728b)
Start importing Assets/Models/Misiu/40.png using Guid(da3535230194d5e4abd01d5f9469c535) Importer(815301076,1909f56bfc062723c751e8b465ee728b) (PreviewImporter)[PhysX] Initialized MultithreadedTaskDispatcher with 6 workers.
[PhysX] Initialized MultithreadedTaskDispatcher with 6 workers.
 -> (artifact id: 'cd2399659e13fa19dcfc7b738a9d9ea2') in 0.0138347 seconds
Number of updated asset objects reloaded before import = 0Number of asset objects unloaded after import = 3

========================================================================
Received Import Request.
  Time since last request: 0.000013 seconds.
  path: Assets/Models/Misiu/20.png
  artifactKey: Guid(a146550916b73ce43892ae34443af2a9) Importer(815301076,1909f56bfc062723c751e8b465ee728b)
Start importing Assets/Models/Misiu/20.png using Guid(a146550916b73ce43892ae34443af2a9) Importer(815301076,1909f56bfc062723c751e8b465ee728b) (PreviewImporter)[PhysX] Initialized MultithreadedTaskDispatcher with 6 workers.
[PhysX] Initialized MultithreadedTaskDispatcher with 6 workers.
 -> (artifact id: '48b33934e768305a00aa1cd906a11c98') in 0.0136213 seconds
Number of updated asset objects reloaded before import = 0Number of asset objects unloaded after import = 3

========================================================================
Received Import Request.
  Time since last request: 0.000014 seconds.
  path: Assets/Models/Motyl/24.png
  artifactKey: Guid(3d32fbc0af769a04caefd2962f39c33a) Importer(815301076,1909f56bfc062723c751e8b465ee728b)
Start importing Assets/Models/Motyl/24.png using Guid(3d32fbc0af769a04caefd2962f39c33a) Importer(815301076,1909f56bfc062723c751e8b465ee728b) (PreviewImporter)[PhysX] Initialized MultithreadedTaskDispatcher with 6 workers.
[PhysX] Initialized MultithreadedTaskDispatcher with 6 workers.
 -> (artifact id: '74cd6045afadb737eb27bd519a21e7d0') in 0.0116934 seconds
Number of updated asset objects reloaded before import = 0Number of asset objects unloaded after import = 3

========================================================================
Received Import Request.
  Time since last request: 0.000012 seconds.
  path: Assets/Models/GIraffe/28.png
  artifactKey: Guid(4c7e6613f3b69864cb25a0d13b3a48f8) Importer(815301076,1909f56bfc062723c751e8b465ee728b)
Start importing Assets/Models/GIraffe/28.png using Guid(4c7e6613f3b69864cb25a0d13b3a48f8) Importer(815301076,1909f56bfc062723c751e8b465ee728b) (PreviewImporter)[PhysX] Initialized MultithreadedTaskDispatcher with 6 workers.
[PhysX] Initialized MultithreadedTaskDispatcher with 6 workers.
 -> (artifact id: '44bcaa9de5a889be3fba676958c500a8') in 0.0130424 seconds
Number of updated asset objects reloaded before import = 0Number of asset objects unloaded after import = 3

========================================================================
Received Import Request.
  Time since last request: 0.000013 seconds.
  path: Assets/Models/Misiu/29.png
  artifactKey: Guid(636a27e1d88bc9442b110029c50bc6e5) Importer(815301076,1909f56bfc062723c751e8b465ee728b)
Start importing Assets/Models/Misiu/29.png using Guid(636a27e1d88bc9442b110029c50bc6e5) Importer(815301076,1909f56bfc062723c751e8b465ee728b) (PreviewImporter)[PhysX] Initialized MultithreadedTaskDispatcher with 6 workers.
[PhysX] Initialized MultithreadedTaskDispatcher with 6 workers.
 -> (artifact id: '727984376ee8bf17057ad91bc45d67f8') in 0.0111009 seconds
Number of updated asset objects reloaded before import = 0Number of asset objects unloaded after import = 3

========================================================================
Received Import Request.
  Time since last request: 0.000013 seconds.
  path: Assets/Models/GIraffe/23.png
  artifactKey: Guid(73dccb225e26c0b43b2acbcc2e4edaa9) Importer(815301076,1909f56bfc062723c751e8b465ee728b)
Start importing Assets/Models/GIraffe/23.png using Guid(73dccb225e26c0b43b2acbcc2e4edaa9) Importer(815301076,1909f56bfc062723c751e8b465ee728b) (PreviewImporter)[PhysX] Initialized MultithreadedTaskDispatcher with 6 workers.
[PhysX] Initialized MultithreadedTaskDispatcher with 6 workers.
 -> (artifact id: 'afb46211466933929c737a209f571e26') in 0.0093582 seconds
Number of updated asset objects reloaded before import = 0Number of asset objects unloaded after import = 3

========================================================================
Received Import Request.
  Time since last request: 0.000015 seconds.
  path: Assets/Models/Misiu/30.png
  artifactKey: Guid(c7ab35949e4c1d64d8d4ca0abe1c9ba7) Importer(815301076,1909f56bfc062723c751e8b465ee728b)
Start importing Assets/Models/Misiu/30.png using Guid(c7ab35949e4c1d64d8d4ca0abe1c9ba7) Importer(815301076,1909f56bfc062723c751e8b465ee728b) (PreviewImporter)[PhysX] Initialized MultithreadedTaskDispatcher with 6 workers.
[PhysX] Initialized MultithreadedTaskDispatcher with 6 workers.
 -> (artifact id: '33dbe956ac751020ccde6019fae8bf68') in 0.0136861 seconds
Number of updated asset objects reloaded before import = 0Number of asset objects unloaded after import = 3

========================================================================
Received Import Request.
  Time since last request: 0.000018 seconds.
  path: Assets/Models/GIraffe/31.png
  artifactKey: Guid(8c2eb257cc8b08c4e97deede2da8f4cb) Importer(815301076,1909f56bfc062723c751e8b465ee728b)
Start importing Assets/Models/GIraffe/31.png using Guid(8c2eb257cc8b08c4e97deede2da8f4cb) Importer(815301076,1909f56bfc062723c751e8b465ee728b) (PreviewImporter)[PhysX] Initialized MultithreadedTaskDispatcher with 6 workers.
[PhysX] Initialized MultithreadedTaskDispatcher with 6 workers.
 -> (artifact id: 'ae041b808ac6adaa0cc6676f28f43759') in 0.013309 seconds
Number of updated asset objects reloaded before import = 0Number of asset objects unloaded after import = 3

========================================================================
Received Import Request.
  Time since last request: 0.000016 seconds.
  path: Assets/Models/GIraffe/20.png
  artifactKey: Guid(fe61eb8cda514c84e848790f26f1bc37) Importer(815301076,1909f56bfc062723c751e8b465ee728b)
Start importing Assets/Models/GIraffe/20.png using Guid(fe61eb8cda514c84e848790f26f1bc37) Importer(815301076,1909f56bfc062723c751e8b465ee728b) (PreviewImporter)[PhysX] Initialized MultithreadedTaskDispatcher with 6 workers.
[PhysX] Initialized MultithreadedTaskDispatcher with 6 workers.
 -> (artifact id: '30e4893abef96e99e76af071f1042edc') in 0.0142517 seconds
Number of updated asset objects reloaded before import = 0Number of asset objects unloaded after import = 3

========================================================================
Received Import Request.
  Time since last request: 0.000017 seconds.
  path: Assets/Models/Motyl/22.png
  artifactKey: Guid(c4ef2f87267d88743bfab1952c0e965c) Importer(815301076,1909f56bfc062723c751e8b465ee728b)
Start importing Assets/Models/Motyl/22.png using Guid(c4ef2f87267d88743bfab1952c0e965c) Importer(815301076,1909f56bfc062723c751e8b465ee728b) (PreviewImporter)[PhysX] Initialized MultithreadedTaskDispatcher with 6 workers.
[PhysX] Initialized MultithreadedTaskDispatcher with 6 workers.
 -> (artifact id: '360fc2412c5f9626a60422e31190ab9c') in 0.0118147 seconds
Number of updated asset objects reloaded before import = 0Number of asset objects unloaded after import = 3

========================================================================
Received Import Request.
  Time since last request: 0.000014 seconds.
  path: Assets/Models/Misiu/28.png
  artifactKey: Guid(e4e335e66b70de243a0e31eae741fea1) Importer(815301076,1909f56bfc062723c751e8b465ee728b)
Start importing Assets/Models/Misiu/28.png using Guid(e4e335e66b70de243a0e31eae741fea1) Importer(815301076,1909f56bfc062723c751e8b465ee728b) (PreviewImporter)[PhysX] Initialized MultithreadedTaskDispatcher with 6 workers.
[PhysX] Initialized MultithreadedTaskDispatcher with 6 workers.
 -> (artifact id: '3b45bcd8c7ecb4a6038767ec5783263d') in 0.0135714 seconds
Number of updated asset objects reloaded before import = 0Number of asset objects unloaded after import = 3

========================================================================
Received Import Request.
  Time since last request: 2.203619 seconds.
  path: Assets/FreeButtonSet/Textures/icons/128x128/arrow_left.png
  artifactKey: Guid(d31115fa9cb67004b96bc76f48802b9f) Importer(815301076,1909f56bfc062723c751e8b465ee728b)
Start importing Assets/FreeButtonSet/Textures/icons/128x128/arrow_left.png using Guid(d31115fa9cb67004b96bc76f48802b9f) Importer(815301076,1909f56bfc062723c751e8b465ee728b) (PreviewImporter)[PhysX] Initialized MultithreadedTaskDispatcher with 6 workers.
[PhysX] Initialized MultithreadedTaskDispatcher with 6 workers.
 -> (artifact id: '80d0d07912ad0cd11536cf349cec2022') in 0.015225 seconds
Number of updated asset objects reloaded before import = 0Number of asset objects unloaded after import = 3

========================================================================
Received Import Request.
  Time since last request: 0.000012 seconds.
  path: Assets/FreeButtonSet/Textures/icons/128x128/arrow_right.png
  artifactKey: Guid(01d7b388e7827ca45a56bd1b632ffde1) Importer(815301076,1909f56bfc062723c751e8b465ee728b)
Start importing Assets/FreeButtonSet/Textures/icons/128x128/arrow_right.png using Guid(01d7b388e7827ca45a56bd1b632ffde1) Importer(815301076,1909f56bfc062723c751e8b465ee728b) (PreviewImporter)[PhysX] Initialized MultithreadedTaskDispatcher with 6 workers.
[PhysX] Initialized MultithreadedTaskDispatcher with 6 workers.
 -> (artifact id: '5fb4a994561e0aad0e5e960ea98c01e7') in 0.0134618 seconds
Number of updated asset objects reloaded before import = 0Number of asset objects unloaded after import = 3

========================================================================
Received Import Request.
  Time since last request: 0.000014 seconds.
  path: Assets/FreeButtonSet/Textures/icons/256x256/arrow_left.png
  artifactKey: Guid(98d20fe739e52024d8acf8e32bf24b1c) Importer(815301076,1909f56bfc062723c751e8b465ee728b)
Start importing Assets/FreeButtonSet/Textures/icons/256x256/arrow_left.png using Guid(98d20fe739e52024d8acf8e32bf24b1c) Importer(815301076,1909f56bfc062723c751e8b465ee728b) (PreviewImporter)[PhysX] Initialized MultithreadedTaskDispatcher with 6 workers.
[PhysX] Initialized MultithreadedTaskDispatcher with 6 workers.
 -> (artifact id: '188d26fbf482cec93f6dd741a433ae22') in 0.0133542 seconds
Number of updated asset objects reloaded before import = 0Number of asset objects unloaded after import = 3

========================================================================
Received Import Request.
  Time since last request: 0.061109 seconds.
  path: Assets/FreeButtonSet/Textures/icons/128x128/arrow_up.png
  artifactKey: Guid(9e197a1515abdbc4b91281eee95e8b33) Importer(815301076,1909f56bfc062723c751e8b465ee728b)
Start importing Assets/FreeButtonSet/Textures/icons/128x128/arrow_up.png using Guid(9e197a1515abdbc4b91281eee95e8b33) Importer(815301076,1909f56bfc062723c751e8b465ee728b) (PreviewImporter)[PhysX] Initialized MultithreadedTaskDispatcher with 6 workers.
[PhysX] Initialized MultithreadedTaskDispatcher with 6 workers.
 -> (artifact id: '124deefe3cd53c28927c588b94a94ede') in 0.010239 seconds
Number of updated asset objects reloaded before import = 0Number of asset objects unloaded after import = 3

========================================================================
Received Import Request.
  Time since last request: 0.000015 seconds.
  path: Assets/FreeButtonSet/Textures/buttons/button_150.png
  artifactKey: Guid(cbb5f8f07e6166b4b9b2180a807d81de) Importer(815301076,1909f56bfc062723c751e8b465ee728b)
Start importing Assets/FreeButtonSet/Textures/buttons/button_150.png using Guid(cbb5f8f07e6166b4b9b2180a807d81de) Importer(815301076,1909f56bfc062723c751e8b465ee728b) (PreviewImporter)[PhysX] Initialized MultithreadedTaskDispatcher with 6 workers.
[PhysX] Initialized MultithreadedTaskDispatcher with 6 workers.
 -> (artifact id: 'a09b90846c02ac709b102d646fe129d5') in 0.0137413 seconds
Number of updated asset objects reloaded before import = 0Number of asset objects unloaded after import = 3

========================================================================
Received Import Request.
  Time since last request: 0.000016 seconds.
  path: Assets/FreeButtonSet/Textures/buttons/button_round_320.png
  artifactKey: Guid(ed53cef80c26e89409c8c93941be088c) Importer(815301076,1909f56bfc062723c751e8b465ee728b)
Start importing Assets/FreeButtonSet/Textures/buttons/button_round_320.png using Guid(ed53cef80c26e89409c8c93941be088c) Importer(815301076,1909f56bfc062723c751e8b465ee728b) (PreviewImporter)[PhysX] Initialized MultithreadedTaskDispatcher with 6 workers.
[PhysX] Initialized MultithreadedTaskDispatcher with 6 workers.
 -> (artifact id: '749d0e61ea3cf88e0078a01f6ebac594') in 0.0150493 seconds
Number of updated asset objects reloaded before import = 0Number of asset objects unloaded after import = 3

========================================================================
Received Import Request.
  Time since last request: 0.000016 seconds.
  path: Assets/FreeButtonSet/Textures/buttons/button_round_130.png
  artifactKey: Guid(0dcdf5b7debd4ba4492217e4975c965e) Importer(815301076,1909f56bfc062723c751e8b465ee728b)
Start importing Assets/FreeButtonSet/Textures/buttons/button_round_130.png using Guid(0dcdf5b7debd4ba4492217e4975c965e) Importer(815301076,1909f56bfc062723c751e8b465ee728b) (PreviewImporter)[PhysX] Initialized MultithreadedTaskDispatcher with 6 workers.
[PhysX] Initialized MultithreadedTaskDispatcher with 6 workers.
 -> (artifact id: '390ceba7fead4544a93c556568b87321') in 0.0117102 seconds
Number of updated asset objects reloaded before import = 0Number of asset objects unloaded after import = 3

========================================================================
Received Import Request.
  Time since last request: 0.000021 seconds.
  path: Assets/UI/Pencils/Brown.png
  artifactKey: Guid(dd81f67eecae62a4ba73647df8665396) Importer(815301076,1909f56bfc062723c751e8b465ee728b)
Start importing Assets/UI/Pencils/Brown.png using Guid(dd81f67eecae62a4ba73647df8665396) Importer(815301076,1909f56bfc062723c751e8b465ee728b) (PreviewImporter)[PhysX] Initialized MultithreadedTaskDispatcher with 6 workers.
[PhysX] Initialized MultithreadedTaskDispatcher with 6 workers.
 -> (artifact id: '4c849624d780e7defa286ffedfa5b23d') in 0.0109285 seconds
Number of updated asset objects reloaded before import = 0Number of asset objects unloaded after import = 3

========================================================================
Received Import Request.
  Time since last request: 0.000013 seconds.
  path: Assets/FullTiltBoogie/Materials/Textures/dust-circ.png
  artifactKey: Guid(a28bc555dc8a64f99b3a20d572057df7) Importer(815301076,1909f56bfc062723c751e8b465ee728b)
Start importing Assets/FullTiltBoogie/Materials/Textures/dust-circ.png using Guid(a28bc555dc8a64f99b3a20d572057df7) Importer(815301076,1909f56bfc062723c751e8b465ee728b) (PreviewImporter)[PhysX] Initialized MultithreadedTaskDispatcher with 6 workers.
[PhysX] Initialized MultithreadedTaskDispatcher with 6 workers.
 -> (artifact id: '8d17601e876cfa42096a3c62136ee78c') in 0.0144522 seconds
Number of updated asset objects reloaded before import = 0Number of asset objects unloaded after import = 2

========================================================================
Received Import Request.
  Time since last request: 0.000016 seconds.
  path: Assets/UI/Pencils/Eraser.png
  artifactKey: Guid(9e1521f797ddd944381a0ce312a3df76) Importer(815301076,1909f56bfc062723c751e8b465ee728b)
Start importing Assets/UI/Pencils/Eraser.png using Guid(9e1521f797ddd944381a0ce312a3df76) Importer(815301076,1909f56bfc062723c751e8b465ee728b) (PreviewImporter)[PhysX] Initialized MultithreadedTaskDispatcher with 6 workers.
[PhysX] Initialized MultithreadedTaskDispatcher with 6 workers.
 -> (artifact id: 'd04c42166117f37628207d059a6abdf2') in 0.0124953 seconds
Number of updated asset objects reloaded before import = 0Number of asset objects unloaded after import = 3

========================================================================
Received Import Request.
  Time since last request: 0.000013 seconds.
  path: Assets/UI/Pencils/Black.png
  artifactKey: Guid(9d877533f8ac0c8438b44e47c6fdbc83) Importer(815301076,1909f56bfc062723c751e8b465ee728b)
Start importing Assets/UI/Pencils/Black.png using Guid(9d877533f8ac0c8438b44e47c6fdbc83) Importer(815301076,1909f56bfc062723c751e8b465ee728b) (PreviewImporter)[PhysX] Initialized MultithreadedTaskDispatcher with 6 workers.
[PhysX] Initialized MultithreadedTaskDispatcher with 6 workers.
 -> (artifact id: 'bb7af631e406a311337ac78d22fc4ec7') in 0.0118213 seconds
Number of updated asset objects reloaded before import = 0Number of asset objects unloaded after import = 3

========================================================================
Received Import Request.
  Time since last request: 0.000013 seconds.
  path: Assets/UI/cameraIcon.png
  artifactKey: Guid(5475636cd7b288d4f9d9cc2ba13024ef) Importer(815301076,1909f56bfc062723c751e8b465ee728b)
Start importing Assets/UI/cameraIcon.png using Guid(5475636cd7b288d4f9d9cc2ba13024ef) Importer(815301076,1909f56bfc062723c751e8b465ee728b) (PreviewImporter)[PhysX] Initialized MultithreadedTaskDispatcher with 6 workers.
[PhysX] Initialized MultithreadedTaskDispatcher with 6 workers.
 -> (artifact id: '79c96143bdc345a960295502d8d2ea31') in 0.0122117 seconds
Number of updated asset objects reloaded before import = 0Number of asset objects unloaded after import = 3

========================================================================
Received Import Request.
  Time since last request: 0.000014 seconds.
  path: Assets/UI/Pencils/Gray.png
  artifactKey: Guid(80c89667ba1db554da90317372d5a630) Importer(815301076,1909f56bfc062723c751e8b465ee728b)
Start importing Assets/UI/Pencils/Gray.png using Guid(80c89667ba1db554da90317372d5a630) Importer(815301076,1909f56bfc062723c751e8b465ee728b) (PreviewImporter)[PhysX] Initialized MultithreadedTaskDispatcher with 6 workers.
[PhysX] Initialized MultithreadedTaskDispatcher with 6 workers.
 -> (artifact id: 'f3701d07735b90d6373e0e253187e632') in 0.0107231 seconds
Number of updated asset objects reloaded before import = 0Number of asset objects unloaded after import = 3

========================================================================
Received Import Request.
  Time since last request: 0.000013 seconds.
  path: Assets/FreeButtonSet/Textures/icons/256x256/heart.png
  artifactKey: Guid(1f9a4714dfc315d48b8e91e5453067ae) Importer(815301076,1909f56bfc062723c751e8b465ee728b)
Start importing Assets/FreeButtonSet/Textures/icons/256x256/heart.png using Guid(1f9a4714dfc315d48b8e91e5453067ae) Importer(815301076,1909f56bfc062723c751e8b465ee728b) (PreviewImporter)[PhysX] Initialized MultithreadedTaskDispatcher with 6 workers.
[PhysX] Initialized MultithreadedTaskDispatcher with 6 workers.
 -> (artifact id: 'f963c9d645d61b183bed030fd4311069') in 0.013292 seconds
Number of updated asset objects reloaded before import = 0Number of asset objects unloaded after import = 3

========================================================================
Received Import Request.
  Time since last request: 0.000014 seconds.
  path: Assets/FreeButtonSet/Textures/icons/32x32/info.png
  artifactKey: Guid(43582e3299335f14fb912e3fbc60e193) Importer(815301076,1909f56bfc062723c751e8b465ee728b)
Start importing Assets/FreeButtonSet/Textures/icons/32x32/info.png using Guid(43582e3299335f14fb912e3fbc60e193) Importer(815301076,1909f56bfc062723c751e8b465ee728b) (PreviewImporter)[PhysX] Initialized MultithreadedTaskDispatcher with 6 workers.
[PhysX] Initialized MultithreadedTaskDispatcher with 6 workers.
 -> (artifact id: '6b0225c78b372423ad691073ef33b11c') in 0.0129073 seconds
Number of updated asset objects reloaded before import = 0Number of asset objects unloaded after import = 3

========================================================================
Received Import Request.
  Time since last request: 0.000055 seconds.
  path: Assets/FullTiltBoogie/Materials/Textures/hex.png
  artifactKey: Guid(c58f8e89fc22a4aa6b53f4c0a7f2a228) Importer(815301076,1909f56bfc062723c751e8b465ee728b)
Start importing Assets/FullTiltBoogie/Materials/Textures/hex.png using Guid(c58f8e89fc22a4aa6b53f4c0a7f2a228) Importer(815301076,1909f56bfc062723c751e8b465ee728b) (PreviewImporter)[PhysX] Initialized MultithreadedTaskDispatcher with 6 workers.
[PhysX] Initialized MultithreadedTaskDispatcher with 6 workers.
 -> (artifact id: '54eda34b66727c4b419b68b721b1f59c') in 0.0121384 seconds
Number of updated asset objects reloaded before import = 0Number of asset objects unloaded after import = 2

========================================================================
Received Import Request.
  Time since last request: 0.000030 seconds.
  path: Assets/FreeButtonSet/Textures/icons/256x256/minus.png
  artifactKey: Guid(6d3df38cd65ff494387432fd56427bde) Importer(815301076,1909f56bfc062723c751e8b465ee728b)
Start importing Assets/FreeButtonSet/Textures/icons/256x256/minus.png using Guid(6d3df38cd65ff494387432fd56427bde) Importer(815301076,1909f56bfc062723c751e8b465ee728b) (PreviewImporter)[PhysX] Initialized MultithreadedTaskDispatcher with 6 workers.
[PhysX] Initialized MultithreadedTaskDispatcher with 6 workers.
 -> (artifact id: 'ed941288bc0ecbfccb02ded9fbcca4d1') in 0.0095601 seconds
Number of updated asset objects reloaded before import = 0Number of asset objects unloaded after import = 3

========================================================================
Received Import Request.
  Time since last request: 0.000017 seconds.
  path: Assets/FreeButtonSet/Textures/icons/64x64/minus.png
  artifactKey: Guid(8d3f1901246a92d4e9ba3f2a8b1c1c2c) Importer(815301076,1909f56bfc062723c751e8b465ee728b)
Start importing Assets/FreeButtonSet/Textures/icons/64x64/minus.png using Guid(8d3f1901246a92d4e9ba3f2a8b1c1c2c) Importer(815301076,1909f56bfc062723c751e8b465ee728b) (PreviewImporter)[PhysX] Initialized MultithreadedTaskDispatcher with 6 workers.
[PhysX] Initialized MultithreadedTaskDispatcher with 6 workers.
 -> (artifact id: 'aa4ef7a0cbbd25f351c876eeaa419dc6') in 0.0120129 seconds
Number of updated asset objects reloaded before import = 0Number of asset objects unloaded after import = 3

========================================================================
Received Import Request.
  Time since last request: 0.000018 seconds.
  path: Assets/FreeButtonSet/Textures/buttons/button_round_400.png
  artifactKey: Guid(60c4dbe9e87500a4480a6214bdc5cc87) Importer(815301076,1909f56bfc062723c751e8b465ee728b)
Start importing Assets/FreeButtonSet/Textures/buttons/button_round_400.png using Guid(60c4dbe9e87500a4480a6214bdc5cc87) Importer(815301076,1909f56bfc062723c751e8b465ee728b) (PreviewImporter)[PhysX] Initialized MultithreadedTaskDispatcher with 6 workers.
[PhysX] Initialized MultithreadedTaskDispatcher with 6 workers.
 -> (artifact id: 'da1b56ae7df048b28b946ab9bb4aab90') in 0.0102439 seconds
Number of updated asset objects reloaded before import = 0Number of asset objects unloaded after import = 3

========================================================================
Received Import Request.
  Time since last request: 0.000013 seconds.
  path: Assets/FreeButtonSet/Textures/icons/128x128/info.png
  artifactKey: Guid(ff8b06e19a717d14d9ff2546436de761) Importer(815301076,1909f56bfc062723c751e8b465ee728b)
Start importing Assets/FreeButtonSet/Textures/icons/128x128/info.png using Guid(ff8b06e19a717d14d9ff2546436de761) Importer(815301076,1909f56bfc062723c751e8b465ee728b) (PreviewImporter)[PhysX] Initialized MultithreadedTaskDispatcher with 6 workers.
[PhysX] Initialized MultithreadedTaskDispatcher with 6 workers.
 -> (artifact id: '256120b3f277a1599232cf6449efb2c1') in 0.0113544 seconds
Number of updated asset objects reloaded before import = 0Number of asset objects unloaded after import = 3

========================================================================
Received Import Request.
  Time since last request: 0.000014 seconds.
  path: Assets/FreeButtonSet/Textures/icons/32x32/play.png
  artifactKey: Guid(77e80d9dad76e74469ce748b77cdbe1a) Importer(815301076,1909f56bfc062723c751e8b465ee728b)
Start importing Assets/FreeButtonSet/Textures/icons/32x32/play.png using Guid(77e80d9dad76e74469ce748b77cdbe1a) Importer(815301076,1909f56bfc062723c751e8b465ee728b) (PreviewImporter)[PhysX] Initialized MultithreadedTaskDispatcher with 6 workers.
[PhysX] Initialized MultithreadedTaskDispatcher with 6 workers.
 -> (artifact id: '1b8aac79189e0172550f6373ecbf457d') in 0.0113332 seconds
Number of updated asset objects reloaded before import = 0Number of asset objects unloaded after import = 3

========================================================================
Received Import Request.
  Time since last request: 0.000013 seconds.
  path: Assets/FreeButtonSet/Textures/controls/radio_200.png
  artifactKey: Guid(6a4c582ed02cf4e40954a044796d37ac) Importer(815301076,1909f56bfc062723c751e8b465ee728b)
Start importing Assets/FreeButtonSet/Textures/controls/radio_200.png using Guid(6a4c582ed02cf4e40954a044796d37ac) Importer(815301076,1909f56bfc062723c751e8b465ee728b) (PreviewImporter)[PhysX] Initialized MultithreadedTaskDispatcher with 6 workers.
[PhysX] Initialized MultithreadedTaskDispatcher with 6 workers.
 -> (artifact id: '55513e2bdb8471f64e6a4d027213c550') in 0.0122022 seconds
Number of updated asset objects reloaded before import = 0Number of asset objects unloaded after import = 3

========================================================================
Received Import Request.
  Time since last request: 0.000013 seconds.
  path: Assets/FreeButtonSet/Textures/icons/128x128/plus.png
  artifactKey: Guid(c1d5c0c9c2ed348448cf389548c36f28) Importer(815301076,1909f56bfc062723c751e8b465ee728b)
Start importing Assets/FreeButtonSet/Textures/icons/128x128/plus.png using Guid(c1d5c0c9c2ed348448cf389548c36f28) Importer(815301076,1909f56bfc062723c751e8b465ee728b) (PreviewImporter)[PhysX] Initialized MultithreadedTaskDispatcher with 6 workers.
[PhysX] Initialized MultithreadedTaskDispatcher with 6 workers.
 -> (artifact id: 'ddfb3c2a5d7564550e390e6ddc80cac2') in 0.0113674 seconds
Number of updated asset objects reloaded before import = 0Number of asset objects unloaded after import = 3

========================================================================
Received Import Request.
  Time since last request: 0.000024 seconds.
  path: Assets/UI/Pencils/Red.png
  artifactKey: Guid(a107ecd3f1dd37d478f07ccea55f6dab) Importer(815301076,1909f56bfc062723c751e8b465ee728b)
Start importing Assets/UI/Pencils/Red.png using Guid(a107ecd3f1dd37d478f07ccea55f6dab) Importer(815301076,1909f56bfc062723c751e8b465ee728b) (PreviewImporter)[PhysX] Initialized MultithreadedTaskDispatcher with 6 workers.
[PhysX] Initialized MultithreadedTaskDispatcher with 6 workers.
 -> (artifact id: 'ffbc7b35268ad296c0b7dbdba8bff73b') in 0.0138748 seconds
Number of updated asset objects reloaded before import = 0Number of asset objects unloaded after import = 3

========================================================================
Received Import Request.
  Time since last request: 0.000012 seconds.
  path: Assets/FreeButtonSet/Textures/icons/128x128/repeat.png
  artifactKey: Guid(0ac274da743a5ab49a17c782a85c7f2d) Importer(815301076,1909f56bfc062723c751e8b465ee728b)
Start importing Assets/FreeButtonSet/Textures/icons/128x128/repeat.png using Guid(0ac274da743a5ab49a17c782a85c7f2d) Importer(815301076,1909f56bfc062723c751e8b465ee728b) (PreviewImporter)[PhysX] Initialized MultithreadedTaskDispatcher with 6 workers.
[PhysX] Initialized MultithreadedTaskDispatcher with 6 workers.
 -> (artifact id: '0ecdb4de01a6502212768da13278a8ea') in 0.0139032 seconds
Number of updated asset objects reloaded before import = 0Number of asset objects unloaded after import = 3

========================================================================
Received Import Request.
  Time since last request: 0.000018 seconds.
  path: Assets/Sprites/S1.psd
  artifactKey: Guid(bff6a981d523d5247b2f6c1f54b8972b) Importer(815301076,1909f56bfc062723c751e8b465ee728b)
Start importing Assets/Sprites/S1.psd using Guid(bff6a981d523d5247b2f6c1f54b8972b) Importer(815301076,1909f56bfc062723c751e8b465ee728b) (PreviewImporter)[PhysX] Initialized MultithreadedTaskDispatcher with 6 workers.
[PhysX] Initialized MultithreadedTaskDispatcher with 6 workers.
 -> (artifact id: '6f445831227299ad7035c67b263260e7') in 0.0120668 seconds
Number of updated asset objects reloaded before import = 0Number of asset objects unloaded after import = 3

========================================================================
Received Import Request.
  Time since last request: 0.000014 seconds.
  path: Assets/Photos/screen_1920x1080_2020-02-18_19-58-12.png
  artifactKey: Guid(157979f1388469e4587425738a3cf778) Importer(815301076,1909f56bfc062723c751e8b465ee728b)
Start importing Assets/Photos/screen_1920x1080_2020-02-18_19-58-12.png using Guid(157979f1388469e4587425738a3cf778) Importer(815301076,1909f56bfc062723c751e8b465ee728b) (PreviewImporter)[PhysX] Initialized MultithreadedTaskDispatcher with 6 workers.
[PhysX] Initialized MultithreadedTaskDispatcher with 6 workers.
 -> (artifact id: '8b258cbfe4c73f7a45bacefe981b749d') in 0.0108567 seconds
Number of updated asset objects reloaded before import = 0Number of asset objects unloaded after import = 2

========================================================================
Received Import Request.
  Time since last request: 0.000017 seconds.
  path: Assets/FreeButtonSet/Textures/icons/256x256/settings.png
  artifactKey: Guid(29cd5fa083a9a4d448c49c770629f19e) Importer(815301076,1909f56bfc062723c751e8b465ee728b)
Start importing Assets/FreeButtonSet/Textures/icons/256x256/settings.png using Guid(29cd5fa083a9a4d448c49c770629f19e) Importer(815301076,1909f56bfc062723c751e8b465ee728b) (PreviewImporter)[PhysX] Initialized MultithreadedTaskDispatcher with 6 workers.
[PhysX] Initialized MultithreadedTaskDispatcher with 6 workers.
 -> (artifact id: '6ffe042c7462887d6f85fc92df10f671') in 0.0118724 seconds
Number of updated asset objects reloaded before import = 0Number of asset objects unloaded after import = 3

========================================================================
Received Import Request.
  Time since last request: 0.000013 seconds.
  path: Assets/FreeButtonSet/Textures/icons/128x128/settings.png
  artifactKey: Guid(19b2b02a9feef8b4fa2f431692a804b5) Importer(815301076,1909f56bfc062723c751e8b465ee728b)
Start importing Assets/FreeButtonSet/Textures/icons/128x128/settings.png using Guid(19b2b02a9feef8b4fa2f431692a804b5) Importer(815301076,1909f56bfc062723c751e8b465ee728b) (PreviewImporter)[PhysX] Initialized MultithreadedTaskDispatcher with 6 workers.
[PhysX] Initialized MultithreadedTaskDispatcher with 6 workers.
 -> (artifact id: '49f2266cb3cb1dc6e9088231178546ee') in 0.0162974 seconds
Number of updated asset objects reloaded before import = 0Number of asset objects unloaded after import = 3

========================================================================
Received Import Request.
  Time since last request: 0.000015 seconds.
  path: Assets/Photos/screen_1920x1080_2020-02-15_16-01-15.png
  artifactKey: Guid(d5abc68c914af2a42ab75fbbade97012) Importer(815301076,1909f56bfc062723c751e8b465ee728b)
Start importing Assets/Photos/screen_1920x1080_2020-02-15_16-01-15.png using Guid(d5abc68c914af2a42ab75fbbade97012) Importer(815301076,1909f56bfc062723c751e8b465ee728b) (PreviewImporter)[PhysX] Initialized MultithreadedTaskDispatcher with 6 workers.
[PhysX] Initialized MultithreadedTaskDispatcher with 6 workers.
 -> (artifact id: '3e8183f403259df5ed87737fb022d23a') in 0.0274949 seconds
Number of updated asset objects reloaded before import = 0Number of asset objects unloaded after import = 2

========================================================================
Received Import Request.
  Time since last request: 0.000014 seconds.
  path: Assets/FreeButtonSet/Textures/icons/32x32/speaker.png
  artifactKey: Guid(967aab30d466613409c60a93eee109b8) Importer(815301076,1909f56bfc062723c751e8b465ee728b)
Start importing Assets/FreeButtonSet/Textures/icons/32x32/speaker.png using Guid(967aab30d466613409c60a93eee109b8) Importer(815301076,1909f56bfc062723c751e8b465ee728b) (PreviewImporter)[PhysX] Initialized MultithreadedTaskDispatcher with 6 workers.
[PhysX] Initialized MultithreadedTaskDispatcher with 6 workers.
 -> (artifact id: '2537fe7585a312e91f8693778d0d95db') in 0.0108622 seconds
Number of updated asset objects reloaded before import = 0Number of asset objects unloaded after import = 3

========================================================================
Received Import Request.
  Time since last request: 0.000016 seconds.
  path: Assets/FreeButtonSet/Textures/icons/128x128/speaker.png
  artifactKey: Guid(a8bf463d0bcbdd440b693618eccf4027) Importer(815301076,1909f56bfc062723c751e8b465ee728b)
Start importing Assets/FreeButtonSet/Textures/icons/128x128/speaker.png using Guid(a8bf463d0bcbdd440b693618eccf4027) Importer(815301076,1909f56bfc062723c751e8b465ee728b) (PreviewImporter)[PhysX] Initialized MultithreadedTaskDispatcher with 6 workers.
[PhysX] Initialized MultithreadedTaskDispatcher with 6 workers.
 -> (artifact id: '4f25be1b093c7ca995b68e0b5a6c3b26') in 0.0112306 seconds
Number of updated asset objects reloaded before import = 0Number of asset objects unloaded after import = 3

========================================================================
Received Import Request.
  Time since last request: 0.000024 seconds.
  path: Assets/FreeButtonSet/Textures/icons/256x256/star.png
  artifactKey: Guid(b6a757f6793cb0148a905bea74154284) Importer(815301076,1909f56bfc062723c751e8b465ee728b)
Start importing Assets/FreeButtonSet/Textures/icons/256x256/star.png using Guid(b6a757f6793cb0148a905bea74154284) Importer(815301076,1909f56bfc062723c751e8b465ee728b) (PreviewImporter)[PhysX] Initialized MultithreadedTaskDispatcher with 6 workers.
[PhysX] Initialized MultithreadedTaskDispatcher with 6 workers.
 -> (artifact id: 'ccd41e0931e6c3927289614691064813') in 0.012053 seconds
Number of updated asset objects reloaded before import = 0Number of asset objects unloaded after import = 3

========================================================================
Received Import Request.
  Time since last request: 0.000016 seconds.
  path: Assets/FreeButtonSet/Textures/icons/128x128/help.png
  artifactKey: Guid(ee454173d02e05a4f8c74cc6e92fa5ee) Importer(815301076,1909f56bfc062723c751e8b465ee728b)
Start importing Assets/FreeButtonSet/Textures/icons/128x128/help.png using Guid(ee454173d02e05a4f8c74cc6e92fa5ee) Importer(815301076,1909f56bfc062723c751e8b465ee728b) (PreviewImporter)[PhysX] Initialized MultithreadedTaskDispatcher with 6 workers.
[PhysX] Initialized MultithreadedTaskDispatcher with 6 workers.
 -> (artifact id: '2baeca19654702b70e1c0fa22b5e7ebb') in 0.0120125 seconds
Number of updated asset objects reloaded before import = 0Number of asset objects unloaded after import = 3

========================================================================
Received Import Request.
  Time since last request: 0.000015 seconds.
  path: Assets/FreeButtonSet/Textures/icons/32x32/checkmark.png
  artifactKey: Guid(433f891bf38fed24d91d68c15aae515d) Importer(815301076,1909f56bfc062723c751e8b465ee728b)
Start importing Assets/FreeButtonSet/Textures/icons/32x32/checkmark.png using Guid(433f891bf38fed24d91d68c15aae515d) Importer(815301076,1909f56bfc062723c751e8b465ee728b) (PreviewImporter)[PhysX] Initialized MultithreadedTaskDispatcher with 6 workers.
[PhysX] Initialized MultithreadedTaskDispatcher with 6 workers.
 -> (artifact id: '8b362099b361d0cf7d7b5db7b3397cd3') in 0.0104711 seconds
Number of updated asset objects reloaded before import = 0Number of asset objects unloaded after import = 3

========================================================================
Received Import Request.
  Time since last request: 0.000019 seconds.
  path: Assets/Sprites/pedzel.png
  artifactKey: Guid(28c6787560b9b4849bf709d33c83f659) Importer(815301076,1909f56bfc062723c751e8b465ee728b)
Start importing Assets/Sprites/pedzel.png using Guid(28c6787560b9b4849bf709d33c83f659) Importer(815301076,1909f56bfc062723c751e8b465ee728b) (PreviewImporter)[PhysX] Initialized MultithreadedTaskDispatcher with 6 workers.
[PhysX] Initialized MultithreadedTaskDispatcher with 6 workers.
 -> (artifact id: '7d5f04dbba313236f5b67e8dbfd55482') in 0.0095918 seconds
Number of updated asset objects reloaded before import = 0Number of asset objects unloaded after import = 2

========================================================================
Received Import Request.
  Time since last request: 0.000014 seconds.
  path: Assets/FreeButtonSet/Textures/buttons/button_100.png
  artifactKey: Guid(47eaa4f43430bf14f996b113a313b0cc) Importer(815301076,1909f56bfc062723c751e8b465ee728b)
Start importing Assets/FreeButtonSet/Textures/buttons/button_100.png using Guid(47eaa4f43430bf14f996b113a313b0cc) Importer(815301076,1909f56bfc062723c751e8b465ee728b) (PreviewImporter)[PhysX] Initialized MultithreadedTaskDispatcher with 6 workers.
[PhysX] Initialized MultithreadedTaskDispatcher with 6 workers.
 -> (artifact id: '4b5d048e01af9f8819b70c27d1036380') in 0.0127427 seconds
Number of updated asset objects reloaded before import = 0Number of asset objects unloaded after import = 3

========================================================================
Received Import Request.
  Time since last request: 0.000014 seconds.
  path: Assets/FreeButtonSet/Textures/buttons/button_round_220.png
  artifactKey: Guid(9e8274c61673b8a458365832576005b4) Importer(815301076,1909f56bfc062723c751e8b465ee728b)
Start importing Assets/FreeButtonSet/Textures/buttons/button_round_220.png using Guid(9e8274c61673b8a458365832576005b4) Importer(815301076,1909f56bfc062723c751e8b465ee728b) (PreviewImporter)[PhysX] Initialized MultithreadedTaskDispatcher with 6 workers.
[PhysX] Initialized MultithreadedTaskDispatcher with 6 workers.
 -> (artifact id: 'd1df9b0e027cd8a4b86831ba78dc08aa') in 0.0114393 seconds
Number of updated asset objects reloaded before import = 0Number of asset objects unloaded after import = 3

========================================================================
Received Import Request.
  Time since last request: 0.000015 seconds.
  path: Assets/FreeButtonSet/Textures/icons/128x128/star.png
  artifactKey: Guid(c45822dd0d148ae4c80084e497c39961) Importer(815301076,1909f56bfc062723c751e8b465ee728b)
Start importing Assets/FreeButtonSet/Textures/icons/128x128/star.png using Guid(c45822dd0d148ae4c80084e497c39961) Importer(815301076,1909f56bfc062723c751e8b465ee728b) (PreviewImporter)[PhysX] Initialized MultithreadedTaskDispatcher with 6 workers.
[PhysX] Initialized MultithreadedTaskDispatcher with 6 workers.
 -> (artifact id: '2a7a9c406ac4a58c850302728d92e610') in 0.0101314 seconds
Number of updated asset objects reloaded before import = 0Number of asset objects unloaded after import = 3

========================================================================
Received Import Request.
  Time since last request: 0.000014 seconds.
  path: Assets/UI/Pencils/DarkBlue.png
  artifactKey: Guid(f8e8f7207c49e8a4f8cd017c10acd19e) Importer(815301076,1909f56bfc062723c751e8b465ee728b)
Start importing Assets/UI/Pencils/DarkBlue.png using Guid(f8e8f7207c49e8a4f8cd017c10acd19e) Importer(815301076,1909f56bfc062723c751e8b465ee728b) (PreviewImporter)[PhysX] Initialized MultithreadedTaskDispatcher with 6 workers.
[PhysX] Initialized MultithreadedTaskDispatcher with 6 workers.
 -> (artifact id: 'e09e89ef0478d66466378b8d7508edbf') in 0.0107175 seconds
Number of updated asset objects reloaded before import = 0Number of asset objects unloaded after import = 3

========================================================================
Received Import Request.
  Time since last request: 0.000016 seconds.
  path: Assets/FullTiltBoogie/Materials/Textures/smokepuff3.png
  artifactKey: Guid(55a039fcce3c44b4abf84d4a3cd6c62c) Importer(815301076,1909f56bfc062723c751e8b465ee728b)
Start importing Assets/FullTiltBoogie/Materials/Textures/smokepuff3.png using Guid(55a039fcce3c44b4abf84d4a3cd6c62c) Importer(815301076,1909f56bfc062723c751e8b465ee728b) (PreviewImporter)[PhysX] Initialized MultithreadedTaskDispatcher with 6 workers.
[PhysX] Initialized MultithreadedTaskDispatcher with 6 workers.
 -> (artifact id: '0d5e42df059b1aebc06edbb3dcd46b3c') in 0.0112833 seconds
Number of updated asset objects reloaded before import = 0Number of asset objects unloaded after import = 2

========================================================================
Received Import Request.
  Time since last request: 0.000016 seconds.
  path: Assets/FreeButtonSet/Textures/icons/64x64/star.png
  artifactKey: Guid(2d2d75d383dae9b40b9b53a931127253) Importer(815301076,1909f56bfc062723c751e8b465ee728b)
Start importing Assets/FreeButtonSet/Textures/icons/64x64/star.png using Guid(2d2d75d383dae9b40b9b53a931127253) Importer(815301076,1909f56bfc062723c751e8b465ee728b) (PreviewImporter)[PhysX] Initialized MultithreadedTaskDispatcher with 6 workers.
[PhysX] Initialized MultithreadedTaskDispatcher with 6 workers.
 -> (artifact id: '3ab434c67bc8d073fa289ff788f04685') in 0.0112312 seconds
Number of updated asset objects reloaded before import = 0Number of asset objects unloaded after import = 3

========================================================================
Received Import Request.
  Time since last request: 0.000016 seconds.
  path: Assets/FreeButtonSet/Textures/icons/256x256/help.png
  artifactKey: Guid(a1d9cb3eb505c114d8fa17fcbaeb157c) Importer(815301076,1909f56bfc062723c751e8b465ee728b)
Start importing Assets/FreeButtonSet/Textures/icons/256x256/help.png using Guid(a1d9cb3eb505c114d8fa17fcbaeb157c) Importer(815301076,1909f56bfc062723c751e8b465ee728b) (PreviewImporter)[PhysX] Initialized MultithreadedTaskDispatcher with 6 workers.
[PhysX] Initialized MultithreadedTaskDispatcher with 6 workers.
 -> (artifact id: '00cc96b99585dec23c31ddb682bb92dc') in 0.0130312 seconds
Number of updated asset objects reloaded before import = 0Number of asset objects unloaded after import = 3

========================================================================
Received Import Request.
  Time since last request: 0.000015 seconds.
  path: Assets/Sprites/Puzzle/star.png
  artifactKey: Guid(d35aaf9dbd48e0c49b3ab66383070576) Importer(815301076,1909f56bfc062723c751e8b465ee728b)
Start importing Assets/Sprites/Puzzle/star.png using Guid(d35aaf9dbd48e0c49b3ab66383070576) Importer(815301076,1909f56bfc062723c751e8b465ee728b) (PreviewImporter)[PhysX] Initialized MultithreadedTaskDispatcher with 6 workers.
[PhysX] Initialized MultithreadedTaskDispatcher with 6 workers.
 -> (artifact id: 'd1a16c0d279c738043d6fbf5e1700cd7') in 0.012324 seconds
Number of updated asset objects reloaded before import = 0Number of asset objects unloaded after import = 3

========================================================================
Received Import Request.
  Time since last request: 0.000013 seconds.
  path: Assets/UI/literki.jpg
  artifactKey: Guid(c7a28ea53dd6ac34389487c502b07eee) Importer(815301076,1909f56bfc062723c751e8b465ee728b)
Start importing Assets/UI/literki.jpg using Guid(c7a28ea53dd6ac34389487c502b07eee) Importer(815301076,1909f56bfc062723c751e8b465ee728b) (PreviewImporter)[PhysX] Initialized MultithreadedTaskDispatcher with 6 workers.
[PhysX] Initialized MultithreadedTaskDispatcher with 6 workers.
 -> (artifact id: 'c134b587c8aceca88e8b8ef8a26eca00') in 0.0162763 seconds
Number of updated asset objects reloaded before import = 0Number of asset objects unloaded after import = 3

========================================================================
Received Import Request.
  Time since last request: 0.000019 seconds.
  path: Assets/FreeButtonSet/Textures/icons/64x64/menu.png
  artifactKey: Guid(eae15a34ba5cbdd40accbe87e85f2c40) Importer(815301076,1909f56bfc062723c751e8b465ee728b)
Start importing Assets/FreeButtonSet/Textures/icons/64x64/menu.png using Guid(eae15a34ba5cbdd40accbe87e85f2c40) Importer(815301076,1909f56bfc062723c751e8b465ee728b) (PreviewImporter)[PhysX] Initialized MultithreadedTaskDispatcher with 6 workers.
[PhysX] Initialized MultithreadedTaskDispatcher with 6 workers.
 -> (artifact id: '0446642afe1de27ff712506a2b947551') in 0.0139803 seconds
Number of updated asset objects reloaded before import = 0Number of asset objects unloaded after import = 3

========================================================================
Received Import Request.
  Time since last request: 0.000014 seconds.
  path: Assets/FreeButtonSet/Textures/icons/32x32/heart.png
  artifactKey: Guid(387454f6cd7cc5047bc289d606b175b3) Importer(815301076,1909f56bfc062723c751e8b465ee728b)
Start importing Assets/FreeButtonSet/Textures/icons/32x32/heart.png using Guid(387454f6cd7cc5047bc289d606b175b3) Importer(815301076,1909f56bfc062723c751e8b465ee728b) (PreviewImporter)[PhysX] Initialized MultithreadedTaskDispatcher with 6 workers.
[PhysX] Initialized MultithreadedTaskDispatcher with 6 workers.
 -> (artifact id: '4aefc3294c6b3a1852e1dd7000f5ba8c') in 0.009653 seconds
Number of updated asset objects reloaded before import = 0Number of asset objects unloaded after import = 3

========================================================================
Received Import Request.
  Time since last request: 0.000016 seconds.
  path: Assets/FullTiltBoogie/Materials/Textures/smokepuff2.png
  artifactKey: Guid(c6155ef70fdff4cf4af755cbc7530c2c) Importer(815301076,1909f56bfc062723c751e8b465ee728b)
Start importing Assets/FullTiltBoogie/Materials/Textures/smokepuff2.png using Guid(c6155ef70fdff4cf4af755cbc7530c2c) Importer(815301076,1909f56bfc062723c751e8b465ee728b) (PreviewImporter)[PhysX] Initialized MultithreadedTaskDispatcher with 6 workers.
[PhysX] Initialized MultithreadedTaskDispatcher with 6 workers.
 -> (artifact id: 'a6603aba0ea23b6497a5bee3316262c9') in 0.0107755 seconds
Number of updated asset objects reloaded before import = 0Number of asset objects unloaded after import = 2

========================================================================
Received Import Request.
  Time since last request: 0.000015 seconds.
  path: Assets/FreeButtonSet/Textures/icons/256x256/checkmark.png
  artifactKey: Guid(9cd6991b040b7fb40808e500b041d545) Importer(815301076,1909f56bfc062723c751e8b465ee728b)
Start importing Assets/FreeButtonSet/Textures/icons/256x256/checkmark.png using Guid(9cd6991b040b7fb40808e500b041d545) Importer(815301076,1909f56bfc062723c751e8b465ee728b) (PreviewImporter)[PhysX] Initialized MultithreadedTaskDispatcher with 6 workers.
[PhysX] Initialized MultithreadedTaskDispatcher with 6 workers.
 -> (artifact id: '28b193e43df6e81a2d031f024f1e2610') in 0.0117946 seconds
Number of updated asset objects reloaded before import = 0Number of asset objects unloaded after import = 3

========================================================================
Received Import Request.
  Time since last request: 0.000015 seconds.
  path: Assets/UI/Pencils/Orange.png
  artifactKey: Guid(9d3d04434f15e0d43b95c00bc42518dd) Importer(815301076,1909f56bfc062723c751e8b465ee728b)
Start importing Assets/UI/Pencils/Orange.png using Guid(9d3d04434f15e0d43b95c00bc42518dd) Importer(815301076,1909f56bfc062723c751e8b465ee728b) (PreviewImporter)[PhysX] Initialized MultithreadedTaskDispatcher with 6 workers.
[PhysX] Initialized MultithreadedTaskDispatcher with 6 workers.
 -> (artifact id: '5fcfad10c1a2f3c904e107ad4b19421b') in 0.0105675 seconds
Number of updated asset objects reloaded before import = 0Number of asset objects unloaded after import = 3

========================================================================
Received Import Request.
  Time since last request: 0.000015 seconds.
  path: Assets/FreeButtonSet/Textures/icons/128x128/play.png
  artifactKey: Guid(adf19f966e0379040bb823cbe5375f3f) Importer(815301076,1909f56bfc062723c751e8b465ee728b)
Start importing Assets/FreeButtonSet/Textures/icons/128x128/play.png using Guid(adf19f966e0379040bb823cbe5375f3f) Importer(815301076,1909f56bfc062723c751e8b465ee728b) (PreviewImporter)[PhysX] Initialized MultithreadedTaskDispatcher with 6 workers.
[PhysX] Initialized MultithreadedTaskDispatcher with 6 workers.
 -> (artifact id: '9f7d434941744080018a4286e92bceaf') in 0.0094848 seconds
Number of updated asset objects reloaded before import = 0Number of asset objects unloaded after import = 3

========================================================================
Received Import Request.
  Time since last request: 0.000014 seconds.
  path: Assets/FreeButtonSet/Textures/icons/128x128/pause.png
  artifactKey: Guid(b148167244e305a42b332c5e3103a0f3) Importer(815301076,1909f56bfc062723c751e8b465ee728b)
Start importing Assets/FreeButtonSet/Textures/icons/128x128/pause.png using Guid(b148167244e305a42b332c5e3103a0f3) Importer(815301076,1909f56bfc062723c751e8b465ee728b) (PreviewImporter)[PhysX] Initialized MultithreadedTaskDispatcher with 6 workers.
[PhysX] Initialized MultithreadedTaskDispatcher with 6 workers.
 -> (artifact id: 'fdccdb50b316776b82d6d750a66133ef') in 0.0101208 seconds
Number of updated asset objects reloaded before import = 0Number of asset objects unloaded after import = 3

========================================================================
Received Import Request.
  Time since last request: 0.149715 seconds.
  path: Assets/FullTiltBoogie/Materials/Textures/starSevenPoints.png
  artifactKey: Guid(c75bb4b6c8eb2416086b78a5fcae5d14) Importer(815301076,1909f56bfc062723c751e8b465ee728b)
Start importing Assets/FullTiltBoogie/Materials/Textures/starSevenPoints.png using Guid(c75bb4b6c8eb2416086b78a5fcae5d14) Importer(815301076,1909f56bfc062723c751e8b465ee728b) (PreviewImporter)[PhysX] Initialized MultithreadedTaskDispatcher with 6 workers.
[PhysX] Initialized MultithreadedTaskDispatcher with 6 workers.
 -> (artifact id: '60fb3ca17cb16e75a4e23aa312f9a558') in 0.0103082 seconds
Number of updated asset objects reloaded before import = 0Number of asset objects unloaded after import = 2

========================================================================
Received Import Request.
  Time since last request: 0.000014 seconds.
  path: Assets/FullTiltBoogie/Materials/Textures/starThick.png
  artifactKey: Guid(f9025d7d9bafc4120aa4d78245556f61) Importer(815301076,1909f56bfc062723c751e8b465ee728b)
Start importing Assets/FullTiltBoogie/Materials/Textures/starThick.png using Guid(f9025d7d9bafc4120aa4d78245556f61) Importer(815301076,1909f56bfc062723c751e8b465ee728b) (PreviewImporter)[PhysX] Initialized MultithreadedTaskDispatcher with 6 workers.
[PhysX] Initialized MultithreadedTaskDispatcher with 6 workers.
 -> (artifact id: '0980e47759da85b28c5a7597e6e2084e') in 0.0108579 seconds
Number of updated asset objects reloaded before import = 0Number of asset objects unloaded after import = 2

========================================================================
Received Import Request.
  Time since last request: 0.000015 seconds.
  path: Assets/FullTiltBoogie/Materials/Textures/starThin.png
  artifactKey: Guid(9b1b97b63c4c74d8ab6253d1393f5229) Importer(815301076,1909f56bfc062723c751e8b465ee728b)
Start importing Assets/FullTiltBoogie/Materials/Textures/starThin.png using Guid(9b1b97b63c4c74d8ab6253d1393f5229) Importer(815301076,1909f56bfc062723c751e8b465ee728b) (PreviewImporter)[PhysX] Initialized MultithreadedTaskDispatcher with 6 workers.
[PhysX] Initialized MultithreadedTaskDispatcher with 6 workers.
 -> (artifact id: '54eb48d5bef1bc8b873be4d82d3d21d1') in 0.0119369 seconds
Number of updated asset objects reloaded before import = 0Number of asset objects unloaded after import = 2

========================================================================
Received Import Request.
  Time since last request: 0.031884 seconds.
  path: Assets/FreeButtonSet/Textures/controls/toggle_bg_100.png
  artifactKey: Guid(aab425c33cbffa54f9b628133d2720b1) Importer(815301076,1909f56bfc062723c751e8b465ee728b)
Start importing Assets/FreeButtonSet/Textures/controls/toggle_bg_100.png using Guid(aab425c33cbffa54f9b628133d2720b1) Importer(815301076,1909f56bfc062723c751e8b465ee728b) (PreviewImporter)[PhysX] Initialized MultithreadedTaskDispatcher with 6 workers.
[PhysX] Initialized MultithreadedTaskDispatcher with 6 workers.
 -> (artifact id: 'bf70eb0c25be6ec3f7de97c4cfde49d8') in 0.0096184 seconds
Number of updated asset objects reloaded before import = 0Number of asset objects unloaded after import = 3

========================================================================
Received Import Request.
  Time since last request: 0.000012 seconds.
  path: Assets/FreeButtonSet/Textures/controls/toggle_bg_200.png
  artifactKey: Guid(c8dec52db7cb0f148b53038d975761ea) Importer(815301076,1909f56bfc062723c751e8b465ee728b)
Start importing Assets/FreeButtonSet/Textures/controls/toggle_bg_200.png using Guid(c8dec52db7cb0f148b53038d975761ea) Importer(815301076,1909f56bfc062723c751e8b465ee728b) (PreviewImporter)[PhysX] Initialized MultithreadedTaskDispatcher with 6 workers.
[PhysX] Initialized MultithreadedTaskDispatcher with 6 workers.
 -> (artifact id: '600f55b910d841057cf4c2c6fc5b11bb') in 0.0163818 seconds
Number of updated asset objects reloaded before import = 0Number of asset objects unloaded after import = 3

========================================================================
Received Import Request.
  Time since last request: 0.117543 seconds.
  path: Assets/FreeButtonSet/Textures/icons/32x32/user.png
  artifactKey: Guid(cf47eab53a70c424aad053f375a5f2e0) Importer(815301076,1909f56bfc062723c751e8b465ee728b)
Start importing Assets/FreeButtonSet/Textures/icons/32x32/user.png using Guid(cf47eab53a70c424aad053f375a5f2e0) Importer(815301076,1909f56bfc062723c751e8b465ee728b) (PreviewImporter)[PhysX] Initialized MultithreadedTaskDispatcher with 6 workers.
[PhysX] Initialized MultithreadedTaskDispatcher with 6 workers.
 -> (artifact id: '8ed2c41beccd7b0d5b6f08339e58b7e8') in 0.0182 seconds
Number of updated asset objects reloaded before import = 0Number of asset objects unloaded after import = 3

========================================================================
Received Import Request.
  Time since last request: 0.000016 seconds.
  path: Assets/FreeButtonSet/Textures/icons/64x64/user.png
  artifactKey: Guid(ca09d89e4979d814d87dd1e020aa41e8) Importer(815301076,1909f56bfc062723c751e8b465ee728b)
Start importing Assets/FreeButtonSet/Textures/icons/64x64/user.png using Guid(ca09d89e4979d814d87dd1e020aa41e8) Importer(815301076,1909f56bfc062723c751e8b465ee728b) (PreviewImporter)[PhysX] Initialized MultithreadedTaskDispatcher with 6 workers.
[PhysX] Initialized MultithreadedTaskDispatcher with 6 workers.
 -> (artifact id: 'cdc22b8a13c3d7dba84fa63054df00b4') in 0.0096011 seconds
Number of updated asset objects reloaded before import = 0Number of asset objects unloaded after import = 3

========================================================================
Received Import Request.
  Time since last request: 0.470472 seconds.
  path: Assets/FreeButtonSet/Textures/icons/32x32/x.png
  artifactKey: Guid(9aeac1c0750d43d498b7e62859763888) Importer(815301076,1909f56bfc062723c751e8b465ee728b)
Start importing Assets/FreeButtonSet/Textures/icons/32x32/x.png using Guid(9aeac1c0750d43d498b7e62859763888) Importer(815301076,1909f56bfc062723c751e8b465ee728b) (PreviewImporter)[PhysX] Initialized MultithreadedTaskDispatcher with 6 workers.
[PhysX] Initialized MultithreadedTaskDispatcher with 6 workers.
 -> (artifact id: '64de2c35c969f73284b908008bdce406') in 0.0118621 seconds
Number of updated asset objects reloaded before import = 0Number of asset objects unloaded after import = 3

========================================================================
Received Import Request.
  Time since last request: 0.000016 seconds.
  path: Assets/FreeButtonSet/Textures/icons/128x128/x.png
  artifactKey: Guid(321dfcc1c12d7cf42b0037754b1cdf9b) Importer(815301076,1909f56bfc062723c751e8b465ee728b)
Start importing Assets/FreeButtonSet/Textures/icons/128x128/x.png using Guid(321dfcc1c12d7cf42b0037754b1cdf9b) Importer(815301076,1909f56bfc062723c751e8b465ee728b) (PreviewImporter)[PhysX] Initialized MultithreadedTaskDispatcher with 6 workers.
[PhysX] Initialized MultithreadedTaskDispatcher with 6 workers.
 -> (artifact id: 'bdef94a656a9a7ce126319eb48b66a45') in 0.011931 seconds
Number of updated asset objects reloaded before import = 0Number of asset objects unloaded after import = 3

========================================================================
Received Import Request.
  Time since last request: 0.824144 seconds.
  path: Assets/Models/GIraffe/17.png
  artifactKey: Guid(848bc25012e8f664193eb0218b9f4f1c) Importer(815301076,1909f56bfc062723c751e8b465ee728b)
Start importing Assets/Models/GIraffe/17.png using Guid(848bc25012e8f664193eb0218b9f4f1c) Importer(815301076,1909f56bfc062723c751e8b465ee728b) (PreviewImporter)[PhysX] Initialized MultithreadedTaskDispatcher with 6 workers.
[PhysX] Initialized MultithreadedTaskDispatcher with 6 workers.
 -> (artifact id: '7b1944d3c50f62a6ebec87df594896eb') in 0.0121142 seconds
Number of updated asset objects reloaded before import = 0Number of asset objects unloaded after import = 3

========================================================================
Received Import Request.
  Time since last request: 0.000013 seconds.
  path: Assets/Models/Misiu/18.png
  artifactKey: Guid(ae66055e325cfdf419f0e9eb37e8fe34) Importer(815301076,1909f56bfc062723c751e8b465ee728b)
Start importing Assets/Models/Misiu/18.png using Guid(ae66055e325cfdf419f0e9eb37e8fe34) Importer(815301076,1909f56bfc062723c751e8b465ee728b) (PreviewImporter)[PhysX] Initialized MultithreadedTaskDispatcher with 6 workers.
[PhysX] Initialized MultithreadedTaskDispatcher with 6 workers.
 -> (artifact id: '905ba6851dd2a8aa234a6e78c6886e46') in 0.0125843 seconds
Number of updated asset objects reloaded before import = 0Number of asset objects unloaded after import = 3

========================================================================
Received Import Request.
  Time since last request: 0.000017 seconds.
  path: Assets/Models/Motyl/18.png
  artifactKey: Guid(a65d269ac6fa1d447b069be498a787ae) Importer(815301076,1909f56bfc062723c751e8b465ee728b)
Start importing Assets/Models/Motyl/18.png using Guid(a65d269ac6fa1d447b069be498a787ae) Importer(815301076,1909f56bfc062723c751e8b465ee728b) (PreviewImporter)[PhysX] Initialized MultithreadedTaskDispatcher with 6 workers.
[PhysX] Initialized MultithreadedTaskDispatcher with 6 workers.
 -> (artifact id: '136aa69c82ad0ea9395069cb01f1d06d') in 0.012022 seconds
Number of updated asset objects reloaded before import = 0Number of asset objects unloaded after import = 3

========================================================================
Received Import Request.
  Time since last request: 0.048175 seconds.
  path: Assets/Models/Misiu/12.png
  artifactKey: Guid(91e41581fc0356645b61626546dfc0f5) Importer(815301076,1909f56bfc062723c751e8b465ee728b)
Start importing Assets/Models/Misiu/12.png using Guid(91e41581fc0356645b61626546dfc0f5) Importer(815301076,1909f56bfc062723c751e8b465ee728b) (PreviewImporter)[PhysX] Initialized MultithreadedTaskDispatcher with 6 workers.
[PhysX] Initialized MultithreadedTaskDispatcher with 6 workers.
 -> (artifact id: '92ad88de32de174cad292f005f2f5f90') in 0.0126919 seconds
Number of updated asset objects reloaded before import = 0Number of asset objects unloaded after import = 3

========================================================================
Received Import Request.
  Time since last request: 0.000013 seconds.
  path: Assets/Models/Misiu/15.png
  artifactKey: Guid(00225885f8440b042ad51eefc1538f6a) Importer(815301076,1909f56bfc062723c751e8b465ee728b)
Start importing Assets/Models/Misiu/15.png using Guid(00225885f8440b042ad51eefc1538f6a) Importer(815301076,1909f56bfc062723c751e8b465ee728b) (PreviewImporter)[PhysX] Initialized MultithreadedTaskDispatcher with 6 workers.
[PhysX] Initialized MultithreadedTaskDispatcher with 6 workers.
 -> (artifact id: 'eeefa580f43ae46ac5041ef8a60b4d03') in 0.0126334 seconds
Number of updated asset objects reloaded before import = 0Number of asset objects unloaded after import = 3

========================================================================
Received Import Request.
  Time since last request: 0.000018 seconds.
  path: Assets/Models/GIraffe/11.png
  artifactKey: Guid(d038787093c871a4ba2487043af58014) Importer(815301076,1909f56bfc062723c751e8b465ee728b)
Start importing Assets/Models/GIraffe/11.png using Guid(d038787093c871a4ba2487043af58014) Importer(815301076,1909f56bfc062723c751e8b465ee728b) (PreviewImporter)[PhysX] Initialized MultithreadedTaskDispatcher with 6 workers.
[PhysX] Initialized MultithreadedTaskDispatcher with 6 workers.
 -> (artifact id: '0a5db2de9421aca97fdc0ad8183631e4') in 0.0115836 seconds
Number of updated asset objects reloaded before import = 0Number of asset objects unloaded after import = 3

========================================================================
Received Import Request.
  Time since last request: 0.000013 seconds.
  path: Assets/Models/Motyl/12.png
  artifactKey: Guid(afb1497c7c556ad46b0220b769a69edf) Importer(815301076,1909f56bfc062723c751e8b465ee728b)
Start importing Assets/Models/Motyl/12.png using Guid(afb1497c7c556ad46b0220b769a69edf) Importer(815301076,1909f56bfc062723c751e8b465ee728b) (PreviewImporter)[PhysX] Initialized MultithreadedTaskDispatcher with 6 workers.
[PhysX] Initialized MultithreadedTaskDispatcher with 6 workers.
 -> (artifact id: 'c847404ad6527e6c35b9c7960186800c') in 0.0110175 seconds
Number of updated asset objects reloaded before import = 0Number of asset objects unloaded after import = 3

========================================================================
Received Import Request.
  Time since last request: 0.000017 seconds.
  path: Assets/Models/Misiu/11.png
  artifactKey: Guid(c3157574390a4bc4999c3031c24dcc6b) Importer(815301076,1909f56bfc062723c751e8b465ee728b)
Start importing Assets/Models/Misiu/11.png using Guid(c3157574390a4bc4999c3031c24dcc6b) Importer(815301076,1909f56bfc062723c751e8b465ee728b) (PreviewImporter)[PhysX] Initialized MultithreadedTaskDispatcher with 6 workers.
[PhysX] Initialized MultithreadedTaskDispatcher with 6 workers.
 -> (artifact id: '01095326dca491b7f5c1e08beaba2597') in 0.0135967 seconds
Number of updated asset objects reloaded before import = 0Number of asset objects unloaded after import = 3

========================================================================
Received Import Request.
  Time since last request: 0.000019 seconds.
  path: Assets/Models/Misiu/13.png
  artifactKey: Guid(08bdcff2a70a2d945807af7e5a6559ae) Importer(815301076,1909f56bfc062723c751e8b465ee728b)
Start importing Assets/Models/Misiu/13.png using Guid(08bdcff2a70a2d945807af7e5a6559ae) Importer(815301076,1909f56bfc062723c751e8b465ee728b) (PreviewImporter)[PhysX] Initialized MultithreadedTaskDispatcher with 6 workers.
[PhysX] Initialized MultithreadedTaskDispatcher with 6 workers.
 -> (artifact id: '233bc7229944c406f32ab9e68c7fbba4') in 0.015799 seconds
Number of updated asset objects reloaded before import = 0Number of asset objects unloaded after import = 3

========================================================================
Received Import Request.
  Time since last request: 0.000013 seconds.
  path: Assets/Models/Misiu/14.png
  artifactKey: Guid(a4f905924539a6e47a74a527c364e291) Importer(815301076,1909f56bfc062723c751e8b465ee728b)
Start importing Assets/Models/Misiu/14.png using Guid(a4f905924539a6e47a74a527c364e291) Importer(815301076,1909f56bfc062723c751e8b465ee728b) (PreviewImporter)[PhysX] Initialized MultithreadedTaskDispatcher with 6 workers.
[PhysX] Initialized MultithreadedTaskDispatcher with 6 workers.
 -> (artifact id: 'b9879b8572fb175ffa965949e49df0fc') in 0.0146656 seconds
Number of updated asset objects reloaded before import = 0Number of asset objects unloaded after import = 3

========================================================================
Received Import Request.
  Time since last request: 0.266563 seconds.
  path: Assets/Models/GIraffe/7.png
  artifactKey: Guid(7a7c1b18cc767a041a67b5ed5198b7a4) Importer(815301076,1909f56bfc062723c751e8b465ee728b)
Start importing Assets/Models/GIraffe/7.png using Guid(7a7c1b18cc767a041a67b5ed5198b7a4) Importer(815301076,1909f56bfc062723c751e8b465ee728b) (PreviewImporter)[PhysX] Initialized MultithreadedTaskDispatcher with 6 workers.
[PhysX] Initialized MultithreadedTaskDispatcher with 6 workers.
 -> (artifact id: '9e59dee2c9d67e261bcb727e60deb382') in 0.0111711 seconds
Number of updated asset objects reloaded before import = 0Number of asset objects unloaded after import = 3

========================================================================
Received Import Request.
  Time since last request: 0.000016 seconds.
  path: Assets/Models/GIraffe/8.png
  artifactKey: Guid(e6d5c3115c5756e448967fe4e8739613) Importer(815301076,1909f56bfc062723c751e8b465ee728b)
Start importing Assets/Models/GIraffe/8.png using Guid(e6d5c3115c5756e448967fe4e8739613) Importer(815301076,1909f56bfc062723c751e8b465ee728b) (PreviewImporter)[PhysX] Initialized MultithreadedTaskDispatcher with 6 workers.
[PhysX] Initialized MultithreadedTaskDispatcher with 6 workers.
 -> (artifact id: 'c772f41be1cc4aec380b0acd4f800b4b') in 0.0112421 seconds
Number of updated asset objects reloaded before import = 0Number of asset objects unloaded after import = 3

========================================================================
Received Import Request.
  Time since last request: 0.027277 seconds.
  path: Assets/Models/Motyl/5.png
  artifactKey: Guid(1acc7e2b2f4dfaa458388eb02e220a6b) Importer(815301076,1909f56bfc062723c751e8b465ee728b)
Start importing Assets/Models/Motyl/5.png using Guid(1acc7e2b2f4dfaa458388eb02e220a6b) Importer(815301076,1909f56bfc062723c751e8b465ee728b) (PreviewImporter)[PhysX] Initialized MultithreadedTaskDispatcher with 6 workers.
[PhysX] Initialized MultithreadedTaskDispatcher with 6 workers.
 -> (artifact id: 'b6e7f4bbc61c3e668a409a28846d7569') in 0.0120755 seconds
Number of updated asset objects reloaded before import = 0Number of asset objects unloaded after import = 3

========================================================================
Received Import Request.
  Time since last request: 0.000014 seconds.
  path: Assets/Models/Motyl/6.png
  artifactKey: Guid(12ee2f5991d516e44811715ab7ebad10) Importer(815301076,1909f56bfc062723c751e8b465ee728b)
Start importing Assets/Models/Motyl/6.png using Guid(12ee2f5991d516e44811715ab7ebad10) Importer(815301076,1909f56bfc062723c751e8b465ee728b) (PreviewImporter)[PhysX] Initialized MultithreadedTaskDispatcher with 6 workers.
[PhysX] Initialized MultithreadedTaskDispatcher with 6 workers.
 -> (artifact id: 'cfcaee8e7e8e9b05ae5fda62d596622c') in 0.0108603 seconds
Number of updated asset objects reloaded before import = 0Number of asset objects unloaded after import = 3

========================================================================
Received Import Request.
  Time since last request: 0.016905 seconds.
  path: Assets/Models/GIraffe/1.png
  artifactKey: Guid(d4638b85d12450344b4c7bf4ce036360) Importer(815301076,1909f56bfc062723c751e8b465ee728b)
Start importing Assets/Models/GIraffe/1.png using Guid(d4638b85d12450344b4c7bf4ce036360) Importer(815301076,1909f56bfc062723c751e8b465ee728b) (PreviewImporter)[PhysX] Initialized MultithreadedTaskDispatcher with 6 workers.
[PhysX] Initialized MultithreadedTaskDispatcher with 6 workers.
 -> (artifact id: '4f5f5e28a6a3086572c398f2ab411031') in 0.0120189 seconds
Number of updated asset objects reloaded before import = 0Number of asset objects unloaded after import = 3

========================================================================
Received Import Request.
  Time since last request: 0.000015 seconds.
  path: Assets/Models/Misiu/3.png
  artifactKey: Guid(aa881a33ac1d1d84ba0f953764449f1e) Importer(815301076,1909f56bfc062723c751e8b465ee728b)
Start importing Assets/Models/Misiu/3.png using Guid(aa881a33ac1d1d84ba0f953764449f1e) Importer(815301076,1909f56bfc062723c751e8b465ee728b) (PreviewImporter)[PhysX] Initialized MultithreadedTaskDispatcher with 6 workers.
[PhysX] Initialized MultithreadedTaskDispatcher with 6 workers.
 -> (artifact id: 'bb736779f91ec727436c84ffc8d04c38') in 0.0133051 seconds
Number of updated asset objects reloaded before import = 0Number of asset objects unloaded after import = 3

========================================================================
Received Import Request.
  Time since last request: 0.000018 seconds.
  path: Assets/Models/GIraffe/2.png
  artifactKey: Guid(2079800d6461e764b82a2b7104ce0e74) Importer(815301076,1909f56bfc062723c751e8b465ee728b)
Start importing Assets/Models/GIraffe/2.png using Guid(2079800d6461e764b82a2b7104ce0e74) Importer(815301076,1909f56bfc062723c751e8b465ee728b) (PreviewImporter)[PhysX] Initialized MultithreadedTaskDispatcher with 6 workers.
[PhysX] Initialized MultithreadedTaskDispatcher with 6 workers.
 -> (artifact id: '6a68b73c5afa6f1e999474fcf5a86e14') in 0.013278 seconds
Number of updated asset objects reloaded before import = 0Number of asset objects unloaded after import = 3

========================================================================
Received Import Request.
  Time since last request: 0.000024 seconds.
  path: Assets/Models/Motyl/3.png
  artifactKey: Guid(80cfb2231a54ef04e894416c28eb6cbe) Importer(815301076,1909f56bfc062723c751e8b465ee728b)
Start importing Assets/Models/Motyl/3.png using Guid(80cfb2231a54ef04e894416c28eb6cbe) Importer(815301076,1909f56bfc062723c751e8b465ee728b) (PreviewImporter)[PhysX] Initialized MultithreadedTaskDispatcher with 6 workers.
[PhysX] Initialized MultithreadedTaskDispatcher with 6 workers.
 -> (artifact id: '8c28bf066991d211015700373765f424') in 0.0126616 seconds
Number of updated asset objects reloaded before import = 0Number of asset objects unloaded after import = 3

========================================================================
Received Prepare
Refreshing native plugins compatible for Editor in 0.65 ms, found 2 plugins.
Preloading 0 native plugins for Editor in 0.00 ms.
Unloading 0 Unused Serialized files (Serialized files now loaded: 0)
Unloading 1676 unused Assets / (247.9 KB). Loaded Objects now: 2419.
Memory consumption went from 94.3 MB to 94.1 MB.
Total: 5.704300 ms (FindLiveObjects: 0.170300 ms CreateObjectMapping: 0.061700 ms MarkObjects: 5.125900 ms  DeleteObjects: 0.345200 ms)

Prepare: number of updated asset objects reloaded= 0
========================================================================
Received Prepare
Begin MonoManager ReloadAssembly
- Loaded All Assemblies, in  0.476 seconds
Refreshing native plugins compatible for Editor in 0.65 ms, found 2 plugins.
Native extension for WindowsStandalone target not found
Mono: successfully reloaded assembly
- Finished resetting the current domain, in  0.798 seconds
Domain Reload Profiling: 1274ms
	BeginReloadAssembly (178ms)
		ExecutionOrderSort (0ms)
		DisableScriptedObjects (10ms)
		BackupInstance (0ms)
		ReleaseScriptingObjects (0ms)
		CreateAndSetChildDomain (38ms)
	RebuildCommonClasses (39ms)
	RebuildNativeTypeToScriptingClass (12ms)
	initialDomainReloadingComplete (25ms)
	LoadAllAssembliesAndSetupDomain (221ms)
		LoadAssemblies (248ms)
		RebuildTransferFunctionScriptingTraits (0ms)
		AnalyzeDomain (67ms)
			TypeCache.Refresh (6ms)
				TypeCache.ScanAssembly (0ms)
			BuildScriptInfoCaches (56ms)
			ResolveRequiredComponents (3ms)
	FinalizeReload (799ms)
		ReleaseScriptCaches (0ms)
		RebuildScriptCaches (0ms)
		SetupLoadedEditorAssemblies (619ms)
			LogAssemblyErrors (0ms)
			InitializePlatformSupportModulesInManaged (2ms)
			SetLoadedEditorAssemblies (4ms)
			BeforeProcessingInitializeOnLoad (50ms)
			ProcessInitializeOnLoadAttributes (333ms)
			ProcessInitializeOnLoadMethodAttributes (227ms)
			AfterProcessingInitializeOnLoad (3ms)
			EditorAssembliesLoaded (0ms)
		ExecutionOrderSort2 (0ms)
		AwakeInstancesAfterBackupRestoration (6ms)
Refreshing native plugins compatible for Editor in 0.72 ms, found 2 plugins.
Preloading 0 native plugins for Editor in 0.00 ms.
Unloading 0 Unused Serialized files (Serialized files now loaded: 0)
Unloading 1682 unused Assets / (329.4 KB). Loaded Objects now: 2418.
Memory consumption went from 93.2 MB to 92.9 MB.
Total: 4.093000 ms (FindLiveObjects: 0.171700 ms CreateObjectMapping: 0.062900 ms MarkObjects: 3.554100 ms  DeleteObjects: 0.303300 ms)

Prepare: number of updated asset objects reloaded= 0
========================================================================
Received Prepare
Refreshing native plugins compatible for Editor in 0.92 ms, found 2 plugins.
Preloading 0 native plugins for Editor in 0.00 ms.
Unloading 0 Unused Serialized files (Serialized files now loaded: 0)
Unloading 1677 unused Assets / (383.0 KB). Loaded Objects now: 2419.
Memory consumption went from 93.4 MB to 93.0 MB.
Total: 5.495100 ms (FindLiveObjects: 0.416300 ms CreateObjectMapping: 0.095800 ms MarkObjects: 4.486200 ms  DeleteObjects: 0.495700 ms)

Prepare: number of updated asset objects reloaded= 0
========================================================================
Received Prepare
Begin MonoManager ReloadAssembly
- Loaded All Assemblies, in  0.476 seconds
Refreshing native plugins compatible for Editor in 0.85 ms, found 2 plugins.
Native extension for WindowsStandalone target not found
Mono: successfully reloaded assembly
- Finished resetting the current domain, in  0.814 seconds
Domain Reload Profiling: 1288ms
	BeginReloadAssembly (171ms)
		ExecutionOrderSort (0ms)
		DisableScriptedObjects (8ms)
		BackupInstance (0ms)
		ReleaseScriptingObjects (0ms)
		CreateAndSetChildDomain (38ms)
	RebuildCommonClasses (34ms)
	RebuildNativeTypeToScriptingClass (11ms)
	initialDomainReloadingComplete (23ms)
	LoadAllAssembliesAndSetupDomain (233ms)
		LoadAssemblies (257ms)
		RebuildTransferFunctionScriptingTraits (0ms)
		AnalyzeDomain (71ms)
			TypeCache.Refresh (6ms)
				TypeCache.ScanAssembly (0ms)
			BuildScriptInfoCaches (59ms)
			ResolveRequiredComponents (3ms)
	FinalizeReload (814ms)
		ReleaseScriptCaches (0ms)
		RebuildScriptCaches (0ms)
		SetupLoadedEditorAssemblies (605ms)
			LogAssemblyErrors (0ms)
			InitializePlatformSupportModulesInManaged (2ms)
			SetLoadedEditorAssemblies (4ms)
			BeforeProcessingInitializeOnLoad (42ms)
			ProcessInitializeOnLoadAttributes (345ms)
			ProcessInitializeOnLoadMethodAttributes (208ms)
			AfterProcessingInitializeOnLoad (4ms)
			EditorAssembliesLoaded (0ms)
		ExecutionOrderSort2 (0ms)
		AwakeInstancesAfterBackupRestoration (7ms)
Refreshing native plugins compatible for Editor in 0.79 ms, found 2 plugins.
Preloading 0 native plugins for Editor in 0.00 ms.
Unloading 0 Unused Serialized files (Serialized files now loaded: 0)
Unloading 1683 unused Assets / (356.5 KB). Loaded Objects now: 2419.
Memory consumption went from 93.2 MB to 92.9 MB.
Total: 6.200200 ms (FindLiveObjects: 0.165500 ms CreateObjectMapping: 0.111600 ms MarkObjects: 5.534200 ms  DeleteObjects: 0.388100 ms)

Prepare: number of updated asset objects reloaded= 0
========================================================================
Received Prepare
Refreshing native plugins compatible for Editor in 0.85 ms, found 2 plugins.
Preloading 0 native plugins for Editor in 0.00 ms.
Unloading 0 Unused Serialized files (Serialized files now loaded: 0)
Unloading 1677 unused Assets / (501.5 KB). Loaded Objects now: 2419.
Memory consumption went from 93.4 MB to 92.9 MB.
Total: 6.153900 ms (FindLiveObjects: 0.269300 ms CreateObjectMapping: 0.088500 ms MarkObjects: 5.334800 ms  DeleteObjects: 0.460800 ms)

Prepare: number of updated asset objects reloaded= 0
========================================================================
Received Prepare
Begin MonoManager ReloadAssembly
- Loaded All Assemblies, in  0.492 seconds
Refreshing native plugins compatible for Editor in 0.70 ms, found 2 plugins.
Native extension for WindowsStandalone target not found
Mono: successfully reloaded assembly
- Finished resetting the current domain, in  0.796 seconds
Domain Reload Profiling: 1287ms
	BeginReloadAssembly (173ms)
		ExecutionOrderSort (0ms)
		DisableScriptedObjects (9ms)
		BackupInstance (0ms)
		ReleaseScriptingObjects (0ms)
		CreateAndSetChildDomain (37ms)
	RebuildCommonClasses (40ms)
	RebuildNativeTypeToScriptingClass (15ms)
	initialDomainReloadingComplete (21ms)
	LoadAllAssembliesAndSetupDomain (240ms)
		LoadAssemblies (250ms)
		RebuildTransferFunctionScriptingTraits (0ms)
		AnalyzeDomain (80ms)
			TypeCache.Refresh (6ms)
				TypeCache.ScanAssembly (0ms)
			BuildScriptInfoCaches (69ms)
			ResolveRequiredComponents (3ms)
	FinalizeReload (797ms)
		ReleaseScriptCaches (0ms)
		RebuildScriptCaches (0ms)
		SetupLoadedEditorAssemblies (595ms)
			LogAssemblyErrors (0ms)
			InitializePlatformSupportModulesInManaged (2ms)
			SetLoadedEditorAssemblies (5ms)
			BeforeProcessingInitializeOnLoad (51ms)
			ProcessInitializeOnLoadAttributes (314ms)
			ProcessInitializeOnLoadMethodAttributes (220ms)
			AfterProcessingInitializeOnLoad (4ms)
			EditorAssembliesLoaded (0ms)
		ExecutionOrderSort2 (0ms)
		AwakeInstancesAfterBackupRestoration (6ms)
Refreshing native plugins compatible for Editor in 1.05 ms, found 2 plugins.
Preloading 0 native plugins for Editor in 0.00 ms.
Unloading 0 Unused Serialized files (Serialized files now loaded: 0)
Unloading 1683 unused Assets / (269.3 KB). Loaded Objects now: 2419.
Memory consumption went from 93.2 MB to 92.9 MB.
Total: 5.895000 ms (FindLiveObjects: 0.168800 ms CreateObjectMapping: 0.061900 ms MarkObjects: 5.373200 ms  DeleteObjects: 0.290600 ms)

Prepare: number of updated asset objects reloaded= 0
========================================================================
Received Prepare
Refreshing native plugins compatible for Editor in 0.72 ms, found 2 plugins.
Preloading 0 native plugins for Editor in 0.00 ms.
Unloading 0 Unused Serialized files (Serialized files now loaded: 0)
Unloading 1678 unused Assets / (371.3 KB). Loaded Objects now: 2420.
Memory consumption went from 93.4 MB to 93.0 MB.
Total: 4.737600 ms (FindLiveObjects: 0.239300 ms CreateObjectMapping: 0.073600 ms MarkObjects: 3.979300 ms  DeleteObjects: 0.444700 ms)

Prepare: number of updated asset objects reloaded= 0
========================================================================
Received Prepare
Begin MonoManager ReloadAssembly
- Loaded All Assemblies, in  0.493 seconds
Refreshing native plugins compatible for Editor in 0.87 ms, found 2 plugins.
Native extension for WindowsStandalone target not found
Mono: successfully reloaded assembly
- Finished resetting the current domain, in  0.831 seconds
Domain Reload Profiling: 1322ms
	BeginReloadAssembly (176ms)
		ExecutionOrderSort (0ms)
		DisableScriptedObjects (9ms)
		BackupInstance (0ms)
		ReleaseScriptingObjects (0ms)
		CreateAndSetChildDomain (36ms)
	RebuildCommonClasses (40ms)
	RebuildNativeTypeToScriptingClass (10ms)
	initialDomainReloadingComplete (21ms)
	LoadAllAssembliesAndSetupDomain (244ms)
		LoadAssemblies (269ms)
		RebuildTransferFunctionScriptingTraits (0ms)
		AnalyzeDomain (72ms)
			TypeCache.Refresh (6ms)
				TypeCache.ScanAssembly (0ms)
			BuildScriptInfoCaches (61ms)
			ResolveRequiredComponents (2ms)
	FinalizeReload (831ms)
		ReleaseScriptCaches (0ms)
		RebuildScriptCaches (0ms)
		SetupLoadedEditorAssemblies (633ms)
			LogAssemblyErrors (0ms)
			InitializePlatformSupportModulesInManaged (2ms)
			SetLoadedEditorAssemblies (4ms)
			BeforeProcessingInitializeOnLoad (50ms)
			ProcessInitializeOnLoadAttributes (351ms)
			ProcessInitializeOnLoadMethodAttributes (224ms)
			AfterProcessingInitializeOnLoad (3ms)
			EditorAssembliesLoaded (0ms)
		ExecutionOrderSort2 (0ms)
		AwakeInstancesAfterBackupRestoration (10ms)
Refreshing native plugins compatible for Editor in 0.67 ms, found 2 plugins.
Preloading 0 native plugins for Editor in 0.00 ms.
Unloading 0 Unused Serialized files (Serialized files now loaded: 0)
Unloading 1684 unused Assets / (362.5 KB). Loaded Objects now: 2420.
Memory consumption went from 93.2 MB to 92.9 MB.
Total: 5.282300 ms (FindLiveObjects: 0.182700 ms CreateObjectMapping: 0.064800 ms MarkObjects: 4.570800 ms  DeleteObjects: 0.463100 ms)

Prepare: number of updated asset objects reloaded= 0
========================================================================
Received Prepare
Begin MonoManager ReloadAssembly
- Loaded All Assemblies, in  0.503 seconds
Refreshing native plugins compatible for Editor in 0.69 ms, found 2 plugins.
Native extension for WindowsStandalone target not found
Mono: successfully reloaded assembly
- Finished resetting the current domain, in  0.801 seconds
Domain Reload Profiling: 1302ms
	BeginReloadAssembly (206ms)
		ExecutionOrderSort (0ms)
		DisableScriptedObjects (9ms)
		BackupInstance (0ms)
		ReleaseScriptingObjects (0ms)
		CreateAndSetChildDomain (44ms)
	RebuildCommonClasses (34ms)
	RebuildNativeTypeToScriptingClass (9ms)
	initialDomainReloadingComplete (23ms)
	LoadAllAssembliesAndSetupDomain (228ms)
		LoadAssemblies (275ms)
		RebuildTransferFunctionScriptingTraits (0ms)
		AnalyzeDomain (67ms)
			TypeCache.Refresh (5ms)
				TypeCache.ScanAssembly (0ms)
			BuildScriptInfoCaches (56ms)
			ResolveRequiredComponents (3ms)
	FinalizeReload (801ms)
		ReleaseScriptCaches (0ms)
		RebuildScriptCaches (0ms)
		SetupLoadedEditorAssemblies (605ms)
			LogAssemblyErrors (0ms)
			InitializePlatformSupportModulesInManaged (3ms)
			SetLoadedEditorAssemblies (5ms)
			BeforeProcessingInitializeOnLoad (46ms)
			ProcessInitializeOnLoadAttributes (326ms)
			ProcessInitializeOnLoadMethodAttributes (221ms)
			AfterProcessingInitializeOnLoad (4ms)
			EditorAssembliesLoaded (0ms)
		ExecutionOrderSort2 (0ms)
		AwakeInstancesAfterBackupRestoration (7ms)
Refreshing native plugins compatible for Editor in 1.43 ms, found 2 plugins.
Preloading 0 native plugins for Editor in 0.00 ms.
Unloading 0 Unused Serialized files (Serialized files now loaded: 0)
Unloading 1684 unused Assets / (475.6 KB). Loaded Objects now: 2420.
Memory consumption went from 93.2 MB to 92.8 MB.
Total: 6.303700 ms (FindLiveObjects: 0.319300 ms CreateObjectMapping: 0.111100 ms MarkObjects: 5.395900 ms  DeleteObjects: 0.476700 ms)

Prepare: number of updated asset objects reloaded= 0
========================================================================
Received Prepare
Begin MonoManager ReloadAssembly
- Loaded All Assemblies, in  0.486 seconds
Refreshing native plugins compatible for Editor in 0.90 ms, found 2 plugins.
Native extension for WindowsStandalone target not found
Mono: successfully reloaded assembly
- Finished resetting the current domain, in  0.821 seconds
Domain Reload Profiling: 1306ms
	BeginReloadAssembly (175ms)
		ExecutionOrderSort (0ms)
		DisableScriptedObjects (8ms)
		BackupInstance (0ms)
		ReleaseScriptingObjects (0ms)
		CreateAndSetChildDomain (39ms)
	RebuildCommonClasses (45ms)
	RebuildNativeTypeToScriptingClass (14ms)
	initialDomainReloadingComplete (21ms)
	LoadAllAssembliesAndSetupDomain (231ms)
		LoadAssemblies (252ms)
		RebuildTransferFunctionScriptingTraits (0ms)
		AnalyzeDomain (71ms)
			TypeCache.Refresh (5ms)
				TypeCache.ScanAssembly (0ms)
			BuildScriptInfoCaches (60ms)
			ResolveRequiredComponents (3ms)
	FinalizeReload (821ms)
		ReleaseScriptCaches (0ms)
		RebuildScriptCaches (0ms)
		SetupLoadedEditorAssemblies (626ms)
			LogAssemblyErrors (0ms)
			InitializePlatformSupportModulesInManaged (3ms)
			SetLoadedEditorAssemblies (3ms)
			BeforeProcessingInitializeOnLoad (51ms)
			ProcessInitializeOnLoadAttributes (339ms)
			ProcessInitializeOnLoadMethodAttributes (225ms)
			AfterProcessingInitializeOnLoad (5ms)
			EditorAssembliesLoaded (0ms)
		ExecutionOrderSort2 (0ms)
		AwakeInstancesAfterBackupRestoration (9ms)
Refreshing native plugins compatible for Editor in 0.75 ms, found 2 plugins.
Preloading 0 native plugins for Editor in 0.00 ms.
Unloading 0 Unused Serialized files (Serialized files now loaded: 0)
Unloading 1684 unused Assets / (368.3 KB). Loaded Objects now: 2420.
Memory consumption went from 93.2 MB to 92.9 MB.
Total: 4.331800 ms (FindLiveObjects: 0.171900 ms CreateObjectMapping: 0.067300 ms MarkObjects: 3.723300 ms  DeleteObjects: 0.368800 ms)

Prepare: number of updated asset objects reloaded= 0
========================================================================
Received Prepare
Refreshing native plugins compatible for Editor in 0.67 ms, found 2 plugins.
Preloading 0 native plugins for Editor in 0.00 ms.
Unloading 0 Unused Serialized files (Serialized files now loaded: 0)
Unloading 1678 unused Assets / (356.8 KB). Loaded Objects now: 2420.
Memory consumption went from 93.4 MB to 93.1 MB.
Total: 4.538200 ms (FindLiveObjects: 0.167400 ms CreateObjectMapping: 0.061800 ms MarkObjects: 3.941900 ms  DeleteObjects: 0.366700 ms)

Prepare: number of updated asset objects reloaded= 0
========================================================================
Received Prepare
Begin MonoManager ReloadAssembly
- Loaded All Assemblies, in  0.488 seconds
Refreshing native plugins compatible for Editor in 0.68 ms, found 2 plugins.
Native extension for WindowsStandalone target not found
Mono: successfully reloaded assembly
- Finished resetting the current domain, in  0.821 seconds
Domain Reload Profiling: 1308ms
	BeginReloadAssembly (184ms)
		ExecutionOrderSort (0ms)
		DisableScriptedObjects (9ms)
		BackupInstance (0ms)
		ReleaseScriptingObjects (0ms)
		CreateAndSetChildDomain (36ms)
	RebuildCommonClasses (34ms)
	RebuildNativeTypeToScriptingClass (14ms)
	initialDomainReloadingComplete (26ms)
	LoadAllAssembliesAndSetupDomain (228ms)
		LoadAssemblies (259ms)
		RebuildTransferFunctionScriptingTraits (0ms)
		AnalyzeDomain (68ms)
			TypeCache.Refresh (6ms)
				TypeCache.ScanAssembly (0ms)
			BuildScriptInfoCaches (58ms)
			ResolveRequiredComponents (2ms)
	FinalizeReload (822ms)
		ReleaseScriptCaches (0ms)
		RebuildScriptCaches (0ms)
		SetupLoadedEditorAssemblies (619ms)
			LogAssemblyErrors (0ms)
			InitializePlatformSupportModulesInManaged (3ms)
			SetLoadedEditorAssemblies (5ms)
			BeforeProcessingInitializeOnLoad (47ms)
			ProcessInitializeOnLoadAttributes (340ms)
			ProcessInitializeOnLoadMethodAttributes (219ms)
			AfterProcessingInitializeOnLoad (5ms)
			EditorAssembliesLoaded (0ms)
		ExecutionOrderSort2 (0ms)
		AwakeInstancesAfterBackupRestoration (8ms)
Refreshing native plugins compatible for Editor in 0.76 ms, found 2 plugins.
Preloading 0 native plugins for Editor in 0.00 ms.
Unloading 0 Unused Serialized files (Serialized files now loaded: 0)
Unloading 1684 unused Assets / (364.4 KB). Loaded Objects now: 2420.
Memory consumption went from 93.2 MB to 92.9 MB.
Total: 4.530600 ms (FindLiveObjects: 0.161300 ms CreateObjectMapping: 0.110800 ms MarkObjects: 3.901000 ms  DeleteObjects: 0.357200 ms)

Prepare: number of updated asset objects reloaded= 0
========================================================================
Received Prepare
Begin MonoManager ReloadAssembly
- Loaded All Assemblies, in  0.404 seconds
Refreshing native plugins compatible for Editor in 0.59 ms, found 2 plugins.
Native extension for WindowsStandalone target not found
Mono: successfully reloaded assembly
- Finished resetting the current domain, in  0.714 seconds
Domain Reload Profiling: 1116ms
	BeginReloadAssembly (147ms)
		ExecutionOrderSort (0ms)
		DisableScriptedObjects (6ms)
		BackupInstance (0ms)
		ReleaseScriptingObjects (0ms)
		CreateAndSetChildDomain (33ms)
	RebuildCommonClasses (27ms)
	RebuildNativeTypeToScriptingClass (12ms)
	initialDomainReloadingComplete (21ms)
	LoadAllAssembliesAndSetupDomain (196ms)
		LoadAssemblies (218ms)
		RebuildTransferFunctionScriptingTraits (0ms)
		AnalyzeDomain (56ms)
			TypeCache.Refresh (4ms)
				TypeCache.ScanAssembly (0ms)
			BuildScriptInfoCaches (48ms)
			ResolveRequiredComponents (2ms)
	FinalizeReload (714ms)
		ReleaseScriptCaches (0ms)
		RebuildScriptCaches (0ms)
		SetupLoadedEditorAssemblies (532ms)
			LogAssemblyErrors (0ms)
			InitializePlatformSupportModulesInManaged (3ms)
			SetLoadedEditorAssemblies (3ms)
			BeforeProcessingInitializeOnLoad (49ms)
			ProcessInitializeOnLoadAttributes (298ms)
			ProcessInitializeOnLoadMethodAttributes (176ms)
			AfterProcessingInitializeOnLoad (4ms)
			EditorAssembliesLoaded (0ms)
		ExecutionOrderSort2 (0ms)
		AwakeInstancesAfterBackupRestoration (7ms)
Refreshing native plugins compatible for Editor in 0.74 ms, found 2 plugins.
Preloading 0 native plugins for Editor in 0.00 ms.
Unloading 0 Unused Serialized files (Serialized files now loaded: 0)
Unloading 1684 unused Assets / (396.4 KB). Loaded Objects now: 2420.
Memory consumption went from 93.2 MB to 92.8 MB.
Total: 5.993600 ms (FindLiveObjects: 0.163700 ms CreateObjectMapping: 0.063200 ms MarkObjects: 5.293300 ms  DeleteObjects: 0.472300 ms)

Prepare: number of updated asset objects reloaded= 0
========================================================================
Received Prepare
Begin MonoManager ReloadAssembly
- Loaded All Assemblies, in  0.407 seconds
Refreshing native plugins compatible for Editor in 0.65 ms, found 2 plugins.
Native extension for WindowsStandalone target not found
Mono: successfully reloaded assembly
- Finished resetting the current domain, in  0.692 seconds
Domain Reload Profiling: 1098ms
	BeginReloadAssembly (147ms)
		ExecutionOrderSort (0ms)
		DisableScriptedObjects (7ms)
		BackupInstance (0ms)
		ReleaseScriptingObjects (0ms)
		CreateAndSetChildDomain (31ms)
	RebuildCommonClasses (30ms)
	RebuildNativeTypeToScriptingClass (15ms)
	initialDomainReloadingComplete (19ms)
	LoadAllAssembliesAndSetupDomain (195ms)
		LoadAssemblies (218ms)
		RebuildTransferFunctionScriptingTraits (0ms)
		AnalyzeDomain (58ms)
			TypeCache.Refresh (4ms)
				TypeCache.ScanAssembly (0ms)
			BuildScriptInfoCaches (50ms)
			ResolveRequiredComponents (2ms)
	FinalizeReload (692ms)
		ReleaseScriptCaches (0ms)
		RebuildScriptCaches (0ms)
		SetupLoadedEditorAssemblies (524ms)
			LogAssemblyErrors (0ms)
			InitializePlatformSupportModulesInManaged (2ms)
			SetLoadedEditorAssemblies (3ms)
			BeforeProcessingInitializeOnLoad (44ms)
			ProcessInitializeOnLoadAttributes (281ms)
			ProcessInitializeOnLoadMethodAttributes (189ms)
			AfterProcessingInitializeOnLoad (4ms)
			EditorAssembliesLoaded (0ms)
		ExecutionOrderSort2 (0ms)
		AwakeInstancesAfterBackupRestoration (10ms)
Refreshing native plugins compatible for Editor in 0.69 ms, found 2 plugins.
Preloading 0 native plugins for Editor in 0.00 ms.
Unloading 0 Unused Serialized files (Serialized files now loaded: 0)
Unloading 1684 unused Assets / (310.9 KB). Loaded Objects now: 2420.
Memory consumption went from 93.2 MB to 92.9 MB.
Total: 4.391400 ms (FindLiveObjects: 0.169100 ms CreateObjectMapping: 0.063200 ms MarkObjects: 3.868800 ms  DeleteObjects: 0.289700 ms)

Prepare: number of updated asset objects reloaded= 0
========================================================================
Received Prepare
Refreshing native plugins compatible for Editor in 1.16 ms, found 2 plugins.
Preloading 0 native plugins for Editor in 0.00 ms.
Unloading 0 Unused Serialized files (Serialized files now loaded: 0)
Unloading 1678 unused Assets / (367.3 KB). Loaded Objects now: 2420.
Memory consumption went from 93.4 MB to 93.1 MB.
Total: 8.187800 ms (FindLiveObjects: 0.374400 ms CreateObjectMapping: 0.125000 ms MarkObjects: 7.054500 ms  DeleteObjects: 0.632000 ms)

Prepare: number of updated asset objects reloaded= 0
========================================================================
Received Prepare
Refreshing native plugins compatible for Editor in 0.92 ms, found 2 plugins.
Preloading 0 native plugins for Editor in 0.00 ms.
Unloading 0 Unused Serialized files (Serialized files now loaded: 0)
Unloading 1678 unused Assets / (411.0 KB). Loaded Objects now: 2420.
Memory consumption went from 93.4 MB to 93.0 MB.
Total: 6.402600 ms (FindLiveObjects: 0.348200 ms CreateObjectMapping: 0.065700 ms MarkObjects: 5.567600 ms  DeleteObjects: 0.420400 ms)

Prepare: number of updated asset objects reloaded= 0
========================================================================
Received Prepare
Refreshing native plugins compatible for Editor in 0.87 ms, found 2 plugins.
Preloading 0 native plugins for Editor in 0.00 ms.
Unloading 0 Unused Serialized files (Serialized files now loaded: 0)
Unloading 1678 unused Assets / (376.2 KB). Loaded Objects now: 2420.
Memory consumption went from 93.4 MB to 93.1 MB.
Total: 5.409200 ms (FindLiveObjects: 0.203600 ms CreateObjectMapping: 0.073000 ms MarkObjects: 4.718400 ms  DeleteObjects: 0.413600 ms)

Prepare: number of updated asset objects reloaded= 0
========================================================================
Received Prepare
Begin MonoManager ReloadAssembly
- Loaded All Assemblies, in  0.516 seconds
Refreshing native plugins compatible for Editor in 0.61 ms, found 2 plugins.
Native extension for WindowsStandalone target not found
Mono: successfully reloaded assembly
- Finished resetting the current domain, in  0.764 seconds
Domain Reload Profiling: 1280ms
	BeginReloadAssembly (187ms)
		ExecutionOrderSort (0ms)
		DisableScriptedObjects (6ms)
		BackupInstance (0ms)
		ReleaseScriptingObjects (0ms)
		CreateAndSetChildDomain (39ms)
	RebuildCommonClasses (38ms)
	RebuildNativeTypeToScriptingClass (14ms)
	initialDomainReloadingComplete (20ms)
	LoadAllAssembliesAndSetupDomain (256ms)
		LoadAssemblies (280ms)
		RebuildTransferFunctionScriptingTraits (0ms)
		AnalyzeDomain (77ms)
			TypeCache.Refresh (6ms)
				TypeCache.ScanAssembly (0ms)
			BuildScriptInfoCaches (65ms)
			ResolveRequiredComponents (3ms)
	FinalizeReload (764ms)
		ReleaseScriptCaches (0ms)
		RebuildScriptCaches (0ms)
		SetupLoadedEditorAssemblies (586ms)
			LogAssemblyErrors (0ms)
			InitializePlatformSupportModulesInManaged (3ms)
			SetLoadedEditorAssemblies (5ms)
			BeforeProcessingInitializeOnLoad (43ms)
			ProcessInitializeOnLoadAttributes (324ms)
			ProcessInitializeOnLoadMethodAttributes (207ms)
			AfterProcessingInitializeOnLoad (4ms)
			EditorAssembliesLoaded (0ms)
		ExecutionOrderSort2 (0ms)
		AwakeInstancesAfterBackupRestoration (8ms)
Refreshing native plugins compatible for Editor in 0.80 ms, found 2 plugins.
Preloading 0 native plugins for Editor in 0.00 ms.
Unloading 0 Unused Serialized files (Serialized files now loaded: 0)
Unloading 1684 unused Assets / (385.8 KB). Loaded Objects now: 2420.
Memory consumption went from 93.2 MB to 92.9 MB.
Total: 4.804400 ms (FindLiveObjects: 0.174900 ms CreateObjectMapping: 0.065700 ms MarkObjects: 4.144100 ms  DeleteObjects: 0.419100 ms)

Prepare: number of updated asset objects reloaded= 0
========================================================================
Received Prepare
Begin MonoManager ReloadAssembly
- Loaded All Assemblies, in  0.410 seconds
Refreshing native plugins compatible for Editor in 0.69 ms, found 2 plugins.
Native extension for WindowsStandalone target not found
Mono: successfully reloaded assembly
- Finished resetting the current domain, in  0.695 seconds
Domain Reload Profiling: 1105ms
	BeginReloadAssembly (155ms)
		ExecutionOrderSort (0ms)
		DisableScriptedObjects (6ms)
		BackupInstance (0ms)
		ReleaseScriptingObjects (0ms)
		CreateAndSetChildDomain (30ms)
	RebuildCommonClasses (29ms)
	RebuildNativeTypeToScriptingClass (13ms)
	initialDomainReloadingComplete (20ms)
	LoadAllAssembliesAndSetupDomain (191ms)
		LoadAssemblies (224ms)
		RebuildTransferFunctionScriptingTraits (0ms)
		AnalyzeDomain (56ms)
			TypeCache.Refresh (3ms)
				TypeCache.ScanAssembly (0ms)
			BuildScriptInfoCaches (48ms)
			ResolveRequiredComponents (2ms)
	FinalizeReload (695ms)
		ReleaseScriptCaches (0ms)
		RebuildScriptCaches (0ms)
		SetupLoadedEditorAssemblies (522ms)
			LogAssemblyErrors (0ms)
			InitializePlatformSupportModulesInManaged (2ms)
			SetLoadedEditorAssemblies (3ms)
			BeforeProcessingInitializeOnLoad (40ms)
			ProcessInitializeOnLoadAttributes (293ms)
			ProcessInitializeOnLoadMethodAttributes (178ms)
			AfterProcessingInitializeOnLoad (5ms)
			EditorAssembliesLoaded (0ms)
		ExecutionOrderSort2 (0ms)
		AwakeInstancesAfterBackupRestoration (7ms)
Refreshing native plugins compatible for Editor in 1.01 ms, found 2 plugins.
Preloading 0 native plugins for Editor in 0.00 ms.
Unloading 0 Unused Serialized files (Serialized files now loaded: 0)
Unloading 1684 unused Assets / (341.0 KB). Loaded Objects now: 2420.
Memory consumption went from 93.2 MB to 92.9 MB.
Total: 4.540700 ms (FindLiveObjects: 0.190800 ms CreateObjectMapping: 0.071500 ms MarkObjects: 3.962500 ms  DeleteObjects: 0.315100 ms)

Prepare: number of updated asset objects reloaded= 0
========================================================================
Received Prepare
Begin MonoManager ReloadAssembly
- Loaded All Assemblies, in  0.503 seconds
Refreshing native plugins compatible for Editor in 0.67 ms, found 2 plugins.
Native extension for WindowsStandalone target not found
Mono: successfully reloaded assembly
- Finished resetting the current domain, in  0.783 seconds
Domain Reload Profiling: 1286ms
	BeginReloadAssembly (184ms)
		ExecutionOrderSort (0ms)
		DisableScriptedObjects (7ms)
		BackupInstance (0ms)
		ReleaseScriptingObjects (0ms)
		CreateAndSetChildDomain (37ms)
	RebuildCommonClasses (33ms)
	RebuildNativeTypeToScriptingClass (15ms)
	initialDomainReloadingComplete (28ms)
	LoadAllAssembliesAndSetupDomain (241ms)
		LoadAssemblies (264ms)
		RebuildTransferFunctionScriptingTraits (0ms)
		AnalyzeDomain (80ms)
			TypeCache.Refresh (6ms)
				TypeCache.ScanAssembly (0ms)
			BuildScriptInfoCaches (69ms)
			ResolveRequiredComponents (2ms)
	FinalizeReload (784ms)
		ReleaseScriptCaches (0ms)
		RebuildScriptCaches (0ms)
		SetupLoadedEditorAssemblies (592ms)
			LogAssemblyErrors (0ms)
			InitializePlatformSupportModulesInManaged (3ms)
			SetLoadedEditorAssemblies (5ms)
			BeforeProcessingInitializeOnLoad (46ms)
			ProcessInitializeOnLoadAttributes (320ms)
			ProcessInitializeOnLoadMethodAttributes (212ms)
			AfterProcessingInitializeOnLoad (5ms)
			EditorAssembliesLoaded (0ms)
		ExecutionOrderSort2 (0ms)
		AwakeInstancesAfterBackupRestoration (8ms)
Refreshing native plugins compatible for Editor in 0.73 ms, found 2 plugins.
Preloading 0 native plugins for Editor in 0.00 ms.
Unloading 0 Unused Serialized files (Serialized files now loaded: 0)
Unloading 1684 unused Assets / (377.0 KB). Loaded Objects now: 2420.
Memory consumption went from 93.2 MB to 92.9 MB.
Total: 4.469100 ms (FindLiveObjects: 0.171400 ms CreateObjectMapping: 0.066000 ms MarkObjects: 3.851900 ms  DeleteObjects: 0.379200 ms)

Prepare: number of updated asset objects reloaded= 0
========================================================================
Received Prepare
Begin MonoManager ReloadAssembly
- Loaded All Assemblies, in  0.410 seconds
Refreshing native plugins compatible for Editor in 0.64 ms, found 2 plugins.
Native extension for WindowsStandalone target not found
Mono: successfully reloaded assembly
- Finished resetting the current domain, in  0.674 seconds
Domain Reload Profiling: 1083ms
	BeginReloadAssembly (154ms)
		ExecutionOrderSort (0ms)
		DisableScriptedObjects (6ms)
		BackupInstance (0ms)
		ReleaseScriptingObjects (0ms)
		CreateAndSetChildDomain (32ms)
	RebuildCommonClasses (29ms)
	RebuildNativeTypeToScriptingClass (10ms)
	initialDomainReloadingComplete (29ms)
	LoadAllAssembliesAndSetupDomain (187ms)
		LoadAssemblies (218ms)
		RebuildTransferFunctionScriptingTraits (0ms)
		AnalyzeDomain (56ms)
			TypeCache.Refresh (3ms)
				TypeCache.ScanAssembly (0ms)
			BuildScriptInfoCaches (49ms)
			ResolveRequiredComponents (2ms)
	FinalizeReload (675ms)
		ReleaseScriptCaches (0ms)
		RebuildScriptCaches (0ms)
		SetupLoadedEditorAssemblies (506ms)
			LogAssemblyErrors (0ms)
			InitializePlatformSupportModulesInManaged (3ms)
			SetLoadedEditorAssemblies (4ms)
			BeforeProcessingInitializeOnLoad (37ms)
			ProcessInitializeOnLoadAttributes (275ms)
			ProcessInitializeOnLoadMethodAttributes (183ms)
			AfterProcessingInitializeOnLoad (3ms)
			EditorAssembliesLoaded (0ms)
		ExecutionOrderSort2 (0ms)
		AwakeInstancesAfterBackupRestoration (7ms)
Refreshing native plugins compatible for Editor in 0.68 ms, found 2 plugins.
Preloading 0 native plugins for Editor in 0.00 ms.
Unloading 0 Unused Serialized files (Serialized files now loaded: 0)
Unloading 1684 unused Assets / (331.6 KB). Loaded Objects now: 2420.
Memory consumption went from 93.2 MB to 92.9 MB.
Total: 4.527500 ms (FindLiveObjects: 0.181100 ms CreateObjectMapping: 0.068800 ms MarkObjects: 3.795300 ms  DeleteObjects: 0.481700 ms)

Prepare: number of updated asset objects reloaded= 0
========================================================================
Received Prepare
Refreshing native plugins compatible for Editor in 1.05 ms, found 2 plugins.
Preloading 0 native plugins for Editor in 0.00 ms.
Unloading 0 Unused Serialized files (Serialized files now loaded: 0)
Unloading 1679 unused Assets / (487.2 KB). Loaded Objects now: 2421.
Memory consumption went from 93.4 MB to 93.0 MB.
Total: 6.498500 ms (FindLiveObjects: 0.185900 ms CreateObjectMapping: 0.063600 ms MarkObjects: 5.779300 ms  DeleteObjects: 0.468600 ms)

Prepare: number of updated asset objects reloaded= 0
========================================================================
Received Prepare
Begin MonoManager ReloadAssembly
- Loaded All Assemblies, in  0.490 seconds
Refreshing native plugins compatible for Editor in 0.93 ms, found 2 plugins.
Native extension for WindowsStandalone target not found
Mono: successfully reloaded assembly
- Finished resetting the current domain, in  0.783 seconds
Domain Reload Profiling: 1271ms
	BeginReloadAssembly (174ms)
		ExecutionOrderSort (0ms)
		DisableScriptedObjects (8ms)
		BackupInstance (0ms)
		ReleaseScriptingObjects (0ms)
		CreateAndSetChildDomain (37ms)
	RebuildCommonClasses (41ms)
	RebuildNativeTypeToScriptingClass (9ms)
	initialDomainReloadingComplete (23ms)
	LoadAllAssembliesAndSetupDomain (240ms)
		LoadAssemblies (262ms)
		RebuildTransferFunctionScriptingTraits (0ms)
		AnalyzeDomain (76ms)
			TypeCache.Refresh (5ms)
				TypeCache.ScanAssembly (0ms)
			BuildScriptInfoCaches (65ms)
			ResolveRequiredComponents (3ms)
	FinalizeReload (783ms)
		ReleaseScriptCaches (0ms)
		RebuildScriptCaches (0ms)
		SetupLoadedEditorAssemblies (605ms)
			LogAssemblyErrors (0ms)
			InitializePlatformSupportModulesInManaged (2ms)
			SetLoadedEditorAssemblies (3ms)
			BeforeProcessingInitializeOnLoad (43ms)
			ProcessInitializeOnLoadAttributes (353ms)
			ProcessInitializeOnLoadMethodAttributes (197ms)
			AfterProcessingInitializeOnLoad (6ms)
			EditorAssembliesLoaded (0ms)
		ExecutionOrderSort2 (0ms)
		AwakeInstancesAfterBackupRestoration (7ms)
Refreshing native plugins compatible for Editor in 0.83 ms, found 2 plugins.
Preloading 0 native plugins for Editor in 0.00 ms.
Unloading 0 Unused Serialized files (Serialized files now loaded: 0)
Unloading 1685 unused Assets / (383.7 KB). Loaded Objects now: 2421.
Memory consumption went from 93.2 MB to 92.9 MB.
Total: 6.049900 ms (FindLiveObjects: 0.262000 ms CreateObjectMapping: 0.083900 ms MarkObjects: 5.286300 ms  DeleteObjects: 0.417200 ms)

Prepare: number of updated asset objects reloaded= 0
========================================================================
Received Prepare
Refreshing native plugins compatible for Editor in 1.07 ms, found 2 plugins.
Preloading 0 native plugins for Editor in 0.00 ms.
Unloading 0 Unused Serialized files (Serialized files now loaded: 0)
Unloading 1680 unused Assets / (353.5 KB). Loaded Objects now: 2422.
Memory consumption went from 93.4 MB to 93.1 MB.
Total: 6.732200 ms (FindLiveObjects: 0.279400 ms CreateObjectMapping: 0.093400 ms MarkObjects: 5.978000 ms  DeleteObjects: 0.380300 ms)

Prepare: number of updated asset objects reloaded= 0
========================================================================
Received Prepare
Begin MonoManager ReloadAssembly
- Loaded All Assemblies, in  0.497 seconds
Refreshing native plugins compatible for Editor in 0.59 ms, found 2 plugins.
Native extension for WindowsStandalone target not found
Mono: successfully reloaded assembly
- Finished resetting the current domain, in  0.822 seconds
Domain Reload Profiling: 1316ms
	BeginReloadAssembly (175ms)
		ExecutionOrderSort (0ms)
		DisableScriptedObjects (7ms)
		BackupInstance (0ms)
		ReleaseScriptingObjects (0ms)
		CreateAndSetChildDomain (38ms)
	RebuildCommonClasses (45ms)
	RebuildNativeTypeToScriptingClass (12ms)
	initialDomainReloadingComplete (25ms)
	LoadAllAssembliesAndSetupDomain (238ms)
		LoadAssemblies (256ms)
		RebuildTransferFunctionScriptingTraits (0ms)
		AnalyzeDomain (78ms)
			TypeCache.Refresh (6ms)
				TypeCache.ScanAssembly (0ms)
			BuildScriptInfoCaches (68ms)
			ResolveRequiredComponents (2ms)
	FinalizeReload (822ms)
		ReleaseScriptCaches (0ms)
		RebuildScriptCaches (0ms)
		SetupLoadedEditorAssemblies (630ms)
			LogAssemblyErrors (0ms)
			InitializePlatformSupportModulesInManaged (3ms)
			SetLoadedEditorAssemblies (5ms)
			BeforeProcessingInitializeOnLoad (45ms)
			ProcessInitializeOnLoadAttributes (344ms)
			ProcessInitializeOnLoadMethodAttributes (230ms)
			AfterProcessingInitializeOnLoad (4ms)
			EditorAssembliesLoaded (0ms)
		ExecutionOrderSort2 (0ms)
		AwakeInstancesAfterBackupRestoration (9ms)
Refreshing native plugins compatible for Editor in 0.84 ms, found 2 plugins.
Preloading 0 native plugins for Editor in 0.00 ms.
Unloading 0 Unused Serialized files (Serialized files now loaded: 0)
Unloading 1686 unused Assets / (441.6 KB). Loaded Objects now: 2422.
Memory consumption went from 93.2 MB to 92.8 MB.
Total: 6.035400 ms (FindLiveObjects: 0.175600 ms CreateObjectMapping: 0.066700 ms MarkObjects: 5.331800 ms  DeleteObjects: 0.460700 ms)

Prepare: number of updated asset objects reloaded= 0
========================================================================
Received Prepare
Refreshing native plugins compatible for Editor in 0.79 ms, found 2 plugins.
Preloading 0 native plugins for Editor in 0.00 ms.
Unloading 0 Unused Serialized files (Serialized files now loaded: 0)
Unloading 1681 unused Assets / (343.1 KB). Loaded Objects now: 2423.
Memory consumption went from 93.4 MB to 93.1 MB.
Total: 6.659200 ms (FindLiveObjects: 0.278000 ms CreateObjectMapping: 0.092300 ms MarkObjects: 5.793800 ms  DeleteObjects: 0.493500 ms)

Prepare: number of updated asset objects reloaded= 0
========================================================================
Received Prepare
Begin MonoManager ReloadAssembly
- Loaded All Assemblies, in  0.534 seconds
Refreshing native plugins compatible for Editor in 0.60 ms, found 2 plugins.
Native extension for WindowsStandalone target not found
Mono: successfully reloaded assembly
- Finished resetting the current domain, in  0.783 seconds
Domain Reload Profiling: 1314ms
	BeginReloadAssembly (181ms)
		ExecutionOrderSort (0ms)
		DisableScriptedObjects (8ms)
		BackupInstance (0ms)
		ReleaseScriptingObjects (0ms)
		CreateAndSetChildDomain (40ms)
	RebuildCommonClasses (43ms)
	RebuildNativeTypeToScriptingClass (11ms)
	initialDomainReloadingComplete (26ms)
	LoadAllAssembliesAndSetupDomain (270ms)
		LoadAssemblies (289ms)
		RebuildTransferFunctionScriptingTraits (0ms)
		AnalyzeDomain (80ms)
			TypeCache.Refresh (6ms)
				TypeCache.ScanAssembly (0ms)
			BuildScriptInfoCaches (68ms)
			ResolveRequiredComponents (3ms)
	FinalizeReload (783ms)
		ReleaseScriptCaches (0ms)
		RebuildScriptCaches (0ms)
		SetupLoadedEditorAssemblies (612ms)
			LogAssemblyErrors (0ms)
			InitializePlatformSupportModulesInManaged (2ms)
			SetLoadedEditorAssemblies (3ms)
			BeforeProcessingInitializeOnLoad (54ms)
			ProcessInitializeOnLoadAttributes (318ms)
			ProcessInitializeOnLoadMethodAttributes (226ms)
			AfterProcessingInitializeOnLoad (8ms)
			EditorAssembliesLoaded (0ms)
		ExecutionOrderSort2 (0ms)
		AwakeInstancesAfterBackupRestoration (9ms)
Refreshing native plugins compatible for Editor in 0.80 ms, found 2 plugins.
Preloading 0 native plugins for Editor in 0.00 ms.
Unloading 0 Unused Serialized files (Serialized files now loaded: 0)
Unloading 1687 unused Assets / (358.5 KB). Loaded Objects now: 2423.
Memory consumption went from 93.3 MB to 92.9 MB.
Total: 5.230500 ms (FindLiveObjects: 0.277200 ms CreateObjectMapping: 0.084000 ms MarkObjects: 4.469100 ms  DeleteObjects: 0.399600 ms)

Prepare: number of updated asset objects reloaded= 0
========================================================================
Received Prepare
Refreshing native plugins compatible for Editor in 1.09 ms, found 2 plugins.
Preloading 0 native plugins for Editor in 0.00 ms.
Unloading 0 Unused Serialized files (Serialized files now loaded: 0)
Unloading 1681 unused Assets / (370.3 KB). Loaded Objects now: 2423.
Memory consumption went from 93.4 MB to 93.1 MB.
Total: 7.522000 ms (FindLiveObjects: 0.291400 ms CreateObjectMapping: 0.090000 ms MarkObjects: 6.658900 ms  DeleteObjects: 0.479900 ms)

Prepare: number of updated asset objects reloaded= 0
========================================================================
Received Prepare
Begin MonoManager ReloadAssembly
- Loaded All Assemblies, in  0.498 seconds
Refreshing native plugins compatible for Editor in 0.64 ms, found 2 plugins.
Native extension for WindowsStandalone target not found
Mono: successfully reloaded assembly
- Finished resetting the current domain, in  0.806 seconds
Domain Reload Profiling: 1303ms
	BeginReloadAssembly (181ms)
		ExecutionOrderSort (0ms)
		DisableScriptedObjects (9ms)
		BackupInstance (0ms)
		ReleaseScriptingObjects (0ms)
		CreateAndSetChildDomain (38ms)
	RebuildCommonClasses (40ms)
	RebuildNativeTypeToScriptingClass (14ms)
	initialDomainReloadingComplete (26ms)
	LoadAllAssembliesAndSetupDomain (235ms)
		LoadAssemblies (263ms)
		RebuildTransferFunctionScriptingTraits (0ms)
		AnalyzeDomain (70ms)
			TypeCache.Refresh (6ms)
				TypeCache.ScanAssembly (0ms)
			BuildScriptInfoCaches (58ms)
			ResolveRequiredComponents (3ms)
	FinalizeReload (807ms)
		ReleaseScriptCaches (0ms)
		RebuildScriptCaches (0ms)
		SetupLoadedEditorAssemblies (620ms)
			LogAssemblyErrors (0ms)
			InitializePlatformSupportModulesInManaged (3ms)
			SetLoadedEditorAssemblies (5ms)
			BeforeProcessingInitializeOnLoad (56ms)
			ProcessInitializeOnLoadAttributes (324ms)
			ProcessInitializeOnLoadMethodAttributes (227ms)
			AfterProcessingInitializeOnLoad (6ms)
			EditorAssembliesLoaded (0ms)
		ExecutionOrderSort2 (0ms)
		AwakeInstancesAfterBackupRestoration (9ms)
Refreshing native plugins compatible for Editor in 0.69 ms, found 2 plugins.
Preloading 0 native plugins for Editor in 0.00 ms.
Unloading 0 Unused Serialized files (Serialized files now loaded: 0)
Unloading 1687 unused Assets / (351.8 KB). Loaded Objects now: 2423.
Memory consumption went from 93.3 MB to 92.9 MB.
Total: 4.763800 ms (FindLiveObjects: 0.169100 ms CreateObjectMapping: 0.062100 ms MarkObjects: 4.180600 ms  DeleteObjects: 0.351500 ms)

Prepare: number of updated asset objects reloaded= 0
========================================================================
Received Prepare
Begin MonoManager ReloadAssembly
- Loaded All Assemblies, in  0.499 seconds
Refreshing native plugins compatible for Editor in 1.02 ms, found 2 plugins.
Native extension for WindowsStandalone target not found
Mono: successfully reloaded assembly
- Finished resetting the current domain, in  0.804 seconds
Domain Reload Profiling: 1302ms
	BeginReloadAssembly (169ms)
		ExecutionOrderSort (0ms)
		DisableScriptedObjects (9ms)
		BackupInstance (0ms)
		ReleaseScriptingObjects (0ms)
		CreateAndSetChildDomain (36ms)
	RebuildCommonClasses (43ms)
	RebuildNativeTypeToScriptingClass (12ms)
	initialDomainReloadingComplete (27ms)
	LoadAllAssembliesAndSetupDomain (245ms)
		LoadAssemblies (263ms)
		RebuildTransferFunctionScriptingTraits (0ms)
		AnalyzeDomain (71ms)
			TypeCache.Refresh (6ms)
				TypeCache.ScanAssembly (0ms)
			BuildScriptInfoCaches (60ms)
			ResolveRequiredComponents (3ms)
	FinalizeReload (805ms)
		ReleaseScriptCaches (0ms)
		RebuildScriptCaches (0ms)
		SetupLoadedEditorAssemblies (592ms)
			LogAssemblyErrors (0ms)
			InitializePlatformSupportModulesInManaged (2ms)
			SetLoadedEditorAssemblies (3ms)
			BeforeProcessingInitializeOnLoad (41ms)
			ProcessInitializeOnLoadAttributes (317ms)
			ProcessInitializeOnLoadMethodAttributes (224ms)
			AfterProcessingInitializeOnLoad (4ms)
			EditorAssembliesLoaded (0ms)
		ExecutionOrderSort2 (0ms)
		AwakeInstancesAfterBackupRestoration (10ms)
Refreshing native plugins compatible for Editor in 0.66 ms, found 2 plugins.
Preloading 0 native plugins for Editor in 0.00 ms.
Unloading 0 Unused Serialized files (Serialized files now loaded: 0)
Unloading 1687 unused Assets / (345.9 KB). Loaded Objects now: 2423.
Memory consumption went from 93.3 MB to 92.9 MB.
Total: 4.382400 ms (FindLiveObjects: 0.170000 ms CreateObjectMapping: 0.066200 ms MarkObjects: 3.797300 ms  DeleteObjects: 0.348400 ms)

Prepare: number of updated asset objects reloaded= 0
========================================================================
Received Prepare
Begin MonoManager ReloadAssembly
- Loaded All Assemblies, in  0.472 seconds
Refreshing native plugins compatible for Editor in 0.92 ms, found 2 plugins.
Native extension for WindowsStandalone target not found
Mono: successfully reloaded assembly
- Finished resetting the current domain, in  0.701 seconds
Domain Reload Profiling: 1173ms
	BeginReloadAssembly (174ms)
		ExecutionOrderSort (0ms)
		DisableScriptedObjects (7ms)
		BackupInstance (0ms)
		ReleaseScriptingObjects (0ms)
		CreateAndSetChildDomain (36ms)
	RebuildCommonClasses (35ms)
	RebuildNativeTypeToScriptingClass (9ms)
	initialDomainReloadingComplete (26ms)
	LoadAllAssembliesAndSetupDomain (228ms)
		LoadAssemblies (259ms)
		RebuildTransferFunctionScriptingTraits (0ms)
		AnalyzeDomain (65ms)
			TypeCache.Refresh (4ms)
				TypeCache.ScanAssembly (0ms)
			BuildScriptInfoCaches (56ms)
			ResolveRequiredComponents (3ms)
	FinalizeReload (701ms)
		ReleaseScriptCaches (0ms)
		RebuildScriptCaches (0ms)
		SetupLoadedEditorAssemblies (513ms)
			LogAssemblyErrors (0ms)
			InitializePlatformSupportModulesInManaged (2ms)
			SetLoadedEditorAssemblies (3ms)
			BeforeProcessingInitializeOnLoad (42ms)
			ProcessInitializeOnLoadAttributes (287ms)
			ProcessInitializeOnLoadMethodAttributes (171ms)
			AfterProcessingInitializeOnLoad (6ms)
			EditorAssembliesLoaded (0ms)
		ExecutionOrderSort2 (0ms)
		AwakeInstancesAfterBackupRestoration (8ms)
Refreshing native plugins compatible for Editor in 0.68 ms, found 2 plugins.
Preloading 0 native plugins for Editor in 0.00 ms.
Unloading 0 Unused Serialized files (Serialized files now loaded: 0)
Unloading 1687 unused Assets / (417.5 KB). Loaded Objects now: 2423.
Memory consumption went from 93.3 MB to 92.9 MB.
Total: 4.350200 ms (FindLiveObjects: 0.170400 ms CreateObjectMapping: 0.066700 ms MarkObjects: 3.775400 ms  DeleteObjects: 0.337000 ms)

Prepare: number of updated asset objects reloaded= 0
========================================================================
Received Prepare
Begin MonoManager ReloadAssembly
- Loaded All Assemblies, in  0.504 seconds
Refreshing native plugins compatible for Editor in 0.97 ms, found 2 plugins.
Native extension for WindowsStandalone target not found
Mono: successfully reloaded assembly
- Finished resetting the current domain, in  0.790 seconds
Domain Reload Profiling: 1291ms
	BeginReloadAssembly (178ms)
		ExecutionOrderSort (0ms)
		DisableScriptedObjects (9ms)
		BackupInstance (0ms)
		ReleaseScriptingObjects (0ms)
		CreateAndSetChildDomain (35ms)
	RebuildCommonClasses (35ms)
	RebuildNativeTypeToScriptingClass (10ms)
	initialDomainReloadingComplete (25ms)
	LoadAllAssembliesAndSetupDomain (253ms)
		LoadAssemblies (279ms)
		RebuildTransferFunctionScriptingTraits (0ms)
		AnalyzeDomain (76ms)
			TypeCache.Refresh (6ms)
				TypeCache.ScanAssembly (0ms)
			BuildScriptInfoCaches (66ms)
			ResolveRequiredComponents (2ms)
	FinalizeReload (790ms)
		ReleaseScriptCaches (0ms)
		RebuildScriptCaches (0ms)
		SetupLoadedEditorAssemblies (604ms)
			LogAssemblyErrors (0ms)
			InitializePlatformSupportModulesInManaged (3ms)
			SetLoadedEditorAssemblies (5ms)
			BeforeProcessingInitializeOnLoad (51ms)
			ProcessInitializeOnLoadAttributes (341ms)
			ProcessInitializeOnLoadMethodAttributes (199ms)
			AfterProcessingInitializeOnLoad (6ms)
			EditorAssembliesLoaded (0ms)
		ExecutionOrderSort2 (0ms)
		AwakeInstancesAfterBackupRestoration (9ms)
Refreshing native plugins compatible for Editor in 0.68 ms, found 2 plugins.
Preloading 0 native plugins for Editor in 0.00 ms.
Unloading 0 Unused Serialized files (Serialized files now loaded: 0)
Unloading 1687 unused Assets / (386.9 KB). Loaded Objects now: 2423.
Memory consumption went from 93.3 MB to 92.9 MB.
Total: 4.343200 ms (FindLiveObjects: 0.168500 ms CreateObjectMapping: 0.062800 ms MarkObjects: 3.673400 ms  DeleteObjects: 0.437500 ms)

Prepare: number of updated asset objects reloaded= 0
========================================================================
Received Prepare
Begin MonoManager ReloadAssembly
- Loaded All Assemblies, in  0.483 seconds
Refreshing native plugins compatible for Editor in 0.74 ms, found 2 plugins.
Native extension for WindowsStandalone target not found
Mono: successfully reloaded assembly
- Finished resetting the current domain, in  0.786 seconds
Domain Reload Profiling: 1269ms
	BeginReloadAssembly (183ms)
		ExecutionOrderSort (0ms)
		DisableScriptedObjects (8ms)
		BackupInstance (0ms)
		ReleaseScriptingObjects (0ms)
		CreateAndSetChildDomain (41ms)
	RebuildCommonClasses (31ms)
	RebuildNativeTypeToScriptingClass (13ms)
	initialDomainReloadingComplete (20ms)
	LoadAllAssembliesAndSetupDomain (235ms)
		LoadAssemblies (256ms)
		RebuildTransferFunctionScriptingTraits (0ms)
		AnalyzeDomain (75ms)
			TypeCache.Refresh (4ms)
				TypeCache.ScanAssembly (0ms)
			BuildScriptInfoCaches (65ms)
			ResolveRequiredComponents (3ms)
	FinalizeReload (787ms)
		ReleaseScriptCaches (0ms)
		RebuildScriptCaches (0ms)
		SetupLoadedEditorAssemblies (596ms)
			LogAssemblyErrors (0ms)
			InitializePlatformSupportModulesInManaged (2ms)
			SetLoadedEditorAssemblies (3ms)
			BeforeProcessingInitializeOnLoad (49ms)
			ProcessInitializeOnLoadAttributes (340ms)
			ProcessInitializeOnLoadMethodAttributes (196ms)
			AfterProcessingInitializeOnLoad (5ms)
			EditorAssembliesLoaded (0ms)
		ExecutionOrderSort2 (0ms)
		AwakeInstancesAfterBackupRestoration (8ms)
Refreshing native plugins compatible for Editor in 0.85 ms, found 2 plugins.
Preloading 0 native plugins for Editor in 0.00 ms.
Unloading 0 Unused Serialized files (Serialized files now loaded: 0)
Unloading 1687 unused Assets / (337.2 KB). Loaded Objects now: 2423.
Memory consumption went from 93.3 MB to 92.9 MB.
Total: 5.794000 ms (FindLiveObjects: 0.338100 ms CreateObjectMapping: 0.082600 ms MarkObjects: 4.975800 ms  DeleteObjects: 0.396200 ms)

Prepare: number of updated asset objects reloaded= 0
========================================================================
Received Import Request.
  Time since last request: 6110.630185 seconds.
  path: Assets/Audio/Letters/B.wav
  artifactKey: Guid(bf75f171c3acb364ebc3e37d7c08ac38) Importer(815301076,1909f56bfc062723c751e8b465ee728b)
Start importing Assets/Audio/Letters/B.wav using Guid(bf75f171c3acb364ebc3e37d7c08ac38) Importer(815301076,1909f56bfc062723c751e8b465ee728b) (PreviewImporter)[PhysX] Initialized MultithreadedTaskDispatcher with 6 workers.
[PhysX] Initialized MultithreadedTaskDispatcher with 6 workers.
 -> (artifact id: 'b4e32dd794afcf4b4f0cf3fcfa393b3f') in 0.0817305 seconds
Number of updated asset objects reloaded before import = 0Number of asset objects unloaded after import = 2

========================================================================
Received Import Request.
  Time since last request: 0.000018 seconds.
  path: Assets/Audio/Letters/K.wav
  artifactKey: Guid(8a2cf5dc4341a9b4c8e4f04329a074e4) Importer(815301076,1909f56bfc062723c751e8b465ee728b)
Start importing Assets/Audio/Letters/K.wav using Guid(8a2cf5dc4341a9b4c8e4f04329a074e4) Importer(815301076,1909f56bfc062723c751e8b465ee728b) (PreviewImporter)[PhysX] Initialized MultithreadedTaskDispatcher with 6 workers.
[PhysX] Initialized MultithreadedTaskDispatcher with 6 workers.
 -> (artifact id: 'bfa4c802dbd9c6aa2693f758c7a0dc8e') in 0.0107749 seconds
Number of updated asset objects reloaded before import = 0Number of asset objects unloaded after import = 2

========================================================================
Received Import Request.
  Time since last request: 0.000016 seconds.
  path: Assets/Audio/Letters/Y.mp3
  artifactKey: Guid(11b909c53a9b72a4ea171b51d0582cfc) Importer(815301076,1909f56bfc062723c751e8b465ee728b)
Start importing Assets/Audio/Letters/Y.mp3 using Guid(11b909c53a9b72a4ea171b51d0582cfc) Importer(815301076,1909f56bfc062723c751e8b465ee728b) (PreviewImporter)[PhysX] Initialized MultithreadedTaskDispatcher with 6 workers.
[PhysX] Initialized MultithreadedTaskDispatcher with 6 workers.
 -> (artifact id: 'c6a3b55c0001676a81a6e9fa11b7cf86') in 0.0112721 seconds
Number of updated asset objects reloaded before import = 0Number of asset objects unloaded after import = 2

========================================================================
Received Import Request.
  Time since last request: 0.000017 seconds.
  path: Assets/Audio/Letters/M.wav
  artifactKey: Guid(9cbaa38fe32556d4c951ef5d9301b5e4) Importer(815301076,1909f56bfc062723c751e8b465ee728b)
Start importing Assets/Audio/Letters/M.wav using Guid(9cbaa38fe32556d4c951ef5d9301b5e4) Importer(815301076,1909f56bfc062723c751e8b465ee728b) (PreviewImporter)[PhysX] Initialized MultithreadedTaskDispatcher with 6 workers.
[PhysX] Initialized MultithreadedTaskDispatcher with 6 workers.
 -> (artifact id: '54fe454b19003f0f9a80126794c66e34') in 0.0121305 seconds
Number of updated asset objects reloaded before import = 0Number of asset objects unloaded after import = 2

========================================================================
Received Import Request.
  Time since last request: 0.000023 seconds.
  path: Assets/Audio/Letters/R.wav
  artifactKey: Guid(5a897cfdebcd46147af51cb92833483d) Importer(815301076,1909f56bfc062723c751e8b465ee728b)
Start importing Assets/Audio/Letters/R.wav using Guid(5a897cfdebcd46147af51cb92833483d) Importer(815301076,1909f56bfc062723c751e8b465ee728b) (PreviewImporter)[PhysX] Initialized MultithreadedTaskDispatcher with 6 workers.
[PhysX] Initialized MultithreadedTaskDispatcher with 6 workers.
 -> (artifact id: '487b0ed4c5e50279ccc3547dbe63aacc') in 0.010244 seconds
Number of updated asset objects reloaded before import = 0Number of asset objects unloaded after import = 2

========================================================================
Received Import Request.
  Time since last request: 0.000016 seconds.
  path: Assets/Audio/Letters/C.wav
  artifactKey: Guid(370517400c217584188a8dea1d629207) Importer(815301076,1909f56bfc062723c751e8b465ee728b)
Start importing Assets/Audio/Letters/C.wav using Guid(370517400c217584188a8dea1d629207) Importer(815301076,1909f56bfc062723c751e8b465ee728b) (PreviewImporter)[PhysX] Initialized MultithreadedTaskDispatcher with 6 workers.
[PhysX] Initialized MultithreadedTaskDispatcher with 6 workers.
 -> (artifact id: '18290a3a5473d97e9f944cb0d428018b') in 0.0111868 seconds
Number of updated asset objects reloaded before import = 0Number of asset objects unloaded after import = 2

========================================================================
Received Import Request.
  Time since last request: 0.000021 seconds.
  path: Assets/Audio/Letters/W.mp3
  artifactKey: Guid(46f01af7b11251b4bbcb83bec445755e) Importer(815301076,1909f56bfc062723c751e8b465ee728b)
Start importing Assets/Audio/Letters/W.mp3 using Guid(46f01af7b11251b4bbcb83bec445755e) Importer(815301076,1909f56bfc062723c751e8b465ee728b) (PreviewImporter)[PhysX] Initialized MultithreadedTaskDispatcher with 6 workers.
[PhysX] Initialized MultithreadedTaskDispatcher with 6 workers.
 -> (artifact id: 'f1d183904f87b1823d20eddccd5153c5') in 0.0095205 seconds
Number of updated asset objects reloaded before import = 0Number of asset objects unloaded after import = 2

========================================================================
Received Import Request.
  Time since last request: 0.000023 seconds.
  path: Assets/Audio/Letters/T.wav
  artifactKey: Guid(29c563af7efea7045be9711cc22a746e) Importer(815301076,1909f56bfc062723c751e8b465ee728b)
Start importing Assets/Audio/Letters/T.wav using Guid(29c563af7efea7045be9711cc22a746e) Importer(815301076,1909f56bfc062723c751e8b465ee728b) (PreviewImporter)[PhysX] Initialized MultithreadedTaskDispatcher with 6 workers.
[PhysX] Initialized MultithreadedTaskDispatcher with 6 workers.
 -> (artifact id: 'b36effbc8028d884e910325cb21cec5d') in 0.0089673 seconds
Number of updated asset objects reloaded before import = 0Number of asset objects unloaded after import = 2

========================================================================
Received Import Request.
  Time since last request: 0.000012 seconds.
  path: Assets/Audio/Letters/P.mp3
  artifactKey: Guid(10afa6e7fc4d177498ca9c548864660a) Importer(815301076,1909f56bfc062723c751e8b465ee728b)
Start importing Assets/Audio/Letters/P.mp3 using Guid(10afa6e7fc4d177498ca9c548864660a) Importer(815301076,1909f56bfc062723c751e8b465ee728b) (PreviewImporter)[PhysX] Initialized MultithreadedTaskDispatcher with 6 workers.
[PhysX] Initialized MultithreadedTaskDispatcher with 6 workers.
 -> (artifact id: '8ceb220ef74a2b8646af685ea139a83f') in 0.0094604 seconds
Number of updated asset objects reloaded before import = 0Number of asset objects unloaded after import = 2

========================================================================
Received Import Request.
  Time since last request: 0.000014 seconds.
  path: Assets/Audio/Letters/J.wav
  artifactKey: Guid(62a1097d4ab8e124cb9eff0ad27bb14c) Importer(815301076,1909f56bfc062723c751e8b465ee728b)
Start importing Assets/Audio/Letters/J.wav using Guid(62a1097d4ab8e124cb9eff0ad27bb14c) Importer(815301076,1909f56bfc062723c751e8b465ee728b) (PreviewImporter)[PhysX] Initialized MultithreadedTaskDispatcher with 6 workers.
[PhysX] Initialized MultithreadedTaskDispatcher with 6 workers.
 -> (artifact id: '126e59bd40206b7b86f0285e48a98359') in 0.0101654 seconds
Number of updated asset objects reloaded before import = 0Number of asset objects unloaded after import = 2

========================================================================
Received Import Request.
  Time since last request: 0.000052 seconds.
  path: Assets/Sounds/Wrong Buzzer Sound Effect.wav
  artifactKey: Guid(c0ce88a55a0e1764fb7af53f4fe5633d) Importer(815301076,1909f56bfc062723c751e8b465ee728b)
Start importing Assets/Sounds/Wrong Buzzer Sound Effect.wav using Guid(c0ce88a55a0e1764fb7af53f4fe5633d) Importer(815301076,1909f56bfc062723c751e8b465ee728b) (PreviewImporter)[PhysX] Initialized MultithreadedTaskDispatcher with 6 workers.
[PhysX] Initialized MultithreadedTaskDispatcher with 6 workers.
 -> (artifact id: 'c3f3b665c630014b0e0adcded258e82e') in 0.0129522 seconds
Number of updated asset objects reloaded before import = 0Number of asset objects unloaded after import = 2

========================================================================
Received Import Request.
  Time since last request: 0.000015 seconds.
  path: Assets/Audio/Letters/N.wav
  artifactKey: Guid(f7c72d099e9035d418b567aa1f36f4f9) Importer(815301076,1909f56bfc062723c751e8b465ee728b)
Start importing Assets/Audio/Letters/N.wav using Guid(f7c72d099e9035d418b567aa1f36f4f9) Importer(815301076,1909f56bfc062723c751e8b465ee728b) (PreviewImporter)[PhysX] Initialized MultithreadedTaskDispatcher with 6 workers.
[PhysX] Initialized MultithreadedTaskDispatcher with 6 workers.
 -> (artifact id: '24c2b0e82fe26648b90e950578b0e289') in 0.0115357 seconds
Number of updated asset objects reloaded before import = 0Number of asset objects unloaded after import = 2

========================================================================
Received Import Request.
  Time since last request: 0.000024 seconds.
  path: Assets/Audio/Letters/G.wav
  artifactKey: Guid(f6941700f6199b043a0d05c1243b351e) Importer(815301076,1909f56bfc062723c751e8b465ee728b)
Start importing Assets/Audio/Letters/G.wav using Guid(f6941700f6199b043a0d05c1243b351e) Importer(815301076,1909f56bfc062723c751e8b465ee728b) (PreviewImporter)[PhysX] Initialized MultithreadedTaskDispatcher with 6 workers.
[PhysX] Initialized MultithreadedTaskDispatcher with 6 workers.
 -> (artifact id: '939d3d019d21dd1abeda26a36163275e') in 0.0110231 seconds
Number of updated asset objects reloaded before import = 0Number of asset objects unloaded after import = 2

Editor requested this worker to shutdown with reason: Scaling down because of idle timeout
AssetImportWorker is now disconnected from the server
Process exiting
Exiting without the bug reporter. Application will terminate with return code 0