Using pre-set license
Built from 'trunk' branch; Version is '6000.0.3f1 (019aa96b6ed9) revision 105129'; Using compiler version '193933522'; Build Type 'Release'
OS: 'Windows 11  (10.0.26100) 64bit Core' Language: 'pl' Physical Memory: 49077 MB
BatchMode: 1, IsHumanControllingUs: 0, StartBugReporterOnCrash: 0, Is64bit: 1, IsPro: 1

COMMAND LINE ARGUMENTS:
C:\Program Files\Unity\Hub\Editor\6000.0.3f1\Editor\Unity.exe
-adb2
-batchMode
-noUpm
-name
AssetImportWorker2
-projectPath
C:/Users/Piotr/Documents/GitHub/Malowanki
-logFile
Logs/AssetImportWorker2.log
-srvPort
53854
-job-worker-count
5
-background-job-worker-count
8
-asset-garbage-collectors
1
Successfully changed project path to: C:/Users/Piotr/Documents/GitHub/Malowanki
C:/Users/Piotr/Documents/GitHub/Malowanki
[UnityMemory] Configuration Parameters - Can be set up in boot.config
    "memorysetup-bucket-allocator-granularity=16"
    "memorysetup-bucket-allocator-bucket-count=8"
    "memorysetup-bucket-allocator-block-size=33554432"
    "memorysetup-bucket-allocator-block-count=8"
    "memorysetup-main-allocator-block-size=16777216"
    "memorysetup-thread-allocator-block-size=16777216"
    "memorysetup-gfx-main-allocator-block-size=16777216"
    "memorysetup-gfx-thread-allocator-block-size=16777216"
    "memorysetup-cache-allocator-block-size=4194304"
    "memorysetup-typetree-allocator-block-size=2097152"
    "memorysetup-profiler-bucket-allocator-granularity=16"
    "memorysetup-profiler-bucket-allocator-bucket-count=8"
    "memorysetup-profiler-bucket-allocator-block-size=33554432"
    "memorysetup-profiler-bucket-allocator-block-count=8"
    "memorysetup-profiler-allocator-block-size=16777216"
    "memorysetup-profiler-editor-allocator-block-size=1048576"
    "memorysetup-temp-allocator-size-main=16777216"
    "memorysetup-job-temp-allocator-block-size=2097152"
    "memorysetup-job-temp-allocator-block-size-background=1048576"
    "memorysetup-job-temp-allocator-reduction-small-platforms=262144"
    "memorysetup-allocator-temp-initial-block-size-main=262144"
    "memorysetup-allocator-temp-initial-block-size-worker=262144"
    "memorysetup-temp-allocator-size-background-worker=32768"
    "memorysetup-temp-allocator-size-job-worker=262144"
    "memorysetup-temp-allocator-size-preload-manager=33554432"
    "memorysetup-temp-allocator-size-nav-mesh-worker=65536"
    "memorysetup-temp-allocator-size-audio-worker=65536"
    "memorysetup-temp-allocator-size-cloud-worker=32768"
    "memorysetup-temp-allocator-size-gi-baking-worker=262144"
    "memorysetup-temp-allocator-size-gi-baking-worker=262144"
    "memorysetup-temp-allocator-size-gi-baking-worker=262144"
    "memorysetup-temp-allocator-size-gi-baking-worker=262144"
    "memorysetup-temp-allocator-size-gi-baking-worker=262144"
    "memorysetup-temp-allocator-size-gfx=262144"
Player connection [16292]  Target information:

Player connection [16292]  * "[IP] 192.168.0.103 [Port] 0 [Flags] 2 [Guid] 1255216955 [EditorId] 1255216955 [Version] 1048832 [Id] WindowsEditor(7,Piotr-Omen) [Debug] 1 [PackageName] WindowsEditor [ProjectName] Editor" 

Player connection [16292] Host joined multi-casting on [225.0.0.222:54997]...
Player connection [16292] Host joined alternative multi-casting on [225.0.0.222:34997]...
JobSystem: Creating JobQueue using job-worker-count value 5
Library Redirect Path: Library/
[PhysX] Initialized MultithreadedTaskDispatcher with 6 workers.
Refreshing native plugins compatible for Editor in 0.90 ms, found 2 plugins.
Preloading 0 native plugins for Editor in 0.00 ms.
Initialize engine version: 6000.0.3f1 (019aa96b6ed9)
[Subsystems] Discovering subsystems at path C:/Program Files/Unity/Hub/Editor/6000.0.3f1/Editor/Data/Resources/UnitySubsystems
[Subsystems] Discovering subsystems at path C:/Users/Piotr/Documents/GitHub/Malowanki/Assets
GfxDevice: creating device client; kGfxThreadingModeNonThreaded
Direct3D:
    Version:  Direct3D 11.0 [level 11.1]
    Renderer: Radeon RX 580 Series (ID=0x67df)
    Vendor:   ATI
    VRAM:     8135 MB
    Driver:   31.0.21921.1000
Initialize mono
Mono path[0] = 'C:/Program Files/Unity/Hub/Editor/6000.0.3f1/Editor/Data/Managed'
Mono path[1] = 'C:/Program Files/Unity/Hub/Editor/6000.0.3f1/Editor/Data/MonoBleedingEdge/lib/mono/unityjit-win32'
Mono config path = 'C:/Program Files/Unity/Hub/Editor/6000.0.3f1/Editor/Data/MonoBleedingEdge/etc'
Using monoOptions --debugger-agent=transport=dt_socket,embedding=1,server=y,suspend=n,address=127.0.0.1:56272
Begin MonoManager ReloadAssembly
Registering precompiled unity dll's ...
Register platform support module: C:/Program Files/Unity/Hub/Editor/6000.0.3f1/Editor/Data/PlaybackEngines/WindowsStandaloneSupport/UnityEditor.WindowsStandalone.Extensions.dll
Register platform support module: C:/Program Files/Unity/Hub/Editor/6000.0.3f1/Editor/Data/PlaybackEngines/AndroidPlayer/UnityEditor.Android.Extensions.dll
Registered in 0.002873 seconds.
- Loaded All Assemblies, in  0.321 seconds
Native extension for Android target not found
Native extension for WindowsStandalone target not found
Mono: successfully reloaded assembly
- Finished resetting the current domain, in  0.462 seconds
Domain Reload Profiling: 781ms
	BeginReloadAssembly (108ms)
		ExecutionOrderSort (0ms)
		DisableScriptedObjects (0ms)
		BackupInstance (0ms)
		ReleaseScriptingObjects (0ms)
		CreateAndSetChildDomain (1ms)
	RebuildCommonClasses (31ms)
	RebuildNativeTypeToScriptingClass (10ms)
	initialDomainReloadingComplete (44ms)
	LoadAllAssembliesAndSetupDomain (126ms)
		LoadAssemblies (106ms)
		RebuildTransferFunctionScriptingTraits (0ms)
		AnalyzeDomain (123ms)
			TypeCache.Refresh (122ms)
				TypeCache.ScanAssembly (112ms)
			BuildScriptInfoCaches (0ms)
			ResolveRequiredComponents (0ms)
	FinalizeReload (463ms)
		ReleaseScriptCaches (0ms)
		RebuildScriptCaches (0ms)
		SetupLoadedEditorAssemblies (418ms)
			LogAssemblyErrors (0ms)
			InitializePlatformSupportModulesInManaged (87ms)
			SetLoadedEditorAssemblies (5ms)
			BeforeProcessingInitializeOnLoad (6ms)
			ProcessInitializeOnLoadAttributes (122ms)
			ProcessInitializeOnLoadMethodAttributes (198ms)
			AfterProcessingInitializeOnLoad (0ms)
			EditorAssembliesLoaded (0ms)
		ExecutionOrderSort2 (0ms)
		AwakeInstancesAfterBackupRestoration (0ms)
========================================================================
Worker process is ready to serve import requests
Import Worker Mode flag is 0x00
Begin MonoManager ReloadAssembly
- Loaded All Assemblies, in  0.639 seconds
Refreshing native plugins compatible for Editor in 0.74 ms, found 2 plugins.
Native extension for Android target not found
Native extension for WindowsStandalone target not found
Mono: successfully reloaded assembly
- Finished resetting the current domain, in  0.707 seconds
Domain Reload Profiling: 1344ms
	BeginReloadAssembly (317ms)
		ExecutionOrderSort (0ms)
		DisableScriptedObjects (5ms)
		BackupInstance (0ms)
		ReleaseScriptingObjects (0ms)
		CreateAndSetChildDomain (28ms)
	RebuildCommonClasses (36ms)
	RebuildNativeTypeToScriptingClass (10ms)
	initialDomainReloadingComplete (32ms)
	LoadAllAssembliesAndSetupDomain (241ms)
		LoadAssemblies (245ms)
		RebuildTransferFunctionScriptingTraits (0ms)
		AnalyzeDomain (84ms)
			TypeCache.Refresh (68ms)
				TypeCache.ScanAssembly (58ms)
			BuildScriptInfoCaches (13ms)
			ResolveRequiredComponents (2ms)
	FinalizeReload (707ms)
		ReleaseScriptCaches (0ms)
		RebuildScriptCaches (0ms)
		SetupLoadedEditorAssemblies (518ms)
			LogAssemblyErrors (0ms)
			InitializePlatformSupportModulesInManaged (17ms)
			SetLoadedEditorAssemblies (5ms)
			BeforeProcessingInitializeOnLoad (34ms)
			ProcessInitializeOnLoadAttributes (289ms)
			ProcessInitializeOnLoadMethodAttributes (168ms)
			AfterProcessingInitializeOnLoad (4ms)
			EditorAssembliesLoaded (0ms)
		ExecutionOrderSort2 (0ms)
		AwakeInstancesAfterBackupRestoration (6ms)
Launched and connected shader compiler UnityShaderCompiler.exe after 0.01 seconds
Refreshing native plugins compatible for Editor in 0.84 ms, found 2 plugins.
Preloading 0 native plugins for Editor in 0.00 ms.
Unloading 14 Unused Serialized files (Serialized files now loaded: 0)
Unloading 1689 unused Assets / (409.7 KB). Loaded Objects now: 2297.
Memory consumption went from 96.4 MB to 96.0 MB.
Total: 5.894200 ms (FindLiveObjects: 0.289900 ms CreateObjectMapping: 0.138100 ms MarkObjects: 5.082900 ms  DeleteObjects: 0.382600 ms)

========================================================================
Received Import Request.
  Time since last request: 345.071396 seconds.
  path: Assets/Models/GIraffe/1.png
  artifactKey: Guid(d4638b85d12450344b4c7bf4ce036360) Importer(815301076,1909f56bfc062723c751e8b465ee728b)
Start importing Assets/Models/GIraffe/1.png using Guid(d4638b85d12450344b4c7bf4ce036360) Importer(815301076,1909f56bfc062723c751e8b465ee728b) (PreviewImporter)[PhysX] Initialized MultithreadedTaskDispatcher with 6 workers.
[PhysX] Initialized MultithreadedTaskDispatcher with 6 workers.
 -> (artifact id: 'ed4760b9c2da85c01f34621f1c812ae9') in 0.0832945 seconds
Number of updated asset objects reloaded before import = 0Number of asset objects unloaded after import = 3

========================================================================
Received Import Request.
  Time since last request: 0.000016 seconds.
  path: Assets/Models/GIraffe/5.png
  artifactKey: Guid(4d2e77d2e5e7dde41af20f59d9d57e18) Importer(815301076,1909f56bfc062723c751e8b465ee728b)
Start importing Assets/Models/GIraffe/5.png using Guid(4d2e77d2e5e7dde41af20f59d9d57e18) Importer(815301076,1909f56bfc062723c751e8b465ee728b) (PreviewImporter)[PhysX] Initialized MultithreadedTaskDispatcher with 6 workers.
[PhysX] Initialized MultithreadedTaskDispatcher with 6 workers.
 -> (artifact id: 'd5878db6a5ba36c27f80c3e4ece32957') in 0.0136383 seconds
Number of updated asset objects reloaded before import = 0Number of asset objects unloaded after import = 3

========================================================================
Received Import Request.
  Time since last request: 0.000014 seconds.
  path: Assets/Models/GIraffe/3.png
  artifactKey: Guid(fd8aa408ab3ec0444ac28273e2edfd85) Importer(815301076,1909f56bfc062723c751e8b465ee728b)
Start importing Assets/Models/GIraffe/3.png using Guid(fd8aa408ab3ec0444ac28273e2edfd85) Importer(815301076,1909f56bfc062723c751e8b465ee728b) (PreviewImporter)[PhysX] Initialized MultithreadedTaskDispatcher with 6 workers.
[PhysX] Initialized MultithreadedTaskDispatcher with 6 workers.
 -> (artifact id: '2d82d2101665c1adeb23065fcc11d059') in 0.0109324 seconds
Number of updated asset objects reloaded before import = 0Number of asset objects unloaded after import = 3

========================================================================
Received Import Request.
  Time since last request: 0.000014 seconds.
  path: Assets/Models/Motyl/15.png
  artifactKey: Guid(94b6b76bba7214041a25ee6375a61d74) Importer(815301076,1909f56bfc062723c751e8b465ee728b)
Start importing Assets/Models/Motyl/15.png using Guid(94b6b76bba7214041a25ee6375a61d74) Importer(815301076,1909f56bfc062723c751e8b465ee728b) (PreviewImporter)[PhysX] Initialized MultithreadedTaskDispatcher with 6 workers.
[PhysX] Initialized MultithreadedTaskDispatcher with 6 workers.
 -> (artifact id: '542f6b033c3ec105f0c3456d9022b9a5') in 0.0143978 seconds
Number of updated asset objects reloaded before import = 0Number of asset objects unloaded after import = 3

========================================================================
Received Import Request.
  Time since last request: 0.000014 seconds.
  path: Assets/Models/Motyl/2.png
  artifactKey: Guid(d9f4bdded2eb37e45b59c7f33e8a842f) Importer(815301076,1909f56bfc062723c751e8b465ee728b)
Start importing Assets/Models/Motyl/2.png using Guid(d9f4bdded2eb37e45b59c7f33e8a842f) Importer(815301076,1909f56bfc062723c751e8b465ee728b) (PreviewImporter)[PhysX] Initialized MultithreadedTaskDispatcher with 6 workers.
[PhysX] Initialized MultithreadedTaskDispatcher with 6 workers.
 -> (artifact id: 'bc7ee1dea82a176d08fd206d6fe08c71') in 0.0107188 seconds
Number of updated asset objects reloaded before import = 0Number of asset objects unloaded after import = 3

========================================================================
Received Import Request.
  Time since last request: 0.000016 seconds.
  path: Assets/Models/GIraffe/14.png
  artifactKey: Guid(82aa22e5b47a53a408fa66ae4c382635) Importer(815301076,1909f56bfc062723c751e8b465ee728b)
Start importing Assets/Models/GIraffe/14.png using Guid(82aa22e5b47a53a408fa66ae4c382635) Importer(815301076,1909f56bfc062723c751e8b465ee728b) (PreviewImporter)[PhysX] Initialized MultithreadedTaskDispatcher with 6 workers.
[PhysX] Initialized MultithreadedTaskDispatcher with 6 workers.
 -> (artifact id: 'c92eee9ae6bd0e38f7a57256d5c838c9') in 0.0108434 seconds
Number of updated asset objects reloaded before import = 0Number of asset objects unloaded after import = 3

========================================================================
Received Import Request.
  Time since last request: 0.000015 seconds.
  path: Assets/Models/GIraffe/10.png
  artifactKey: Guid(893e2afd74a36ce4a88488930cdd7e9a) Importer(815301076,1909f56bfc062723c751e8b465ee728b)
Start importing Assets/Models/GIraffe/10.png using Guid(893e2afd74a36ce4a88488930cdd7e9a) Importer(815301076,1909f56bfc062723c751e8b465ee728b) (PreviewImporter)[PhysX] Initialized MultithreadedTaskDispatcher with 6 workers.
[PhysX] Initialized MultithreadedTaskDispatcher with 6 workers.
 -> (artifact id: 'b2e77f7837f8a258cee0c24315b8b5fa') in 0.0129307 seconds
Number of updated asset objects reloaded before import = 0Number of asset objects unloaded after import = 3

========================================================================
Received Import Request.
  Time since last request: 0.000062 seconds.
  path: Assets/Models/Motyl/6.png
  artifactKey: Guid(12ee2f5991d516e44811715ab7ebad10) Importer(815301076,1909f56bfc062723c751e8b465ee728b)
Start importing Assets/Models/Motyl/6.png using Guid(12ee2f5991d516e44811715ab7ebad10) Importer(815301076,1909f56bfc062723c751e8b465ee728b) (PreviewImporter)[PhysX] Initialized MultithreadedTaskDispatcher with 6 workers.
[PhysX] Initialized MultithreadedTaskDispatcher with 6 workers.
 -> (artifact id: 'd5349f73a18f983ca60ef59eb5031546') in 0.0124128 seconds
Number of updated asset objects reloaded before import = 0Number of asset objects unloaded after import = 3

========================================================================
Received Import Request.
  Time since last request: 0.000017 seconds.
  path: Assets/Models/Misiu/0.png
  artifactKey: Guid(8f240c27de3e7484dab32953350e1b7b) Importer(815301076,1909f56bfc062723c751e8b465ee728b)
Start importing Assets/Models/Misiu/0.png using Guid(8f240c27de3e7484dab32953350e1b7b) Importer(815301076,1909f56bfc062723c751e8b465ee728b) (PreviewImporter)[PhysX] Initialized MultithreadedTaskDispatcher with 6 workers.
[PhysX] Initialized MultithreadedTaskDispatcher with 6 workers.
 -> (artifact id: '95e75c0942594a290c0abd596e9fee3c') in 0.010852 seconds
Number of updated asset objects reloaded before import = 0Number of asset objects unloaded after import = 3

========================================================================
Received Import Request.
  Time since last request: 0.000013 seconds.
  path: Assets/Models/GIraffe/2.png
  artifactKey: Guid(2079800d6461e764b82a2b7104ce0e74) Importer(815301076,1909f56bfc062723c751e8b465ee728b)
Start importing Assets/Models/GIraffe/2.png using Guid(2079800d6461e764b82a2b7104ce0e74) Importer(815301076,1909f56bfc062723c751e8b465ee728b) (PreviewImporter)[PhysX] Initialized MultithreadedTaskDispatcher with 6 workers.
[PhysX] Initialized MultithreadedTaskDispatcher with 6 workers.
 -> (artifact id: '570d3562b29fd9798fd0ed7a73cf2739') in 0.0094063 seconds
Number of updated asset objects reloaded before import = 0Number of asset objects unloaded after import = 3

========================================================================
Received Import Request.
  Time since last request: 0.000012 seconds.
  path: Assets/Models/GIraffe/15.png
  artifactKey: Guid(913d09704b9d24a4b8cd7b5e6ba50205) Importer(815301076,1909f56bfc062723c751e8b465ee728b)
Start importing Assets/Models/GIraffe/15.png using Guid(913d09704b9d24a4b8cd7b5e6ba50205) Importer(815301076,1909f56bfc062723c751e8b465ee728b) (PreviewImporter)[PhysX] Initialized MultithreadedTaskDispatcher with 6 workers.
[PhysX] Initialized MultithreadedTaskDispatcher with 6 workers.
 -> (artifact id: '97eba736f726746d5fd3c86abfe948ec') in 0.0109656 seconds
Number of updated asset objects reloaded before import = 0Number of asset objects unloaded after import = 3

========================================================================
Received Import Request.
  Time since last request: 0.000019 seconds.
  path: Assets/Models/Motyl/7.png
  artifactKey: Guid(a1a062056aaefa94c8660aa4c0eeeb7a) Importer(815301076,1909f56bfc062723c751e8b465ee728b)
Start importing Assets/Models/Motyl/7.png using Guid(a1a062056aaefa94c8660aa4c0eeeb7a) Importer(815301076,1909f56bfc062723c751e8b465ee728b) (PreviewImporter)[PhysX] Initialized MultithreadedTaskDispatcher with 6 workers.
[PhysX] Initialized MultithreadedTaskDispatcher with 6 workers.
 -> (artifact id: '1ceb305a921cdb9d9fddddc5d2920bcd') in 0.0140348 seconds
Number of updated asset objects reloaded before import = 0Number of asset objects unloaded after import = 3

========================================================================
Received Import Request.
  Time since last request: 0.000020 seconds.
  path: Assets/Models/Motyl/10.png
  artifactKey: Guid(7b56ef2fd3590b746aa6fac43353ca79) Importer(815301076,1909f56bfc062723c751e8b465ee728b)
Start importing Assets/Models/Motyl/10.png using Guid(7b56ef2fd3590b746aa6fac43353ca79) Importer(815301076,1909f56bfc062723c751e8b465ee728b) (PreviewImporter)[PhysX] Initialized MultithreadedTaskDispatcher with 6 workers.
[PhysX] Initialized MultithreadedTaskDispatcher with 6 workers.
 -> (artifact id: 'c8c673b16747b615458ac4620a525289') in 0.0109313 seconds
Number of updated asset objects reloaded before import = 0Number of asset objects unloaded after import = 3

========================================================================
Received Import Request.
  Time since last request: 0.000028 seconds.
  path: Assets/Models/Misiu/7.png
  artifactKey: Guid(a06f21ff32769ea409ad6fb38f176ff4) Importer(815301076,1909f56bfc062723c751e8b465ee728b)
Start importing Assets/Models/Misiu/7.png using Guid(a06f21ff32769ea409ad6fb38f176ff4) Importer(815301076,1909f56bfc062723c751e8b465ee728b) (PreviewImporter)[PhysX] Initialized MultithreadedTaskDispatcher with 6 workers.
[PhysX] Initialized MultithreadedTaskDispatcher with 6 workers.
 -> (artifact id: '9a276dd9cef05a8da811978eb70ba538') in 0.0111222 seconds
Number of updated asset objects reloaded before import = 0Number of asset objects unloaded after import = 3

========================================================================
Received Import Request.
  Time since last request: 0.000016 seconds.
  path: Assets/Models/Motyl/5.png
  artifactKey: Guid(1acc7e2b2f4dfaa458388eb02e220a6b) Importer(815301076,1909f56bfc062723c751e8b465ee728b)
Start importing Assets/Models/Motyl/5.png using Guid(1acc7e2b2f4dfaa458388eb02e220a6b) Importer(815301076,1909f56bfc062723c751e8b465ee728b) (PreviewImporter)[PhysX] Initialized MultithreadedTaskDispatcher with 6 workers.
[PhysX] Initialized MultithreadedTaskDispatcher with 6 workers.
 -> (artifact id: '52ec6e55cd363d289d19f2504d9eb60f') in 0.0118977 seconds
Number of updated asset objects reloaded before import = 0Number of asset objects unloaded after import = 3

========================================================================
Received Import Request.
  Time since last request: 0.000017 seconds.
  path: Assets/Models/Misiu/4.png
  artifactKey: Guid(de7106dc024dd3b4198c7a104c4f817d) Importer(815301076,1909f56bfc062723c751e8b465ee728b)
Start importing Assets/Models/Misiu/4.png using Guid(de7106dc024dd3b4198c7a104c4f817d) Importer(815301076,1909f56bfc062723c751e8b465ee728b) (PreviewImporter)[PhysX] Initialized MultithreadedTaskDispatcher with 6 workers.
[PhysX] Initialized MultithreadedTaskDispatcher with 6 workers.
 -> (artifact id: '36edaff0f33a5027ab8db33691df60c2') in 0.0107 seconds
Number of updated asset objects reloaded before import = 0Number of asset objects unloaded after import = 3

========================================================================
Received Import Request.
  Time since last request: 0.000025 seconds.
  path: Assets/Models/Misiu/9.png
  artifactKey: Guid(df369147f55340a47a61aa930db6de0b) Importer(815301076,1909f56bfc062723c751e8b465ee728b)
Start importing Assets/Models/Misiu/9.png using Guid(df369147f55340a47a61aa930db6de0b) Importer(815301076,1909f56bfc062723c751e8b465ee728b) (PreviewImporter)[PhysX] Initialized MultithreadedTaskDispatcher with 6 workers.
[PhysX] Initialized MultithreadedTaskDispatcher with 6 workers.
 -> (artifact id: '835d3cdbc4b1874f162d13500e009742') in 0.0138224 seconds
Number of updated asset objects reloaded before import = 0Number of asset objects unloaded after import = 3

========================================================================
Received Import Request.
  Time since last request: 1.456184 seconds.
  path: Assets/Models/Misiu/16.png
  artifactKey: Guid(66d6049753fa9874d8b18fc804f0bbdf) Importer(815301076,1909f56bfc062723c751e8b465ee728b)
Start importing Assets/Models/Misiu/16.png using Guid(66d6049753fa9874d8b18fc804f0bbdf) Importer(815301076,1909f56bfc062723c751e8b465ee728b) (PreviewImporter)[PhysX] Initialized MultithreadedTaskDispatcher with 6 workers.
[PhysX] Initialized MultithreadedTaskDispatcher with 6 workers.
 -> (artifact id: '3083a11a39f971f43e774dd4b51c7673') in 0.0126565 seconds
Number of updated asset objects reloaded before import = 0Number of asset objects unloaded after import = 3

========================================================================
Received Import Request.
  Time since last request: 0.004855 seconds.
  path: Assets/Models/Motyl/17.png
  artifactKey: Guid(003eda54aa415d84bba82ee6417e85fe) Importer(815301076,1909f56bfc062723c751e8b465ee728b)
Start importing Assets/Models/Motyl/17.png using Guid(003eda54aa415d84bba82ee6417e85fe) Importer(815301076,1909f56bfc062723c751e8b465ee728b) (PreviewImporter)[PhysX] Initialized MultithreadedTaskDispatcher with 6 workers.
[PhysX] Initialized MultithreadedTaskDispatcher with 6 workers.
 -> (artifact id: '968e45577e3a728b5a65e1c43e251598') in 0.0164903 seconds
Number of updated asset objects reloaded before import = 0Number of asset objects unloaded after import = 3

========================================================================
Received Import Request.
  Time since last request: 0.000016 seconds.
  path: Assets/Models/Motyl/18.png
  artifactKey: Guid(a65d269ac6fa1d447b069be498a787ae) Importer(815301076,1909f56bfc062723c751e8b465ee728b)
Start importing Assets/Models/Motyl/18.png using Guid(a65d269ac6fa1d447b069be498a787ae) Importer(815301076,1909f56bfc062723c751e8b465ee728b) (PreviewImporter)[PhysX] Initialized MultithreadedTaskDispatcher with 6 workers.
[PhysX] Initialized MultithreadedTaskDispatcher with 6 workers.
 -> (artifact id: 'e5e527a8b74ebda1b191f0496612b7c7') in 0.0100825 seconds
Number of updated asset objects reloaded before import = 0Number of asset objects unloaded after import = 3

========================================================================
Received Import Request.
  Time since last request: 0.052964 seconds.
  path: Assets/Models/Motyl/19.png
  artifactKey: Guid(534efa71f77451546bf88a6df8c0bccd) Importer(815301076,1909f56bfc062723c751e8b465ee728b)
Start importing Assets/Models/Motyl/19.png using Guid(534efa71f77451546bf88a6df8c0bccd) Importer(815301076,1909f56bfc062723c751e8b465ee728b) (PreviewImporter)[PhysX] Initialized MultithreadedTaskDispatcher with 6 workers.
[PhysX] Initialized MultithreadedTaskDispatcher with 6 workers.
 -> (artifact id: '17f38dc537380d53efceedce8b921400') in 0.0125608 seconds
Number of updated asset objects reloaded before import = 0Number of asset objects unloaded after import = 3

========================================================================
Received Import Request.
  Time since last request: 0.003439 seconds.
  path: Assets/Models/Motyl/20.png
  artifactKey: Guid(227adb7d052364840b262730a27109bb) Importer(815301076,1909f56bfc062723c751e8b465ee728b)
Start importing Assets/Models/Motyl/20.png using Guid(227adb7d052364840b262730a27109bb) Importer(815301076,1909f56bfc062723c751e8b465ee728b) (PreviewImporter)[PhysX] Initialized MultithreadedTaskDispatcher with 6 workers.
[PhysX] Initialized MultithreadedTaskDispatcher with 6 workers.
 -> (artifact id: 'd1b57893baa071aa33fb20618404d993') in 0.011981 seconds
Number of updated asset objects reloaded before import = 0Number of asset objects unloaded after import = 3

========================================================================
Received Import Request.
  Time since last request: 0.004150 seconds.
  path: Assets/Models/Misiu/21.png
  artifactKey: Guid(e2d07dfdeccfcc64ab0661046f62f2cf) Importer(815301076,1909f56bfc062723c751e8b465ee728b)
Start importing Assets/Models/Misiu/21.png using Guid(e2d07dfdeccfcc64ab0661046f62f2cf) Importer(815301076,1909f56bfc062723c751e8b465ee728b) (PreviewImporter)[PhysX] Initialized MultithreadedTaskDispatcher with 6 workers.
[PhysX] Initialized MultithreadedTaskDispatcher with 6 workers.
 -> (artifact id: 'cc0bfcdf0165d0340d35ccf2a7b4b832') in 0.0122836 seconds
Number of updated asset objects reloaded before import = 0Number of asset objects unloaded after import = 3

========================================================================
Received Import Request.
  Time since last request: 0.000362 seconds.
  path: Assets/Models/Motyl/21.png
  artifactKey: Guid(2a4bdae85090f8e428e3e9f15a645be2) Importer(815301076,1909f56bfc062723c751e8b465ee728b)
Start importing Assets/Models/Motyl/21.png using Guid(2a4bdae85090f8e428e3e9f15a645be2) Importer(815301076,1909f56bfc062723c751e8b465ee728b) (PreviewImporter)[PhysX] Initialized MultithreadedTaskDispatcher with 6 workers.
[PhysX] Initialized MultithreadedTaskDispatcher with 6 workers.
 -> (artifact id: '673dcf9fa1c192c7211b7a9f6cf8a9b6') in 0.0111545 seconds
Number of updated asset objects reloaded before import = 0Number of asset objects unloaded after import = 3

========================================================================
Received Import Request.
  Time since last request: 0.003759 seconds.
  path: Assets/Models/Misiu/22.png
  artifactKey: Guid(2a170d70818c37c42ae80602dcc023d9) Importer(815301076,1909f56bfc062723c751e8b465ee728b)
Start importing Assets/Models/Misiu/22.png using Guid(2a170d70818c37c42ae80602dcc023d9) Importer(815301076,1909f56bfc062723c751e8b465ee728b) (PreviewImporter)[PhysX] Initialized MultithreadedTaskDispatcher with 6 workers.
[PhysX] Initialized MultithreadedTaskDispatcher with 6 workers.
 -> (artifact id: 'b2fc7d0c57352a6c73f20fb36f14efcb') in 0.012367 seconds
Number of updated asset objects reloaded before import = 0Number of asset objects unloaded after import = 3

========================================================================
Received Import Request.
  Time since last request: 0.038509 seconds.
  path: Assets/Models/GIraffe/23.png
  artifactKey: Guid(73dccb225e26c0b43b2acbcc2e4edaa9) Importer(815301076,1909f56bfc062723c751e8b465ee728b)
Start importing Assets/Models/GIraffe/23.png using Guid(73dccb225e26c0b43b2acbcc2e4edaa9) Importer(815301076,1909f56bfc062723c751e8b465ee728b) (PreviewImporter)[PhysX] Initialized MultithreadedTaskDispatcher with 6 workers.
[PhysX] Initialized MultithreadedTaskDispatcher with 6 workers.
 -> (artifact id: '1594ec9c9c08bc5d52adcafc14f52fe7') in 0.0150343 seconds
Number of updated asset objects reloaded before import = 0Number of asset objects unloaded after import = 3

========================================================================
Received Import Request.
  Time since last request: 0.008448 seconds.
  path: Assets/Models/Misiu/24.png
  artifactKey: Guid(ad4f2d9f88ce02e4eba08a397010a55b) Importer(815301076,1909f56bfc062723c751e8b465ee728b)
Start importing Assets/Models/Misiu/24.png using Guid(ad4f2d9f88ce02e4eba08a397010a55b) Importer(815301076,1909f56bfc062723c751e8b465ee728b) (PreviewImporter)[PhysX] Initialized MultithreadedTaskDispatcher with 6 workers.
[PhysX] Initialized MultithreadedTaskDispatcher with 6 workers.
 -> (artifact id: 'c2c8456e9cf60c72090bd3aa8a2bdf38') in 0.015391 seconds
Number of updated asset objects reloaded before import = 0Number of asset objects unloaded after import = 3

========================================================================
Received Import Request.
  Time since last request: 0.000125 seconds.
  path: Assets/Models/Misiu/25.png
  artifactKey: Guid(fa108e003f530cb40b843865752e0a80) Importer(815301076,1909f56bfc062723c751e8b465ee728b)
Start importing Assets/Models/Misiu/25.png using Guid(fa108e003f530cb40b843865752e0a80) Importer(815301076,1909f56bfc062723c751e8b465ee728b) (PreviewImporter)[PhysX] Initialized MultithreadedTaskDispatcher with 6 workers.
[PhysX] Initialized MultithreadedTaskDispatcher with 6 workers.
 -> (artifact id: '2dd470ac4e6b2f441d1c67c1d181da3d') in 0.0139042 seconds
Number of updated asset objects reloaded before import = 0Number of asset objects unloaded after import = 3

========================================================================
Received Import Request.
  Time since last request: 0.000017 seconds.
  path: Assets/Models/GIraffe/26.png
  artifactKey: Guid(72172c28b82db3344bcc9636d850e3f4) Importer(815301076,1909f56bfc062723c751e8b465ee728b)
Start importing Assets/Models/GIraffe/26.png using Guid(72172c28b82db3344bcc9636d850e3f4) Importer(815301076,1909f56bfc062723c751e8b465ee728b) (PreviewImporter)[PhysX] Initialized MultithreadedTaskDispatcher with 6 workers.
[PhysX] Initialized MultithreadedTaskDispatcher with 6 workers.
 -> (artifact id: 'a5fea0739ec8228902873c8b20b8809f') in 0.0126781 seconds
Number of updated asset objects reloaded before import = 0Number of asset objects unloaded after import = 3

========================================================================
Received Import Request.
  Time since last request: 0.001089 seconds.
  path: Assets/Models/Misiu/27.png
  artifactKey: Guid(a46befc0c5a525544b141d54459c7503) Importer(815301076,1909f56bfc062723c751e8b465ee728b)
Start importing Assets/Models/Misiu/27.png using Guid(a46befc0c5a525544b141d54459c7503) Importer(815301076,1909f56bfc062723c751e8b465ee728b) (PreviewImporter)[PhysX] Initialized MultithreadedTaskDispatcher with 6 workers.
[PhysX] Initialized MultithreadedTaskDispatcher with 6 workers.
 -> (artifact id: 'b81de7bd3b62af73a9ade5097ad570fd') in 0.0111798 seconds
Number of updated asset objects reloaded before import = 0Number of asset objects unloaded after import = 3

========================================================================
Received Import Request.
  Time since last request: 0.000374 seconds.
  path: Assets/Models/Misiu/28.png
  artifactKey: Guid(e4e335e66b70de243a0e31eae741fea1) Importer(815301076,1909f56bfc062723c751e8b465ee728b)
Start importing Assets/Models/Misiu/28.png using Guid(e4e335e66b70de243a0e31eae741fea1) Importer(815301076,1909f56bfc062723c751e8b465ee728b) (PreviewImporter)[PhysX] Initialized MultithreadedTaskDispatcher with 6 workers.
[PhysX] Initialized MultithreadedTaskDispatcher with 6 workers.
 -> (artifact id: 'ad9b89d0b52b8f26eca85f6c410a3c50') in 0.015433 seconds
Number of updated asset objects reloaded before import = 0Number of asset objects unloaded after import = 3

========================================================================
Received Import Request.
  Time since last request: 0.000020 seconds.
  path: Assets/Models/GIraffe/29.png
  artifactKey: Guid(a91ad5de26360114ab30af6808f678e7) Importer(815301076,1909f56bfc062723c751e8b465ee728b)
Start importing Assets/Models/GIraffe/29.png using Guid(a91ad5de26360114ab30af6808f678e7) Importer(815301076,1909f56bfc062723c751e8b465ee728b) (PreviewImporter)[PhysX] Initialized MultithreadedTaskDispatcher with 6 workers.
[PhysX] Initialized MultithreadedTaskDispatcher with 6 workers.
 -> (artifact id: 'a02dfce0390f3fe55d658b890acd38e0') in 0.0154967 seconds
Number of updated asset objects reloaded before import = 0Number of asset objects unloaded after import = 3

========================================================================
Received Import Request.
  Time since last request: 0.000221 seconds.
  path: Assets/Models/GIraffe/31.png
  artifactKey: Guid(8c2eb257cc8b08c4e97deede2da8f4cb) Importer(815301076,1909f56bfc062723c751e8b465ee728b)
Start importing Assets/Models/GIraffe/31.png using Guid(8c2eb257cc8b08c4e97deede2da8f4cb) Importer(815301076,1909f56bfc062723c751e8b465ee728b) (PreviewImporter)[PhysX] Initialized MultithreadedTaskDispatcher with 6 workers.
[PhysX] Initialized MultithreadedTaskDispatcher with 6 workers.
 -> (artifact id: '373a1a34c684e15394b6dc7f1cc700fa') in 0.0135918 seconds
Number of updated asset objects reloaded before import = 0Number of asset objects unloaded after import = 3

========================================================================
Received Import Request.
  Time since last request: 0.004238 seconds.
  path: Assets/Models/Misiu/32.png
  artifactKey: Guid(f75a12779cdd0d54994611da4397c11c) Importer(815301076,1909f56bfc062723c751e8b465ee728b)
Start importing Assets/Models/Misiu/32.png using Guid(f75a12779cdd0d54994611da4397c11c) Importer(815301076,1909f56bfc062723c751e8b465ee728b) (PreviewImporter)[PhysX] Initialized MultithreadedTaskDispatcher with 6 workers.
[PhysX] Initialized MultithreadedTaskDispatcher with 6 workers.
 -> (artifact id: 'bbf497191f085f75e3495f6eac30d6c2') in 0.0106677 seconds
Number of updated asset objects reloaded before import = 0Number of asset objects unloaded after import = 3

========================================================================
Received Import Request.
  Time since last request: 0.006376 seconds.
  path: Assets/Models/Misiu/35.png
  artifactKey: Guid(f9e79bdf18ccc244797b700ddd7ed26b) Importer(815301076,1909f56bfc062723c751e8b465ee728b)
Start importing Assets/Models/Misiu/35.png using Guid(f9e79bdf18ccc244797b700ddd7ed26b) Importer(815301076,1909f56bfc062723c751e8b465ee728b) (PreviewImporter)[PhysX] Initialized MultithreadedTaskDispatcher with 6 workers.
[PhysX] Initialized MultithreadedTaskDispatcher with 6 workers.
 -> (artifact id: 'b7136a58e1c73cb43a05a6926a0aaa9c') in 0.0116697 seconds
Number of updated asset objects reloaded before import = 0Number of asset objects unloaded after import = 3

========================================================================
Received Import Request.
  Time since last request: 0.005134 seconds.
  path: Assets/Models/Misiu/38.png
  artifactKey: Guid(74cf394f58113024eb10c85a1f858fb1) Importer(815301076,1909f56bfc062723c751e8b465ee728b)
Start importing Assets/Models/Misiu/38.png using Guid(74cf394f58113024eb10c85a1f858fb1) Importer(815301076,1909f56bfc062723c751e8b465ee728b) (PreviewImporter)[PhysX] Initialized MultithreadedTaskDispatcher with 6 workers.
[PhysX] Initialized MultithreadedTaskDispatcher with 6 workers.
 -> (artifact id: 'b6f689750aa5c5309beafc0475d1c1a5') in 0.0140609 seconds
Number of updated asset objects reloaded before import = 0Number of asset objects unloaded after import = 3

========================================================================
Received Import Request.
  Time since last request: 0.005025 seconds.
  path: Assets/FreeButtonSet/Textures/icons/128x128/arrow_down.png
  artifactKey: Guid(e968566a79d16394f97ee27c34c6ac78) Importer(815301076,1909f56bfc062723c751e8b465ee728b)
Start importing Assets/FreeButtonSet/Textures/icons/128x128/arrow_down.png using Guid(e968566a79d16394f97ee27c34c6ac78) Importer(815301076,1909f56bfc062723c751e8b465ee728b) (PreviewImporter)[PhysX] Initialized MultithreadedTaskDispatcher with 6 workers.
[PhysX] Initialized MultithreadedTaskDispatcher with 6 workers.
 -> (artifact id: '9e98ff39d48fbbfec094e4ed48c2a593') in 0.0133748 seconds
Number of updated asset objects reloaded before import = 0Number of asset objects unloaded after import = 3

========================================================================
Received Import Request.
  Time since last request: 0.004284 seconds.
  path: Assets/FreeButtonSet/Textures/icons/256x256/arrow_down.png
  artifactKey: Guid(8e23a03b070b02343ae289c317c04cb8) Importer(815301076,1909f56bfc062723c751e8b465ee728b)
Start importing Assets/FreeButtonSet/Textures/icons/256x256/arrow_down.png using Guid(8e23a03b070b02343ae289c317c04cb8) Importer(815301076,1909f56bfc062723c751e8b465ee728b) (PreviewImporter)[PhysX] Initialized MultithreadedTaskDispatcher with 6 workers.
[PhysX] Initialized MultithreadedTaskDispatcher with 6 workers.
 -> (artifact id: '642560cbc0841482269b3429a4980540') in 0.0139304 seconds
Number of updated asset objects reloaded before import = 0Number of asset objects unloaded after import = 3

========================================================================
Received Import Request.
  Time since last request: 0.005060 seconds.
  path: Assets/FreeButtonSet/Textures/icons/64x64/arrow_left.png
  artifactKey: Guid(8b93523f32be16548bf56b5a6db4fefe) Importer(815301076,1909f56bfc062723c751e8b465ee728b)
Start importing Assets/FreeButtonSet/Textures/icons/64x64/arrow_left.png using Guid(8b93523f32be16548bf56b5a6db4fefe) Importer(815301076,1909f56bfc062723c751e8b465ee728b) (PreviewImporter)[PhysX] Initialized MultithreadedTaskDispatcher with 6 workers.
[PhysX] Initialized MultithreadedTaskDispatcher with 6 workers.
 -> (artifact id: 'cb02cdb1a5ecf246fb239136374105e0') in 0.0121034 seconds
Number of updated asset objects reloaded before import = 0Number of asset objects unloaded after import = 3

========================================================================
Received Import Request.
  Time since last request: 0.000016 seconds.
  path: Assets/FreeButtonSet/Textures/icons/32x32/arrow_right.png
  artifactKey: Guid(23772e19474d2c443b3be8361065a7b1) Importer(815301076,1909f56bfc062723c751e8b465ee728b)
Start importing Assets/FreeButtonSet/Textures/icons/32x32/arrow_right.png using Guid(23772e19474d2c443b3be8361065a7b1) Importer(815301076,1909f56bfc062723c751e8b465ee728b) (PreviewImporter)[PhysX] Initialized MultithreadedTaskDispatcher with 6 workers.
[PhysX] Initialized MultithreadedTaskDispatcher with 6 workers.
 -> (artifact id: '832e9a8ce6b051833f47f77ac752ff08') in 0.0102007 seconds
Number of updated asset objects reloaded before import = 0Number of asset objects unloaded after import = 3

========================================================================
Received Import Request.
  Time since last request: 0.005262 seconds.
  path: Assets/FreeButtonSet/Textures/icons/32x32/arrow_up.png
  artifactKey: Guid(e79549f1ff9d02e49aec7ac82e66592a) Importer(815301076,1909f56bfc062723c751e8b465ee728b)
Start importing Assets/FreeButtonSet/Textures/icons/32x32/arrow_up.png using Guid(e79549f1ff9d02e49aec7ac82e66592a) Importer(815301076,1909f56bfc062723c751e8b465ee728b) (PreviewImporter)[PhysX] Initialized MultithreadedTaskDispatcher with 6 workers.
[PhysX] Initialized MultithreadedTaskDispatcher with 6 workers.
 -> (artifact id: '7541a6460752f9001f83071acf9870e3') in 0.0113136 seconds
Number of updated asset objects reloaded before import = 0Number of asset objects unloaded after import = 3

========================================================================
Received Import Request.
  Time since last request: 0.000854 seconds.
  path: Assets/FreeButtonSet/Textures/icons/128x128/arrow_up.png
  artifactKey: Guid(9e197a1515abdbc4b91281eee95e8b33) Importer(815301076,1909f56bfc062723c751e8b465ee728b)
Start importing Assets/FreeButtonSet/Textures/icons/128x128/arrow_up.png using Guid(9e197a1515abdbc4b91281eee95e8b33) Importer(815301076,1909f56bfc062723c751e8b465ee728b) (PreviewImporter)[PhysX] Initialized MultithreadedTaskDispatcher with 6 workers.
[PhysX] Initialized MultithreadedTaskDispatcher with 6 workers.
 -> (artifact id: '424f62d984a6fb32bb02fdf7461ccdba') in 0.0138907 seconds
Number of updated asset objects reloaded before import = 0Number of asset objects unloaded after import = 3

========================================================================
Received Import Request.
  Time since last request: 0.006266 seconds.
  path: Assets/UI/Pencils/Black.png
  artifactKey: Guid(9d877533f8ac0c8438b44e47c6fdbc83) Importer(815301076,1909f56bfc062723c751e8b465ee728b)
Start importing Assets/UI/Pencils/Black.png using Guid(9d877533f8ac0c8438b44e47c6fdbc83) Importer(815301076,1909f56bfc062723c751e8b465ee728b) (PreviewImporter)[PhysX] Initialized MultithreadedTaskDispatcher with 6 workers.
[PhysX] Initialized MultithreadedTaskDispatcher with 6 workers.
 -> (artifact id: 'c9639eef7838711e95d9fcb84b12f8cf') in 0.0162902 seconds
Number of updated asset objects reloaded before import = 0Number of asset objects unloaded after import = 3

========================================================================
Received Import Request.
  Time since last request: 0.035008 seconds.
  path: Assets/UI/Pencils/Brown.png
  artifactKey: Guid(dd81f67eecae62a4ba73647df8665396) Importer(815301076,1909f56bfc062723c751e8b465ee728b)
Start importing Assets/UI/Pencils/Brown.png using Guid(dd81f67eecae62a4ba73647df8665396) Importer(815301076,1909f56bfc062723c751e8b465ee728b) (PreviewImporter)[PhysX] Initialized MultithreadedTaskDispatcher with 6 workers.
[PhysX] Initialized MultithreadedTaskDispatcher with 6 workers.
 -> (artifact id: '1965066a902e572bf1d5e31dc5e50974') in 0.0127598 seconds
Number of updated asset objects reloaded before import = 0Number of asset objects unloaded after import = 3

========================================================================
Received Import Request.
  Time since last request: 0.000017 seconds.
  path: Assets/FreeButtonSet/Textures/buttons/button_150.png
  artifactKey: Guid(cbb5f8f07e6166b4b9b2180a807d81de) Importer(815301076,1909f56bfc062723c751e8b465ee728b)
Start importing Assets/FreeButtonSet/Textures/buttons/button_150.png using Guid(cbb5f8f07e6166b4b9b2180a807d81de) Importer(815301076,1909f56bfc062723c751e8b465ee728b) (PreviewImporter)[PhysX] Initialized MultithreadedTaskDispatcher with 6 workers.
[PhysX] Initialized MultithreadedTaskDispatcher with 6 workers.
 -> (artifact id: '014f60cbf919ef1f3f965a74aa167410') in 0.0132068 seconds
Number of updated asset objects reloaded before import = 0Number of asset objects unloaded after import = 3

========================================================================
Received Import Request.
  Time since last request: 0.000016 seconds.
  path: Assets/FreeButtonSet/Textures/buttons/button_round_220.png
  artifactKey: Guid(9e8274c61673b8a458365832576005b4) Importer(815301076,1909f56bfc062723c751e8b465ee728b)
Start importing Assets/FreeButtonSet/Textures/buttons/button_round_220.png using Guid(9e8274c61673b8a458365832576005b4) Importer(815301076,1909f56bfc062723c751e8b465ee728b) (PreviewImporter)[PhysX] Initialized MultithreadedTaskDispatcher with 6 workers.
[PhysX] Initialized MultithreadedTaskDispatcher with 6 workers.
 -> (artifact id: '1b34908659cc58e647ae0fa27825a199') in 0.0154867 seconds
Number of updated asset objects reloaded before import = 0Number of asset objects unloaded after import = 3

========================================================================
Received Import Request.
  Time since last request: 0.000018 seconds.
  path: Assets/UI/cameraIcon.png
  artifactKey: Guid(5475636cd7b288d4f9d9cc2ba13024ef) Importer(815301076,1909f56bfc062723c751e8b465ee728b)
Start importing Assets/UI/cameraIcon.png using Guid(5475636cd7b288d4f9d9cc2ba13024ef) Importer(815301076,1909f56bfc062723c751e8b465ee728b) (PreviewImporter)[PhysX] Initialized MultithreadedTaskDispatcher with 6 workers.
[PhysX] Initialized MultithreadedTaskDispatcher with 6 workers.
 -> (artifact id: '35302eced04a814ebe528d0096bbde10') in 0.0170826 seconds
Number of updated asset objects reloaded before import = 0Number of asset objects unloaded after import = 3

========================================================================
Received Import Request.
  Time since last request: 0.000018 seconds.
  path: Assets/FreeButtonSet/Textures/icons/128x128/checkmark.png
  artifactKey: Guid(874b343cf51efe745b644be33893b09a) Importer(815301076,1909f56bfc062723c751e8b465ee728b)
Start importing Assets/FreeButtonSet/Textures/icons/128x128/checkmark.png using Guid(874b343cf51efe745b644be33893b09a) Importer(815301076,1909f56bfc062723c751e8b465ee728b) (PreviewImporter)[PhysX] Initialized MultithreadedTaskDispatcher with 6 workers.
[PhysX] Initialized MultithreadedTaskDispatcher with 6 workers.
 -> (artifact id: 'a84cf4d76c8a544e3416ff8fc35d4084') in 0.0116896 seconds
Number of updated asset objects reloaded before import = 0Number of asset objects unloaded after import = 3

========================================================================
Received Import Request.
  Time since last request: 0.003667 seconds.
  path: Assets/FreeButtonSet/Textures/controls/cross_02.png
  artifactKey: Guid(3e07fb988be0211469ff5f55f7e8f111) Importer(815301076,1909f56bfc062723c751e8b465ee728b)
Start importing Assets/FreeButtonSet/Textures/controls/cross_02.png using Guid(3e07fb988be0211469ff5f55f7e8f111) Importer(815301076,1909f56bfc062723c751e8b465ee728b) (PreviewImporter)[PhysX] Initialized MultithreadedTaskDispatcher with 6 workers.
[PhysX] Initialized MultithreadedTaskDispatcher with 6 workers.
 -> (artifact id: 'ae479165114d8c98384cb6a59b06a4ed') in 0.0133994 seconds
Number of updated asset objects reloaded before import = 0Number of asset objects unloaded after import = 3

========================================================================
Received Import Request.
  Time since last request: 0.005654 seconds.
  path: Assets/UI/Pencils/DarkBlue.png
  artifactKey: Guid(f8e8f7207c49e8a4f8cd017c10acd19e) Importer(815301076,1909f56bfc062723c751e8b465ee728b)
Start importing Assets/UI/Pencils/DarkBlue.png using Guid(f8e8f7207c49e8a4f8cd017c10acd19e) Importer(815301076,1909f56bfc062723c751e8b465ee728b) (PreviewImporter)[PhysX] Initialized MultithreadedTaskDispatcher with 6 workers.
[PhysX] Initialized MultithreadedTaskDispatcher with 6 workers.
 -> (artifact id: 'd2d32eae065822ac8389cf09d4cea0b5') in 0.0146246 seconds
Number of updated asset objects reloaded before import = 0Number of asset objects unloaded after import = 3

========================================================================
Received Import Request.
  Time since last request: 0.006835 seconds.
  path: Assets/UI/Pencils/Green.png
  artifactKey: Guid(238720452399d8c43a60510fa30840bd) Importer(815301076,1909f56bfc062723c751e8b465ee728b)
Start importing Assets/UI/Pencils/Green.png using Guid(238720452399d8c43a60510fa30840bd) Importer(815301076,1909f56bfc062723c751e8b465ee728b) (PreviewImporter)[PhysX] Initialized MultithreadedTaskDispatcher with 6 workers.
[PhysX] Initialized MultithreadedTaskDispatcher with 6 workers.
 -> (artifact id: '8bbe6da18eca4627fd24e9cdd155048b') in 0.0138458 seconds
Number of updated asset objects reloaded before import = 0Number of asset objects unloaded after import = 3

========================================================================
Received Import Request.
  Time since last request: 0.005037 seconds.
  path: Assets/FreeButtonSet/Textures/icons/128x128/heart.png
  artifactKey: Guid(6d9f5fb6855ea5f45abfe0b211851ed2) Importer(815301076,1909f56bfc062723c751e8b465ee728b)
Start importing Assets/FreeButtonSet/Textures/icons/128x128/heart.png using Guid(6d9f5fb6855ea5f45abfe0b211851ed2) Importer(815301076,1909f56bfc062723c751e8b465ee728b) (PreviewImporter)[PhysX] Initialized MultithreadedTaskDispatcher with 6 workers.
[PhysX] Initialized MultithreadedTaskDispatcher with 6 workers.
 -> (artifact id: '2ed299dc94cbe143b02ff83c3c669b00') in 0.0121055 seconds
Number of updated asset objects reloaded before import = 0Number of asset objects unloaded after import = 3

========================================================================
Received Import Request.
  Time since last request: 0.004471 seconds.
  path: Assets/FreeButtonSet/Textures/icons/64x64/help.png
  artifactKey: Guid(8143f852c3cbb53489177bce8ed0d104) Importer(815301076,1909f56bfc062723c751e8b465ee728b)
Start importing Assets/FreeButtonSet/Textures/icons/64x64/help.png using Guid(8143f852c3cbb53489177bce8ed0d104) Importer(815301076,1909f56bfc062723c751e8b465ee728b) (PreviewImporter)[PhysX] Initialized MultithreadedTaskDispatcher with 6 workers.
[PhysX] Initialized MultithreadedTaskDispatcher with 6 workers.
 -> (artifact id: '26a249d765b45737fad17fda4445a5cb') in 0.0101671 seconds
Number of updated asset objects reloaded before import = 0Number of asset objects unloaded after import = 3

========================================================================
Received Import Request.
  Time since last request: 0.031595 seconds.
  path: Assets/FreeButtonSet/Textures/icons/32x32/help.png
  artifactKey: Guid(17616644aaeac474888ce77a1e464cf8) Importer(815301076,1909f56bfc062723c751e8b465ee728b)
Start importing Assets/FreeButtonSet/Textures/icons/32x32/help.png using Guid(17616644aaeac474888ce77a1e464cf8) Importer(815301076,1909f56bfc062723c751e8b465ee728b) (PreviewImporter)[PhysX] Initialized MultithreadedTaskDispatcher with 6 workers.
[PhysX] Initialized MultithreadedTaskDispatcher with 6 workers.
 -> (artifact id: '7e74ca4322ebee294720e42992e1f0ba') in 0.0121563 seconds
Number of updated asset objects reloaded before import = 0Number of asset objects unloaded after import = 3

========================================================================
Received Import Request.
  Time since last request: 0.004813 seconds.
  path: Assets/FreeButtonSet/Textures/icons/128x128/info.png
  artifactKey: Guid(ff8b06e19a717d14d9ff2546436de761) Importer(815301076,1909f56bfc062723c751e8b465ee728b)
Start importing Assets/FreeButtonSet/Textures/icons/128x128/info.png using Guid(ff8b06e19a717d14d9ff2546436de761) Importer(815301076,1909f56bfc062723c751e8b465ee728b) (PreviewImporter)[PhysX] Initialized MultithreadedTaskDispatcher with 6 workers.
[PhysX] Initialized MultithreadedTaskDispatcher with 6 workers.
 -> (artifact id: '1cb8f80ae02f3a9d13ff7ea4e08dd343') in 0.0112047 seconds
Number of updated asset objects reloaded before import = 0Number of asset objects unloaded after import = 3

========================================================================
Received Import Request.
  Time since last request: 0.000016 seconds.
  path: Assets/UI/literki.jpg
  artifactKey: Guid(c7a28ea53dd6ac34389487c502b07eee) Importer(815301076,1909f56bfc062723c751e8b465ee728b)
Start importing Assets/UI/literki.jpg using Guid(c7a28ea53dd6ac34389487c502b07eee) Importer(815301076,1909f56bfc062723c751e8b465ee728b) (PreviewImporter)[PhysX] Initialized MultithreadedTaskDispatcher with 6 workers.
[PhysX] Initialized MultithreadedTaskDispatcher with 6 workers.
 -> (artifact id: '5b1f9b329e6b69d835ec6456a631d202') in 0.0182524 seconds
Number of updated asset objects reloaded before import = 0Number of asset objects unloaded after import = 3

========================================================================
Received Import Request.
  Time since last request: 0.030905 seconds.
  path: Assets/FreeButtonSet/Textures/icons/128x128/menu.png
  artifactKey: Guid(ec694ac45cee4c34a93f4caf3ab4f155) Importer(815301076,1909f56bfc062723c751e8b465ee728b)
Start importing Assets/FreeButtonSet/Textures/icons/128x128/menu.png using Guid(ec694ac45cee4c34a93f4caf3ab4f155) Importer(815301076,1909f56bfc062723c751e8b465ee728b) (PreviewImporter)[PhysX] Initialized MultithreadedTaskDispatcher with 6 workers.
[PhysX] Initialized MultithreadedTaskDispatcher with 6 workers.
 -> (artifact id: '7cfbe6d080cad4d9dea1d6d310578a88') in 0.0131789 seconds
Number of updated asset objects reloaded before import = 0Number of asset objects unloaded after import = 3

========================================================================
Received Import Request.
  Time since last request: 0.000019 seconds.
  path: Assets/FreeButtonSet/Textures/icons/64x64/menu.png
  artifactKey: Guid(eae15a34ba5cbdd40accbe87e85f2c40) Importer(815301076,1909f56bfc062723c751e8b465ee728b)
Start importing Assets/FreeButtonSet/Textures/icons/64x64/menu.png using Guid(eae15a34ba5cbdd40accbe87e85f2c40) Importer(815301076,1909f56bfc062723c751e8b465ee728b) (PreviewImporter)[PhysX] Initialized MultithreadedTaskDispatcher with 6 workers.
[PhysX] Initialized MultithreadedTaskDispatcher with 6 workers.
 -> (artifact id: '3a36a2f0acf2385afdc5984bc25b8419') in 0.0104741 seconds
Number of updated asset objects reloaded before import = 0Number of asset objects unloaded after import = 3

========================================================================
Received Import Request.
  Time since last request: 0.005016 seconds.
  path: Assets/FreeButtonSet/Textures/icons/256x256/message.png
  artifactKey: Guid(d86ebf4784f9d664eaa8c05a23b31f64) Importer(815301076,1909f56bfc062723c751e8b465ee728b)
Start importing Assets/FreeButtonSet/Textures/icons/256x256/message.png using Guid(d86ebf4784f9d664eaa8c05a23b31f64) Importer(815301076,1909f56bfc062723c751e8b465ee728b) (PreviewImporter)[PhysX] Initialized MultithreadedTaskDispatcher with 6 workers.
[PhysX] Initialized MultithreadedTaskDispatcher with 6 workers.
 -> (artifact id: '2c38321b2f6eaf023ee4732b6ca59ec5') in 0.0109476 seconds
Number of updated asset objects reloaded before import = 0Number of asset objects unloaded after import = 3

========================================================================
Received Import Request.
  Time since last request: 0.003423 seconds.
  path: Assets/FreeButtonSet/Textures/icons/256x256/minus.png
  artifactKey: Guid(6d3df38cd65ff494387432fd56427bde) Importer(815301076,1909f56bfc062723c751e8b465ee728b)
Start importing Assets/FreeButtonSet/Textures/icons/256x256/minus.png using Guid(6d3df38cd65ff494387432fd56427bde) Importer(815301076,1909f56bfc062723c751e8b465ee728b) (PreviewImporter)[PhysX] Initialized MultithreadedTaskDispatcher with 6 workers.
[PhysX] Initialized MultithreadedTaskDispatcher with 6 workers.
 -> (artifact id: '44873c3aa5d26b40a0472f824b192d03') in 0.01201 seconds
Number of updated asset objects reloaded before import = 0Number of asset objects unloaded after import = 3

========================================================================
Received Import Request.
  Time since last request: 0.000014 seconds.
  path: Assets/Models/Misiu/misiu0.png
  artifactKey: Guid(766fa307f16e129468798cd67c7350da) Importer(815301076,1909f56bfc062723c751e8b465ee728b)
Start importing Assets/Models/Misiu/misiu0.png using Guid(766fa307f16e129468798cd67c7350da) Importer(815301076,1909f56bfc062723c751e8b465ee728b) (PreviewImporter)[PhysX] Initialized MultithreadedTaskDispatcher with 6 workers.
[PhysX] Initialized MultithreadedTaskDispatcher with 6 workers.
 -> (artifact id: '593166465abd7a8140eaa4aca55f785c') in 0.0168102 seconds
Number of updated asset objects reloaded before import = 0Number of asset objects unloaded after import = 3

========================================================================
Received Import Request.
  Time since last request: 0.031615 seconds.
  path: Assets/FreeButtonSet/Textures/icons/128x128/pause.png
  artifactKey: Guid(b148167244e305a42b332c5e3103a0f3) Importer(815301076,1909f56bfc062723c751e8b465ee728b)
Start importing Assets/FreeButtonSet/Textures/icons/128x128/pause.png using Guid(b148167244e305a42b332c5e3103a0f3) Importer(815301076,1909f56bfc062723c751e8b465ee728b) (PreviewImporter)[PhysX] Initialized MultithreadedTaskDispatcher with 6 workers.
[PhysX] Initialized MultithreadedTaskDispatcher with 6 workers.
 -> (artifact id: '4a34eacc13c1716e3b2e739de827e05d') in 0.0110369 seconds
Number of updated asset objects reloaded before import = 0Number of asset objects unloaded after import = 3

========================================================================
Received Import Request.
  Time since last request: 0.000262 seconds.
  path: Assets/FreeButtonSet/Textures/icons/256x256/pause.png
  artifactKey: Guid(39af0f365e48844429e5e9144564e40a) Importer(815301076,1909f56bfc062723c751e8b465ee728b)
Start importing Assets/FreeButtonSet/Textures/icons/256x256/pause.png using Guid(39af0f365e48844429e5e9144564e40a) Importer(815301076,1909f56bfc062723c751e8b465ee728b) (PreviewImporter)[PhysX] Initialized MultithreadedTaskDispatcher with 6 workers.
[PhysX] Initialized MultithreadedTaskDispatcher with 6 workers.
 -> (artifact id: 'a0856e031fbda1fcb9b20c023f6a5f23') in 0.0110315 seconds
Number of updated asset objects reloaded before import = 0Number of asset objects unloaded after import = 3

========================================================================
Received Import Request.
  Time since last request: 0.004870 seconds.
  path: Assets/FreeButtonSet/Textures/icons/128x128/play.png
  artifactKey: Guid(adf19f966e0379040bb823cbe5375f3f) Importer(815301076,1909f56bfc062723c751e8b465ee728b)
Start importing Assets/FreeButtonSet/Textures/icons/128x128/play.png using Guid(adf19f966e0379040bb823cbe5375f3f) Importer(815301076,1909f56bfc062723c751e8b465ee728b) (PreviewImporter)[PhysX] Initialized MultithreadedTaskDispatcher with 6 workers.
[PhysX] Initialized MultithreadedTaskDispatcher with 6 workers.
 -> (artifact id: '27ec99e31b46d1f696dc62be268b5bf8') in 0.0113477 seconds
Number of updated asset objects reloaded before import = 0Number of asset objects unloaded after import = 3

========================================================================
Received Import Request.
  Time since last request: 0.000022 seconds.
  path: Assets/FreeButtonSet/Textures/icons/64x64/play.png
  artifactKey: Guid(a2f31c578b2fbc1469b71626553cc735) Importer(815301076,1909f56bfc062723c751e8b465ee728b)
Start importing Assets/FreeButtonSet/Textures/icons/64x64/play.png using Guid(a2f31c578b2fbc1469b71626553cc735) Importer(815301076,1909f56bfc062723c751e8b465ee728b) (PreviewImporter)[PhysX] Initialized MultithreadedTaskDispatcher with 6 workers.
[PhysX] Initialized MultithreadedTaskDispatcher with 6 workers.
 -> (artifact id: 'b166ff7c199b69b7f9128818d38470f9') in 0.0090944 seconds
Number of updated asset objects reloaded before import = 0Number of asset objects unloaded after import = 3

========================================================================
Received Import Request.
  Time since last request: 0.000021 seconds.
  path: Assets/FreeButtonSet/Textures/icons/32x32/plus.png
  artifactKey: Guid(f1d2732960a12434a91c2cba94b04cb5) Importer(815301076,1909f56bfc062723c751e8b465ee728b)
Start importing Assets/FreeButtonSet/Textures/icons/32x32/plus.png using Guid(f1d2732960a12434a91c2cba94b04cb5) Importer(815301076,1909f56bfc062723c751e8b465ee728b) (PreviewImporter)[PhysX] Initialized MultithreadedTaskDispatcher with 6 workers.
[PhysX] Initialized MultithreadedTaskDispatcher with 6 workers.
 -> (artifact id: '75af4ede384d0b6d30a568c3ca5aaf5d') in 0.0084752 seconds
Number of updated asset objects reloaded before import = 0Number of asset objects unloaded after import = 3

========================================================================
Received Import Request.
  Time since last request: 0.001546 seconds.
  path: Assets/FreeButtonSet/Textures/icons/128x128/plus.png
  artifactKey: Guid(c1d5c0c9c2ed348448cf389548c36f28) Importer(815301076,1909f56bfc062723c751e8b465ee728b)
Start importing Assets/FreeButtonSet/Textures/icons/128x128/plus.png using Guid(c1d5c0c9c2ed348448cf389548c36f28) Importer(815301076,1909f56bfc062723c751e8b465ee728b) (PreviewImporter)[PhysX] Initialized MultithreadedTaskDispatcher with 6 workers.
[PhysX] Initialized MultithreadedTaskDispatcher with 6 workers.
 -> (artifact id: '67b31c2e7c97c948460baea008c951db') in 0.0107971 seconds
Number of updated asset objects reloaded before import = 0Number of asset objects unloaded after import = 3

========================================================================
Received Import Request.
  Time since last request: 2.577795 seconds.
  path: Assets/FreeButtonSet/Textures/controls/radio_60.png
  artifactKey: Guid(15c761738c04fb84f94247a1a932296d) Importer(815301076,1909f56bfc062723c751e8b465ee728b)
Start importing Assets/FreeButtonSet/Textures/controls/radio_60.png using Guid(15c761738c04fb84f94247a1a932296d) Importer(815301076,1909f56bfc062723c751e8b465ee728b) (PreviewImporter)[PhysX] Initialized MultithreadedTaskDispatcher with 6 workers.
[PhysX] Initialized MultithreadedTaskDispatcher with 6 workers.
 -> (artifact id: '9243014d9ae4256e99629cf2ace0349b') in 0.0125167 seconds
Number of updated asset objects reloaded before import = 0Number of asset objects unloaded after import = 3

========================================================================
Received Import Request.
  Time since last request: 0.005321 seconds.
  path: Assets/UI/Pencils/Red.png
  artifactKey: Guid(a107ecd3f1dd37d478f07ccea55f6dab) Importer(815301076,1909f56bfc062723c751e8b465ee728b)
Start importing Assets/UI/Pencils/Red.png using Guid(a107ecd3f1dd37d478f07ccea55f6dab) Importer(815301076,1909f56bfc062723c751e8b465ee728b) (PreviewImporter)[PhysX] Initialized MultithreadedTaskDispatcher with 6 workers.
[PhysX] Initialized MultithreadedTaskDispatcher with 6 workers.
 -> (artifact id: 'bf71c40b1dc65903f00e6e9e1f9f54b3') in 0.0112276 seconds
Number of updated asset objects reloaded before import = 0Number of asset objects unloaded after import = 3

========================================================================
Received Import Request.
  Time since last request: 0.004245 seconds.
  path: Assets/FreeButtonSet/Textures/icons/256x256/repeat.png
  artifactKey: Guid(477e16ce3d75d124c8bd76f95fa08730) Importer(815301076,1909f56bfc062723c751e8b465ee728b)
Start importing Assets/FreeButtonSet/Textures/icons/256x256/repeat.png using Guid(477e16ce3d75d124c8bd76f95fa08730) Importer(815301076,1909f56bfc062723c751e8b465ee728b) (PreviewImporter)[PhysX] Initialized MultithreadedTaskDispatcher with 6 workers.
[PhysX] Initialized MultithreadedTaskDispatcher with 6 workers.
 -> (artifact id: '2ee1177b5cae494a50cf5295930d8cf0') in 0.0112838 seconds
Number of updated asset objects reloaded before import = 0Number of asset objects unloaded after import = 3

========================================================================
Received Import Request.
  Time since last request: 0.048532 seconds.
  path: Assets/FreeButtonSet/Textures/icons/32x32/repeat.png
  artifactKey: Guid(adb9df14921d3844ba1a07fdb2766d3b) Importer(815301076,1909f56bfc062723c751e8b465ee728b)
Start importing Assets/FreeButtonSet/Textures/icons/32x32/repeat.png using Guid(adb9df14921d3844ba1a07fdb2766d3b) Importer(815301076,1909f56bfc062723c751e8b465ee728b) (PreviewImporter)[PhysX] Initialized MultithreadedTaskDispatcher with 6 workers.
[PhysX] Initialized MultithreadedTaskDispatcher with 6 workers.
 -> (artifact id: 'b05de5b17336002bca000fdcc9b9d7b6') in 0.0086617 seconds
Number of updated asset objects reloaded before import = 0Number of asset objects unloaded after import = 3

========================================================================
Received Import Request.
  Time since last request: 0.002144 seconds.
  path: Assets/Sprites/S1.psd
  artifactKey: Guid(bff6a981d523d5247b2f6c1f54b8972b) Importer(815301076,1909f56bfc062723c751e8b465ee728b)
Start importing Assets/Sprites/S1.psd using Guid(bff6a981d523d5247b2f6c1f54b8972b) Importer(815301076,1909f56bfc062723c751e8b465ee728b) (PreviewImporter)[PhysX] Initialized MultithreadedTaskDispatcher with 6 workers.
[PhysX] Initialized MultithreadedTaskDispatcher with 6 workers.
 -> (artifact id: 'ce5e1edd225a077c4dc0c243e10f14fe') in 0.0233712 seconds
Number of updated asset objects reloaded before import = 0Number of asset objects unloaded after import = 3

========================================================================
Received Import Request.
  Time since last request: 0.004304 seconds.
  path: Assets/Sprites/The Swineherd/S4.psd
  artifactKey: Guid(b15ddb72c9c2e5f4285c2e0178b901d5) Importer(815301076,1909f56bfc062723c751e8b465ee728b)
Start importing Assets/Sprites/The Swineherd/S4.psd using Guid(b15ddb72c9c2e5f4285c2e0178b901d5) Importer(815301076,1909f56bfc062723c751e8b465ee728b) (PreviewImporter)[PhysX] Initialized MultithreadedTaskDispatcher with 6 workers.
[PhysX] Initialized MultithreadedTaskDispatcher with 6 workers.
 -> (artifact id: 'd386a659af06075fdf21a3a3d00a301d') in 0.0186332 seconds
Number of updated asset objects reloaded before import = 0Number of asset objects unloaded after import = 3

========================================================================
Received Import Request.
  Time since last request: 0.000018 seconds.
  path: Assets/FreeButtonSet/Textures/icons/256x256/settings.png
  artifactKey: Guid(29cd5fa083a9a4d448c49c770629f19e) Importer(815301076,1909f56bfc062723c751e8b465ee728b)
Start importing Assets/FreeButtonSet/Textures/icons/256x256/settings.png using Guid(29cd5fa083a9a4d448c49c770629f19e) Importer(815301076,1909f56bfc062723c751e8b465ee728b) (PreviewImporter)[PhysX] Initialized MultithreadedTaskDispatcher with 6 workers.
[PhysX] Initialized MultithreadedTaskDispatcher with 6 workers.
 -> (artifact id: 'b77b95d2ca447cb326e8627f386a6bea') in 0.0121819 seconds
Number of updated asset objects reloaded before import = 0Number of asset objects unloaded after import = 3

========================================================================
Received Import Request.
  Time since last request: 0.000513 seconds.
  path: Assets/FreeButtonSet/Textures/icons/256x256/share.png
  artifactKey: Guid(f241ab6632e1cb04698e1686dcdb8981) Importer(815301076,1909f56bfc062723c751e8b465ee728b)
Start importing Assets/FreeButtonSet/Textures/icons/256x256/share.png using Guid(f241ab6632e1cb04698e1686dcdb8981) Importer(815301076,1909f56bfc062723c751e8b465ee728b) (PreviewImporter)[PhysX] Initialized MultithreadedTaskDispatcher with 6 workers.
[PhysX] Initialized MultithreadedTaskDispatcher with 6 workers.
 -> (artifact id: 'd963f4c580aa42a19f5e2c95da570e33') in 0.0109399 seconds
Number of updated asset objects reloaded before import = 0Number of asset objects unloaded after import = 3

========================================================================
Received Import Request.
  Time since last request: 0.200521 seconds.
  path: Assets/FreeButtonSet/Textures/icons/128x128/share.png
  artifactKey: Guid(0c3c788016f06db4fa4c39433fe3af6c) Importer(815301076,1909f56bfc062723c751e8b465ee728b)
Start importing Assets/FreeButtonSet/Textures/icons/128x128/share.png using Guid(0c3c788016f06db4fa4c39433fe3af6c) Importer(815301076,1909f56bfc062723c751e8b465ee728b) (PreviewImporter)[PhysX] Initialized MultithreadedTaskDispatcher with 6 workers.
[PhysX] Initialized MultithreadedTaskDispatcher with 6 workers.
 -> (artifact id: '93eb4a8958be59b288406eb74133c4f9') in 0.0111916 seconds
Number of updated asset objects reloaded before import = 0Number of asset objects unloaded after import = 3

========================================================================
Received Import Request.
  Time since last request: 0.002228 seconds.
  path: Assets/FreeButtonSet/Textures/icons/32x32/speaker.png
  artifactKey: Guid(967aab30d466613409c60a93eee109b8) Importer(815301076,1909f56bfc062723c751e8b465ee728b)
Start importing Assets/FreeButtonSet/Textures/icons/32x32/speaker.png using Guid(967aab30d466613409c60a93eee109b8) Importer(815301076,1909f56bfc062723c751e8b465ee728b) (PreviewImporter)[PhysX] Initialized MultithreadedTaskDispatcher with 6 workers.
[PhysX] Initialized MultithreadedTaskDispatcher with 6 workers.
 -> (artifact id: '3a88f39f8d2c6ba4c6b9539d16d92d99') in 0.0120526 seconds
Number of updated asset objects reloaded before import = 0Number of asset objects unloaded after import = 3

========================================================================
Received Import Request.
  Time since last request: 0.000015 seconds.
  path: Assets/FreeButtonSet/Textures/icons/64x64/speaker.png
  artifactKey: Guid(2f01ca04470c3934a848ba73884b019a) Importer(815301076,1909f56bfc062723c751e8b465ee728b)
Start importing Assets/FreeButtonSet/Textures/icons/64x64/speaker.png using Guid(2f01ca04470c3934a848ba73884b019a) Importer(815301076,1909f56bfc062723c751e8b465ee728b) (PreviewImporter)[PhysX] Initialized MultithreadedTaskDispatcher with 6 workers.
[PhysX] Initialized MultithreadedTaskDispatcher with 6 workers.
 -> (artifact id: '048f53771ab3972a320c0cd4c04d2139') in 0.0127005 seconds
Number of updated asset objects reloaded before import = 0Number of asset objects unloaded after import = 3

========================================================================
Received Import Request.
  Time since last request: 0.032697 seconds.
  path: Assets/Sprites/Puzzle/star.png
  artifactKey: Guid(d35aaf9dbd48e0c49b3ab66383070576) Importer(815301076,1909f56bfc062723c751e8b465ee728b)
Start importing Assets/Sprites/Puzzle/star.png using Guid(d35aaf9dbd48e0c49b3ab66383070576) Importer(815301076,1909f56bfc062723c751e8b465ee728b) (PreviewImporter)[PhysX] Initialized MultithreadedTaskDispatcher with 6 workers.
[PhysX] Initialized MultithreadedTaskDispatcher with 6 workers.
 -> (artifact id: '91663861e00e1866047a06863746254a') in 0.0100603 seconds
Number of updated asset objects reloaded before import = 0Number of asset objects unloaded after import = 3

========================================================================
Received Import Request.
  Time since last request: 0.004448 seconds.
  path: Assets/FreeButtonSet/Textures/icons/32x32/star.png
  artifactKey: Guid(12451ffac05266542a4ec30187af9b6b) Importer(815301076,1909f56bfc062723c751e8b465ee728b)
Start importing Assets/FreeButtonSet/Textures/icons/32x32/star.png using Guid(12451ffac05266542a4ec30187af9b6b) Importer(815301076,1909f56bfc062723c751e8b465ee728b) (PreviewImporter)[PhysX] Initialized MultithreadedTaskDispatcher with 6 workers.
[PhysX] Initialized MultithreadedTaskDispatcher with 6 workers.
 -> (artifact id: 'ecaa0a59c06868ecd879d83862155284') in 0.0119406 seconds
Number of updated asset objects reloaded before import = 0Number of asset objects unloaded after import = 3

========================================================================
Received Import Request.
  Time since last request: 0.000015 seconds.
  path: Assets/FreeButtonSet/Textures/controls/toggle_bg_200.png
  artifactKey: Guid(c8dec52db7cb0f148b53038d975761ea) Importer(815301076,1909f56bfc062723c751e8b465ee728b)
Start importing Assets/FreeButtonSet/Textures/controls/toggle_bg_200.png using Guid(c8dec52db7cb0f148b53038d975761ea) Importer(815301076,1909f56bfc062723c751e8b465ee728b) (PreviewImporter)[PhysX] Initialized MultithreadedTaskDispatcher with 6 workers.
[PhysX] Initialized MultithreadedTaskDispatcher with 6 workers.
 -> (artifact id: '8fb79aacbfe3cbe2b1be51ec40aecc75') in 0.0137486 seconds
Number of updated asset objects reloaded before import = 0Number of asset objects unloaded after import = 3

========================================================================
Received Import Request.
  Time since last request: 0.000634 seconds.
  path: Assets/FreeButtonSet/Textures/controls/universal_panel_20.png
  artifactKey: Guid(953de0a59c3f3c7498ecb7496a450d69) Importer(815301076,1909f56bfc062723c751e8b465ee728b)
Start importing Assets/FreeButtonSet/Textures/controls/universal_panel_20.png using Guid(953de0a59c3f3c7498ecb7496a450d69) Importer(815301076,1909f56bfc062723c751e8b465ee728b) (PreviewImporter)[PhysX] Initialized MultithreadedTaskDispatcher with 6 workers.
[PhysX] Initialized MultithreadedTaskDispatcher with 6 workers.
 -> (artifact id: 'ca9a40953d20230ed17401086114eca0') in 0.0107556 seconds
Number of updated asset objects reloaded before import = 0Number of asset objects unloaded after import = 3

========================================================================
Received Import Request.
  Time since last request: 0.005272 seconds.
  path: Assets/FreeButtonSet/Textures/icons/128x128/user.png
  artifactKey: Guid(3b902f226593c084fba20ed761508616) Importer(815301076,1909f56bfc062723c751e8b465ee728b)
Start importing Assets/FreeButtonSet/Textures/icons/128x128/user.png using Guid(3b902f226593c084fba20ed761508616) Importer(815301076,1909f56bfc062723c751e8b465ee728b) (PreviewImporter)[PhysX] Initialized MultithreadedTaskDispatcher with 6 workers.
[PhysX] Initialized MultithreadedTaskDispatcher with 6 workers.
 -> (artifact id: 'e1de28371b8072dc360a67cc4c110594') in 0.0118955 seconds
Number of updated asset objects reloaded before import = 0Number of asset objects unloaded after import = 3

========================================================================
Received Import Request.
  Time since last request: 0.033543 seconds.
  path: Assets/FreeButtonSet/Textures/icons/32x32/user.png
  artifactKey: Guid(cf47eab53a70c424aad053f375a5f2e0) Importer(815301076,1909f56bfc062723c751e8b465ee728b)
Start importing Assets/FreeButtonSet/Textures/icons/32x32/user.png using Guid(cf47eab53a70c424aad053f375a5f2e0) Importer(815301076,1909f56bfc062723c751e8b465ee728b) (PreviewImporter)[PhysX] Initialized MultithreadedTaskDispatcher with 6 workers.
[PhysX] Initialized MultithreadedTaskDispatcher with 6 workers.
 -> (artifact id: 'daba4a47575b1343365bc0e9f3ce1730') in 0.0108625 seconds
Number of updated asset objects reloaded before import = 0Number of asset objects unloaded after import = 3

========================================================================
Received Import Request.
  Time since last request: 0.002335 seconds.
  path: Assets/UI/Pencils/white.png
  artifactKey: Guid(c9f4d217da1e6fd45a6fe1007aa6f298) Importer(815301076,1909f56bfc062723c751e8b465ee728b)
Start importing Assets/UI/Pencils/white.png using Guid(c9f4d217da1e6fd45a6fe1007aa6f298) Importer(815301076,1909f56bfc062723c751e8b465ee728b) (PreviewImporter)[PhysX] Initialized MultithreadedTaskDispatcher with 6 workers.
[PhysX] Initialized MultithreadedTaskDispatcher with 6 workers.
 -> (artifact id: '5b7f00ab5a97c908bec5c43795c531f4') in 0.0136535 seconds
Number of updated asset objects reloaded before import = 0Number of asset objects unloaded after import = 3

========================================================================
Received Import Request.
  Time since last request: 0.000019 seconds.
  path: Assets/FreeButtonSet/Textures/icons/128x128/x.png
  artifactKey: Guid(321dfcc1c12d7cf42b0037754b1cdf9b) Importer(815301076,1909f56bfc062723c751e8b465ee728b)
Start importing Assets/FreeButtonSet/Textures/icons/128x128/x.png using Guid(321dfcc1c12d7cf42b0037754b1cdf9b) Importer(815301076,1909f56bfc062723c751e8b465ee728b) (PreviewImporter)[PhysX] Initialized MultithreadedTaskDispatcher with 6 workers.
[PhysX] Initialized MultithreadedTaskDispatcher with 6 workers.
 -> (artifact id: '424aa55ce60c3fc0de98a9ab65344aae') in 0.0110993 seconds
Number of updated asset objects reloaded before import = 0Number of asset objects unloaded after import = 3

========================================================================
Received Import Request.
  Time since last request: 0.000017 seconds.
  path: Assets/Models/GIraffe/zyr.png
  artifactKey: Guid(77569b78782454a4c8367dd4e3752e16) Importer(815301076,1909f56bfc062723c751e8b465ee728b)
Start importing Assets/Models/GIraffe/zyr.png using Guid(77569b78782454a4c8367dd4e3752e16) Importer(815301076,1909f56bfc062723c751e8b465ee728b) (PreviewImporter)[PhysX] Initialized MultithreadedTaskDispatcher with 6 workers.
[PhysX] Initialized MultithreadedTaskDispatcher with 6 workers.
 -> (artifact id: '3347a0130cc6feba70df5bd29fb24f6f') in 0.0115905 seconds
Number of updated asset objects reloaded before import = 0Number of asset objects unloaded after import = 3

========================================================================
Received Prepare
Begin MonoManager ReloadAssembly
- Loaded All Assemblies, in  0.430 seconds
Refreshing native plugins compatible for Editor in 1.15 ms, found 2 plugins.
Native extension for Android target not found
Native extension for WindowsStandalone target not found
Mono: successfully reloaded assembly
- Finished resetting the current domain, in  0.731 seconds
Domain Reload Profiling: 1159ms
	BeginReloadAssembly (160ms)
		ExecutionOrderSort (0ms)
		DisableScriptedObjects (7ms)
		BackupInstance (0ms)
		ReleaseScriptingObjects (0ms)
		CreateAndSetChildDomain (34ms)
	RebuildCommonClasses (29ms)
	RebuildNativeTypeToScriptingClass (13ms)
	initialDomainReloadingComplete (25ms)
	LoadAllAssembliesAndSetupDomain (200ms)
		LoadAssemblies (234ms)
		RebuildTransferFunctionScriptingTraits (0ms)
		AnalyzeDomain (56ms)
			TypeCache.Refresh (4ms)
				TypeCache.ScanAssembly (0ms)
			BuildScriptInfoCaches (48ms)
			ResolveRequiredComponents (2ms)
	FinalizeReload (731ms)
		ReleaseScriptCaches (0ms)
		RebuildScriptCaches (0ms)
		SetupLoadedEditorAssemblies (535ms)
			LogAssemblyErrors (0ms)
			InitializePlatformSupportModulesInManaged (18ms)
			SetLoadedEditorAssemblies (3ms)
			BeforeProcessingInitializeOnLoad (44ms)
			ProcessInitializeOnLoadAttributes (282ms)
			ProcessInitializeOnLoadMethodAttributes (183ms)
			AfterProcessingInitializeOnLoad (4ms)
			EditorAssembliesLoaded (0ms)
		ExecutionOrderSort2 (0ms)
		AwakeInstancesAfterBackupRestoration (6ms)
Refreshing native plugins compatible for Editor in 1.04 ms, found 2 plugins.
Preloading 0 native plugins for Editor in 0.00 ms.
Unloading 0 Unused Serialized files (Serialized files now loaded: 0)
Unloading 1687 unused Assets / (346.3 KB). Loaded Objects now: 2420.
Memory consumption went from 93.5 MB to 93.1 MB.
Total: 4.634200 ms (FindLiveObjects: 0.173400 ms CreateObjectMapping: 0.125200 ms MarkObjects: 4.038400 ms  DeleteObjects: 0.296800 ms)

Prepare: number of updated asset objects reloaded= 0
========================================================================
Received Import Request.
  Time since last request: 68.367040 seconds.
  path: Assets/UI/TłoMain.png
  artifactKey: Guid(555d492418b67234cabe58a26dcd8999) Importer(815301076,1909f56bfc062723c751e8b465ee728b)
Start importing Assets/UI/TłoMain.png using Guid(555d492418b67234cabe58a26dcd8999) Importer(815301076,1909f56bfc062723c751e8b465ee728b) (PreviewImporter)[PhysX] Initialized MultithreadedTaskDispatcher with 6 workers.
[PhysX] Initialized MultithreadedTaskDispatcher with 6 workers.
 -> (artifact id: '86c32e4394ba406963683ef8c37111ac') in 0.0531223 seconds
Number of updated asset objects reloaded before import = 0Number of asset objects unloaded after import = 2

========================================================================
Received Import Request.
  Time since last request: 250.777018 seconds.
  path: Assets/Sounds/MainMenuSound.mp3
  artifactKey: Guid(ef5f1f5a16b898b4f9dbdeff04e0e5b9) Importer(815301076,1909f56bfc062723c751e8b465ee728b)
Start importing Assets/Sounds/MainMenuSound.mp3 using Guid(ef5f1f5a16b898b4f9dbdeff04e0e5b9) Importer(815301076,1909f56bfc062723c751e8b465ee728b) (PreviewImporter)[PhysX] Initialized MultithreadedTaskDispatcher with 6 workers.
[PhysX] Initialized MultithreadedTaskDispatcher with 6 workers.
 -> (artifact id: 'eff5a7e4dedc36e2cbee4921786b7231') in 0.2257934 seconds
Number of updated asset objects reloaded before import = 0Number of asset objects unloaded after import = 2

========================================================================
Received Import Request.
  Time since last request: 4.631656 seconds.
  path: Assets/Sounds/Wrong Buzzer Sound Effect.wav
  artifactKey: Guid(c0ce88a55a0e1764fb7af53f4fe5633d) Importer(815301076,1909f56bfc062723c751e8b465ee728b)
Start importing Assets/Sounds/Wrong Buzzer Sound Effect.wav using Guid(c0ce88a55a0e1764fb7af53f4fe5633d) Importer(815301076,1909f56bfc062723c751e8b465ee728b) (PreviewImporter)[PhysX] Initialized MultithreadedTaskDispatcher with 6 workers.
[PhysX] Initialized MultithreadedTaskDispatcher with 6 workers.
 -> (artifact id: 'ce177109eadc9fd6ec5e575e95e32184') in 0.01297 seconds
Number of updated asset objects reloaded before import = 0Number of asset objects unloaded after import = 2

========================================================================
Received Import Request.
  Time since last request: 1.577013 seconds.
  path: Assets/Sounds/applause8.mp3
  artifactKey: Guid(984ede236772db741931ce76cb20a47d) Importer(815301076,1909f56bfc062723c751e8b465ee728b)
Start importing Assets/Sounds/applause8.mp3 using Guid(984ede236772db741931ce76cb20a47d) Importer(815301076,1909f56bfc062723c751e8b465ee728b) (PreviewImporter)[PhysX] Initialized MultithreadedTaskDispatcher with 6 workers.
[PhysX] Initialized MultithreadedTaskDispatcher with 6 workers.
 -> (artifact id: 'e4bf2ce6a161e1df09aea7eea349f7ac') in 0.0140325 seconds
Number of updated asset objects reloaded before import = 0Number of asset objects unloaded after import = 2

========================================================================
Received Prepare
Begin MonoManager ReloadAssembly
- Loaded All Assemblies, in  1.677 seconds
Refreshing native plugins compatible for Editor in 0.60 ms, found 2 plugins.
Native extension for Android target not found
Native extension for WindowsStandalone target not found
Mono: successfully reloaded assembly
- Finished resetting the current domain, in  0.573 seconds
Domain Reload Profiling: 2249ms
	BeginReloadAssembly (151ms)
		ExecutionOrderSort (0ms)
		DisableScriptedObjects (6ms)
		BackupInstance (0ms)
		ReleaseScriptingObjects (0ms)
		CreateAndSetChildDomain (32ms)
	RebuildCommonClasses (27ms)
	RebuildNativeTypeToScriptingClass (9ms)
	initialDomainReloadingComplete (19ms)
	LoadAllAssembliesAndSetupDomain (1469ms)
		LoadAssemblies (1499ms)
		RebuildTransferFunctionScriptingTraits (0ms)
		AnalyzeDomain (51ms)
			TypeCache.Refresh (4ms)
				TypeCache.ScanAssembly (0ms)
			BuildScriptInfoCaches (44ms)
			ResolveRequiredComponents (2ms)
	FinalizeReload (574ms)
		ReleaseScriptCaches (0ms)
		RebuildScriptCaches (0ms)
		SetupLoadedEditorAssemblies (409ms)
			LogAssemblyErrors (0ms)
			InitializePlatformSupportModulesInManaged (14ms)
			SetLoadedEditorAssemblies (3ms)
			BeforeProcessingInitializeOnLoad (30ms)
			ProcessInitializeOnLoadAttributes (210ms)
			ProcessInitializeOnLoadMethodAttributes (148ms)
			AfterProcessingInitializeOnLoad (4ms)
			EditorAssembliesLoaded (0ms)
		ExecutionOrderSort2 (0ms)
		AwakeInstancesAfterBackupRestoration (6ms)
Refreshing native plugins compatible for Editor in 0.70 ms, found 2 plugins.
Preloading 0 native plugins for Editor in 0.00 ms.
Unloading 0 Unused Serialized files (Serialized files now loaded: 0)
Unloading 1687 unused Assets / (466.3 KB). Loaded Objects now: 2426.
Memory consumption went from 92.7 MB to 92.2 MB.
Total: 4.459100 ms (FindLiveObjects: 0.188000 ms CreateObjectMapping: 0.138800 ms MarkObjects: 3.678700 ms  DeleteObjects: 0.453000 ms)

Prepare: number of updated asset objects reloaded= 0
========================================================================
Received Prepare
Begin MonoManager ReloadAssembly
- Loaded All Assemblies, in  0.388 seconds
Refreshing native plugins compatible for Editor in 0.66 ms, found 2 plugins.
Native extension for Android target not found
Native extension for WindowsStandalone target not found
Mono: successfully reloaded assembly
- Finished resetting the current domain, in  0.638 seconds
Domain Reload Profiling: 1025ms
	BeginReloadAssembly (144ms)
		ExecutionOrderSort (0ms)
		DisableScriptedObjects (6ms)
		BackupInstance (0ms)
		ReleaseScriptingObjects (0ms)
		CreateAndSetChildDomain (30ms)
	RebuildCommonClasses (32ms)
	RebuildNativeTypeToScriptingClass (12ms)
	initialDomainReloadingComplete (19ms)
	LoadAllAssembliesAndSetupDomain (180ms)
		LoadAssemblies (207ms)
		RebuildTransferFunctionScriptingTraits (0ms)
		AnalyzeDomain (52ms)
			TypeCache.Refresh (4ms)
				TypeCache.ScanAssembly (0ms)
			BuildScriptInfoCaches (45ms)
			ResolveRequiredComponents (2ms)
	FinalizeReload (639ms)
		ReleaseScriptCaches (0ms)
		RebuildScriptCaches (0ms)
		SetupLoadedEditorAssemblies (454ms)
			LogAssemblyErrors (0ms)
			InitializePlatformSupportModulesInManaged (15ms)
			SetLoadedEditorAssemblies (3ms)
			BeforeProcessingInitializeOnLoad (31ms)
			ProcessInitializeOnLoadAttributes (236ms)
			ProcessInitializeOnLoadMethodAttributes (164ms)
			AfterProcessingInitializeOnLoad (4ms)
			EditorAssembliesLoaded (0ms)
		ExecutionOrderSort2 (0ms)
		AwakeInstancesAfterBackupRestoration (6ms)
Refreshing native plugins compatible for Editor in 0.74 ms, found 2 plugins.
Preloading 0 native plugins for Editor in 0.00 ms.
Unloading 0 Unused Serialized files (Serialized files now loaded: 0)
Unloading 1687 unused Assets / (364.5 KB). Loaded Objects now: 2426.
Memory consumption went from 92.7 MB to 92.3 MB.
Total: 4.470700 ms (FindLiveObjects: 0.166400 ms CreateObjectMapping: 0.114600 ms MarkObjects: 3.872900 ms  DeleteObjects: 0.316100 ms)

Prepare: number of updated asset objects reloaded= 0
========================================================================
Received Prepare
Refreshing native plugins compatible for Editor in 1.15 ms, found 2 plugins.
Preloading 0 native plugins for Editor in 0.00 ms.
Unloading 0 Unused Serialized files (Serialized files now loaded: 0)
Unloading 1681 unused Assets / (395.4 KB). Loaded Objects now: 2426.
Memory consumption went from 92.9 MB to 92.5 MB.
Total: 4.969000 ms (FindLiveObjects: 0.271800 ms CreateObjectMapping: 0.133600 ms MarkObjects: 4.152300 ms  DeleteObjects: 0.410300 ms)

Prepare: number of updated asset objects reloaded= 0
========================================================================
Received Prepare
Begin MonoManager ReloadAssembly
- Loaded All Assemblies, in  0.498 seconds
Refreshing native plugins compatible for Editor in 0.63 ms, found 2 plugins.
Native extension for Android target not found
Native extension for WindowsStandalone target not found
Mono: successfully reloaded assembly
- Finished resetting the current domain, in  0.810 seconds
Domain Reload Profiling: 1307ms
	BeginReloadAssembly (185ms)
		ExecutionOrderSort (0ms)
		DisableScriptedObjects (9ms)
		BackupInstance (0ms)
		ReleaseScriptingObjects (0ms)
		CreateAndSetChildDomain (37ms)
	RebuildCommonClasses (36ms)
	RebuildNativeTypeToScriptingClass (14ms)
	initialDomainReloadingComplete (25ms)
	LoadAllAssembliesAndSetupDomain (236ms)
		LoadAssemblies (270ms)
		RebuildTransferFunctionScriptingTraits (0ms)
		AnalyzeDomain (67ms)
			TypeCache.Refresh (5ms)
				TypeCache.ScanAssembly (0ms)
			BuildScriptInfoCaches (56ms)
			ResolveRequiredComponents (3ms)
	FinalizeReload (811ms)
		ReleaseScriptCaches (0ms)
		RebuildScriptCaches (0ms)
		SetupLoadedEditorAssemblies (602ms)
			LogAssemblyErrors (0ms)
			InitializePlatformSupportModulesInManaged (18ms)
			SetLoadedEditorAssemblies (3ms)
			BeforeProcessingInitializeOnLoad (55ms)
			ProcessInitializeOnLoadAttributes (301ms)
			ProcessInitializeOnLoadMethodAttributes (218ms)
			AfterProcessingInitializeOnLoad (6ms)
			EditorAssembliesLoaded (0ms)
		ExecutionOrderSort2 (0ms)
		AwakeInstancesAfterBackupRestoration (9ms)
Refreshing native plugins compatible for Editor in 1.03 ms, found 2 plugins.
Preloading 0 native plugins for Editor in 0.00 ms.
Unloading 0 Unused Serialized files (Serialized files now loaded: 0)
Unloading 1687 unused Assets / (274.6 KB). Loaded Objects now: 2426.
Memory consumption went from 92.7 MB to 92.4 MB.
Total: 6.363200 ms (FindLiveObjects: 0.253100 ms CreateObjectMapping: 0.085300 ms MarkObjects: 5.746300 ms  DeleteObjects: 0.277800 ms)

Prepare: number of updated asset objects reloaded= 0
========================================================================
Received Import Request.
  Time since last request: 903.210942 seconds.
  path: Assets/Materials/_DrawMat.mat
  artifactKey: Guid(3e3b85cc5651b4d4f9413f945f52b458) Importer(815301076,1909f56bfc062723c751e8b465ee728b)
Start importing Assets/Materials/_DrawMat.mat using Guid(3e3b85cc5651b4d4f9413f945f52b458) Importer(815301076,1909f56bfc062723c751e8b465ee728b) (PreviewImporter)[PhysX] Initialized MultithreadedTaskDispatcher with 6 workers.
[PhysX] Initialized MultithreadedTaskDispatcher with 6 workers.
 -> (artifact id: 'a0818b0767d1b89f37a209a14040f914') in 0.0887614 seconds
Number of updated asset objects reloaded before import = 0Number of asset objects unloaded after import = 1

========================================================================
Received Import Request.
  Time since last request: 0.000017 seconds.
  path: Assets/FullTiltBoogie/Materials/BokehQuint.mat
  artifactKey: Guid(2457b0d8c738e419ca3b1ad562f48fe0) Importer(815301076,1909f56bfc062723c751e8b465ee728b)
Start importing Assets/FullTiltBoogie/Materials/BokehQuint.mat using Guid(2457b0d8c738e419ca3b1ad562f48fe0) Importer(815301076,1909f56bfc062723c751e8b465ee728b) (PreviewImporter)[PhysX] Initialized MultithreadedTaskDispatcher with 6 workers.
[PhysX] Initialized MultithreadedTaskDispatcher with 6 workers.
 -> (artifact id: 'd6e88b6edc11cd42528cae27dc9bb604') in 0.0442087 seconds
Number of updated asset objects reloaded before import = 0Number of asset objects unloaded after import = 2

========================================================================
Received Import Request.
  Time since last request: 0.000023 seconds.
  path: Assets/Materials/Region28_MaskedPaint.mat
  artifactKey: Guid(f5f9a5491e4afeb4ba94cafb57f231b1) Importer(815301076,1909f56bfc062723c751e8b465ee728b)
Start importing Assets/Materials/Region28_MaskedPaint.mat using Guid(f5f9a5491e4afeb4ba94cafb57f231b1) Importer(815301076,1909f56bfc062723c751e8b465ee728b) (PreviewImporter)[PhysX] Initialized MultithreadedTaskDispatcher with 6 workers.
[PhysX] Initialized MultithreadedTaskDispatcher with 6 workers.
 -> (artifact id: 'b3bf4b001ad25c941786ad1353cbfc9b') in 0.1837691 seconds
Number of updated asset objects reloaded before import = 0Number of asset objects unloaded after import = 3

========================================================================
Received Import Request.
  Time since last request: 0.000013 seconds.
  path: Assets/FullTiltBoogie/Materials/SmokePuffs3.mat
  artifactKey: Guid(0e614e05d1c7a4bcdbbe24547504eeb9) Importer(815301076,1909f56bfc062723c751e8b465ee728b)
Start importing Assets/FullTiltBoogie/Materials/SmokePuffs3.mat using Guid(0e614e05d1c7a4bcdbbe24547504eeb9) Importer(815301076,1909f56bfc062723c751e8b465ee728b) (PreviewImporter)[PhysX] Initialized MultithreadedTaskDispatcher with 6 workers.
[PhysX] Initialized MultithreadedTaskDispatcher with 6 workers.
 -> (artifact id: '5c890854bd91e48116025dbe5245b7b2') in 0.0249351 seconds
Number of updated asset objects reloaded before import = 0Number of asset objects unloaded after import = 2

========================================================================
Received Import Request.
  Time since last request: 0.000015 seconds.
  path: Assets/FullTiltBoogie/Materials/BokehHexAlpha.mat
  artifactKey: Guid(4927e5dcc23164c0988f0c23c461cbe0) Importer(815301076,1909f56bfc062723c751e8b465ee728b)
Start importing Assets/FullTiltBoogie/Materials/BokehHexAlpha.mat using Guid(4927e5dcc23164c0988f0c23c461cbe0) Importer(815301076,1909f56bfc062723c751e8b465ee728b) (PreviewImporter)[PhysX] Initialized MultithreadedTaskDispatcher with 6 workers.
[PhysX] Initialized MultithreadedTaskDispatcher with 6 workers.
 -> (artifact id: '50c50d9c4e568b38bcf05972fc10f9ed') in 0.0309901 seconds
Number of updated asset objects reloaded before import = 0Number of asset objects unloaded after import = 2

========================================================================
Received Import Request.
  Time since last request: 0.000015 seconds.
  path: Assets/Font/LuckiestGuy.ttf
  artifactKey: Guid(ab2cfde409d710b47b0b502877abb479) Importer(815301076,1909f56bfc062723c751e8b465ee728b)
Start importing Assets/Font/LuckiestGuy.ttf using Guid(ab2cfde409d710b47b0b502877abb479) Importer(815301076,1909f56bfc062723c751e8b465ee728b) (PreviewImporter)[PhysX] Initialized MultithreadedTaskDispatcher with 6 workers.
[PhysX] Initialized MultithreadedTaskDispatcher with 6 workers.
[PhysX] Initialized MultithreadedTaskDispatcher with 6 workers.
 -> (artifact id: '549effd77f2588b8a848f4ce548a8a6c') in 0.0259587 seconds
Number of updated asset objects reloaded before import = 0Number of asset objects unloaded after import = 4

========================================================================
Received Import Request.
  Time since last request: 0.000022 seconds.
  path: Assets/FullTiltBoogie/Materials/SmashCracksMat.mat
  artifactKey: Guid(c47160a4437d84aedb3c9d12fef8ae67) Importer(815301076,1909f56bfc062723c751e8b465ee728b)
Start importing Assets/FullTiltBoogie/Materials/SmashCracksMat.mat using Guid(c47160a4437d84aedb3c9d12fef8ae67) Importer(815301076,1909f56bfc062723c751e8b465ee728b) (PreviewImporter)[PhysX] Initialized MultithreadedTaskDispatcher with 6 workers.
[PhysX] Initialized MultithreadedTaskDispatcher with 6 workers.
 -> (artifact id: 'f71abd431d2a17f1d28a642033e5bdf7') in 0.0575914 seconds
Number of updated asset objects reloaded before import = 0Number of asset objects unloaded after import = 3

========================================================================
Received Import Request.
  Time since last request: 0.000013 seconds.
  path: Assets/FullTiltBoogie/Materials/SmokePuffs2.mat
  artifactKey: Guid(80e18054a2d9246a89ee4af89ba542f6) Importer(815301076,1909f56bfc062723c751e8b465ee728b)
Start importing Assets/FullTiltBoogie/Materials/SmokePuffs2.mat using Guid(80e18054a2d9246a89ee4af89ba542f6) Importer(815301076,1909f56bfc062723c751e8b465ee728b) (PreviewImporter)[PhysX] Initialized MultithreadedTaskDispatcher with 6 workers.
[PhysX] Initialized MultithreadedTaskDispatcher with 6 workers.
 -> (artifact id: '87dbe42552e57dd92c0f05a00124caf8') in 0.0262425 seconds
Number of updated asset objects reloaded before import = 0Number of asset objects unloaded after import = 2

========================================================================
Received Import Request.
  Time since last request: 0.000014 seconds.
  path: Assets/FullTiltBoogie/Materials/LightningBoltsAlpha.mat
  artifactKey: Guid(bf0cfc1c08fb4e64f996747d421f246d) Importer(815301076,1909f56bfc062723c751e8b465ee728b)
Start importing Assets/FullTiltBoogie/Materials/LightningBoltsAlpha.mat using Guid(bf0cfc1c08fb4e64f996747d421f246d) Importer(815301076,1909f56bfc062723c751e8b465ee728b) (PreviewImporter)[PhysX] Initialized MultithreadedTaskDispatcher with 6 workers.
[PhysX] Initialized MultithreadedTaskDispatcher with 6 workers.
 -> (artifact id: '6ba9c936ce01d573b8600a5449ee5b93') in 0.0237799 seconds
Number of updated asset objects reloaded before import = 0Number of asset objects unloaded after import = 2

========================================================================
Received Import Request.
  Time since last request: 0.000016 seconds.
  path: Assets/FullTiltBoogie/Materials/CopperSpark.mat
  artifactKey: Guid(fcc145699d3464fa187899b93a68bffd) Importer(815301076,1909f56bfc062723c751e8b465ee728b)
Start importing Assets/FullTiltBoogie/Materials/CopperSpark.mat using Guid(fcc145699d3464fa187899b93a68bffd) Importer(815301076,1909f56bfc062723c751e8b465ee728b) (PreviewImporter)[PhysX] Initialized MultithreadedTaskDispatcher with 6 workers.
[PhysX] Initialized MultithreadedTaskDispatcher with 6 workers.
 -> (artifact id: '8f8dc0d0bb544d26fd90df25d21287b6') in 0.0256265 seconds
Number of updated asset objects reloaded before import = 0Number of asset objects unloaded after import = 2

========================================================================
Received Prepare
Begin MonoManager ReloadAssembly
- Loaded All Assemblies, in  0.404 seconds
Refreshing native plugins compatible for Editor in 0.61 ms, found 2 plugins.
Native extension for Android target not found
Native extension for WindowsStandalone target not found
Mono: successfully reloaded assembly
- Finished resetting the current domain, in  0.668 seconds
Domain Reload Profiling: 1071ms
	BeginReloadAssembly (151ms)
		ExecutionOrderSort (0ms)
		DisableScriptedObjects (6ms)
		BackupInstance (0ms)
		ReleaseScriptingObjects (0ms)
		CreateAndSetChildDomain (30ms)
	RebuildCommonClasses (31ms)
	RebuildNativeTypeToScriptingClass (12ms)
	initialDomainReloadingComplete (19ms)
	LoadAllAssembliesAndSetupDomain (189ms)
		LoadAssemblies (222ms)
		RebuildTransferFunctionScriptingTraits (0ms)
		AnalyzeDomain (53ms)
			TypeCache.Refresh (4ms)
				TypeCache.ScanAssembly (0ms)
			BuildScriptInfoCaches (45ms)
			ResolveRequiredComponents (2ms)
	FinalizeReload (669ms)
		ReleaseScriptCaches (0ms)
		RebuildScriptCaches (0ms)
		SetupLoadedEditorAssemblies (479ms)
			LogAssemblyErrors (0ms)
			InitializePlatformSupportModulesInManaged (17ms)
			SetLoadedEditorAssemblies (5ms)
			BeforeProcessingInitializeOnLoad (40ms)
			ProcessInitializeOnLoadAttributes (243ms)
			ProcessInitializeOnLoadMethodAttributes (170ms)
			AfterProcessingInitializeOnLoad (4ms)
			EditorAssembliesLoaded (0ms)
		ExecutionOrderSort2 (0ms)
		AwakeInstancesAfterBackupRestoration (7ms)
Refreshing native plugins compatible for Editor in 0.71 ms, found 2 plugins.
Preloading 0 native plugins for Editor in 0.00 ms.
Unloading 0 Unused Serialized files (Serialized files now loaded: 0)
Unloading 1687 unused Assets / (405.0 KB). Loaded Objects now: 2466.
Memory consumption went from 93.4 MB to 93.0 MB.
Total: 5.016300 ms (FindLiveObjects: 0.196500 ms CreateObjectMapping: 0.148900 ms MarkObjects: 4.291000 ms  DeleteObjects: 0.379300 ms)

Prepare: number of updated asset objects reloaded= 0
========================================================================
Received Prepare
Begin MonoManager ReloadAssembly
- Loaded All Assemblies, in  0.472 seconds
Refreshing native plugins compatible for Editor in 0.78 ms, found 2 plugins.
Native extension for Android target not found
Native extension for WindowsStandalone target not found
Mono: successfully reloaded assembly
- Finished resetting the current domain, in  0.721 seconds
Domain Reload Profiling: 1191ms
	BeginReloadAssembly (165ms)
		ExecutionOrderSort (0ms)
		DisableScriptedObjects (9ms)
		BackupInstance (0ms)
		ReleaseScriptingObjects (0ms)
		CreateAndSetChildDomain (33ms)
	RebuildCommonClasses (40ms)
	RebuildNativeTypeToScriptingClass (10ms)
	initialDomainReloadingComplete (25ms)
	LoadAllAssembliesAndSetupDomain (231ms)
		LoadAssemblies (256ms)
		RebuildTransferFunctionScriptingTraits (0ms)
		AnalyzeDomain (66ms)
			TypeCache.Refresh (4ms)
				TypeCache.ScanAssembly (0ms)
			BuildScriptInfoCaches (57ms)
			ResolveRequiredComponents (3ms)
	FinalizeReload (721ms)
		ReleaseScriptCaches (0ms)
		RebuildScriptCaches (0ms)
		SetupLoadedEditorAssemblies (535ms)
			LogAssemblyErrors (0ms)
			InitializePlatformSupportModulesInManaged (14ms)
			SetLoadedEditorAssemblies (3ms)
			BeforeProcessingInitializeOnLoad (56ms)
			ProcessInitializeOnLoadAttributes (264ms)
			ProcessInitializeOnLoadMethodAttributes (192ms)
			AfterProcessingInitializeOnLoad (6ms)
			EditorAssembliesLoaded (0ms)
		ExecutionOrderSort2 (0ms)
		AwakeInstancesAfterBackupRestoration (8ms)
Refreshing native plugins compatible for Editor in 0.93 ms, found 2 plugins.
Preloading 0 native plugins for Editor in 0.00 ms.
Unloading 0 Unused Serialized files (Serialized files now loaded: 0)
Unloading 1687 unused Assets / (385.9 KB). Loaded Objects now: 2466.
Memory consumption went from 93.4 MB to 93.0 MB.
Total: 5.895300 ms (FindLiveObjects: 0.187900 ms CreateObjectMapping: 0.137700 ms MarkObjects: 5.231200 ms  DeleteObjects: 0.338000 ms)

Prepare: number of updated asset objects reloaded= 0
========================================================================
Received Prepare
Begin MonoManager ReloadAssembly
- Loaded All Assemblies, in  0.397 seconds
Refreshing native plugins compatible for Editor in 0.62 ms, found 2 plugins.
Native extension for Android target not found
Native extension for WindowsStandalone target not found
Mono: successfully reloaded assembly
- Finished resetting the current domain, in  0.590 seconds
Domain Reload Profiling: 986ms
	BeginReloadAssembly (147ms)
		ExecutionOrderSort (0ms)
		DisableScriptedObjects (6ms)
		BackupInstance (0ms)
		ReleaseScriptingObjects (0ms)
		CreateAndSetChildDomain (30ms)
	RebuildCommonClasses (31ms)
	RebuildNativeTypeToScriptingClass (9ms)
	initialDomainReloadingComplete (18ms)
	LoadAllAssembliesAndSetupDomain (190ms)
		LoadAssemblies (206ms)
		RebuildTransferFunctionScriptingTraits (0ms)
		AnalyzeDomain (59ms)
			TypeCache.Refresh (4ms)
				TypeCache.ScanAssembly (0ms)
			BuildScriptInfoCaches (51ms)
			ResolveRequiredComponents (2ms)
	FinalizeReload (591ms)
		ReleaseScriptCaches (0ms)
		RebuildScriptCaches (0ms)
		SetupLoadedEditorAssemblies (432ms)
			LogAssemblyErrors (0ms)
			InitializePlatformSupportModulesInManaged (15ms)
			SetLoadedEditorAssemblies (3ms)
			BeforeProcessingInitializeOnLoad (34ms)
			ProcessInitializeOnLoadAttributes (217ms)
			ProcessInitializeOnLoadMethodAttributes (159ms)
			AfterProcessingInitializeOnLoad (3ms)
			EditorAssembliesLoaded (0ms)
		ExecutionOrderSort2 (0ms)
		AwakeInstancesAfterBackupRestoration (6ms)
Refreshing native plugins compatible for Editor in 0.63 ms, found 2 plugins.
Preloading 0 native plugins for Editor in 0.00 ms.
Unloading 0 Unused Serialized files (Serialized files now loaded: 0)
Unloading 1687 unused Assets / (318.0 KB). Loaded Objects now: 2466.
Memory consumption went from 93.4 MB to 93.1 MB.
Total: 3.891500 ms (FindLiveObjects: 0.166000 ms CreateObjectMapping: 0.063700 ms MarkObjects: 3.399800 ms  DeleteObjects: 0.261500 ms)

Prepare: number of updated asset objects reloaded= 0
========================================================================
Received Prepare
Begin MonoManager ReloadAssembly
- Loaded All Assemblies, in  0.384 seconds
Refreshing native plugins compatible for Editor in 0.73 ms, found 2 plugins.
Native extension for Android target not found
Native extension for WindowsStandalone target not found
Mono: successfully reloaded assembly
- Finished resetting the current domain, in  0.638 seconds
Domain Reload Profiling: 1021ms
	BeginReloadAssembly (144ms)
		ExecutionOrderSort (0ms)
		DisableScriptedObjects (6ms)
		BackupInstance (0ms)
		ReleaseScriptingObjects (0ms)
		CreateAndSetChildDomain (30ms)
	RebuildCommonClasses (27ms)
	RebuildNativeTypeToScriptingClass (9ms)
	initialDomainReloadingComplete (19ms)
	LoadAllAssembliesAndSetupDomain (183ms)
		LoadAssemblies (208ms)
		RebuildTransferFunctionScriptingTraits (0ms)
		AnalyzeDomain (51ms)
			TypeCache.Refresh (3ms)
				TypeCache.ScanAssembly (0ms)
			BuildScriptInfoCaches (44ms)
			ResolveRequiredComponents (2ms)
	FinalizeReload (638ms)
		ReleaseScriptCaches (0ms)
		RebuildScriptCaches (0ms)
		SetupLoadedEditorAssemblies (460ms)
			LogAssemblyErrors (0ms)
			InitializePlatformSupportModulesInManaged (17ms)
			SetLoadedEditorAssemblies (4ms)
			BeforeProcessingInitializeOnLoad (31ms)
			ProcessInitializeOnLoadAttributes (234ms)
			ProcessInitializeOnLoadMethodAttributes (171ms)
			AfterProcessingInitializeOnLoad (3ms)
			EditorAssembliesLoaded (0ms)
		ExecutionOrderSort2 (0ms)
		AwakeInstancesAfterBackupRestoration (6ms)
Refreshing native plugins compatible for Editor in 0.74 ms, found 2 plugins.
Preloading 0 native plugins for Editor in 0.00 ms.
Unloading 0 Unused Serialized files (Serialized files now loaded: 0)
Unloading 1687 unused Assets / (383.8 KB). Loaded Objects now: 2466.
Memory consumption went from 93.4 MB to 93.0 MB.
Total: 4.557000 ms (FindLiveObjects: 0.163600 ms CreateObjectMapping: 0.089200 ms MarkObjects: 3.996900 ms  DeleteObjects: 0.306800 ms)

Prepare: number of updated asset objects reloaded= 0
========================================================================
Received Prepare
Begin MonoManager ReloadAssembly
- Loaded All Assemblies, in  0.374 seconds
Refreshing native plugins compatible for Editor in 0.64 ms, found 2 plugins.
Native extension for Android target not found
Native extension for WindowsStandalone target not found
Mono: successfully reloaded assembly
- Finished resetting the current domain, in  0.624 seconds
Domain Reload Profiling: 998ms
	BeginReloadAssembly (139ms)
		ExecutionOrderSort (0ms)
		DisableScriptedObjects (6ms)
		BackupInstance (0ms)
		ReleaseScriptingObjects (0ms)
		CreateAndSetChildDomain (29ms)
	RebuildCommonClasses (27ms)
	RebuildNativeTypeToScriptingClass (9ms)
	initialDomainReloadingComplete (18ms)
	LoadAllAssembliesAndSetupDomain (179ms)
		LoadAssemblies (203ms)
		RebuildTransferFunctionScriptingTraits (0ms)
		AnalyzeDomain (52ms)
			TypeCache.Refresh (4ms)
				TypeCache.ScanAssembly (0ms)
			BuildScriptInfoCaches (45ms)
			ResolveRequiredComponents (2ms)
	FinalizeReload (625ms)
		ReleaseScriptCaches (0ms)
		RebuildScriptCaches (0ms)
		SetupLoadedEditorAssemblies (448ms)
			LogAssemblyErrors (0ms)
			InitializePlatformSupportModulesInManaged (14ms)
			SetLoadedEditorAssemblies (3ms)
			BeforeProcessingInitializeOnLoad (30ms)
			ProcessInitializeOnLoadAttributes (230ms)
			ProcessInitializeOnLoadMethodAttributes (165ms)
			AfterProcessingInitializeOnLoad (5ms)
			EditorAssembliesLoaded (0ms)
		ExecutionOrderSort2 (0ms)
		AwakeInstancesAfterBackupRestoration (7ms)
Refreshing native plugins compatible for Editor in 1.05 ms, found 2 plugins.
Preloading 0 native plugins for Editor in 0.00 ms.
Unloading 0 Unused Serialized files (Serialized files now loaded: 0)
Unloading 1687 unused Assets / (309.4 KB). Loaded Objects now: 2466.
Memory consumption went from 93.4 MB to 93.1 MB.
Total: 4.179700 ms (FindLiveObjects: 0.168100 ms CreateObjectMapping: 0.065100 ms MarkObjects: 3.652600 ms  DeleteObjects: 0.293200 ms)

Prepare: number of updated asset objects reloaded= 0
========================================================================
Received Import Request.
  Time since last request: 214.333153 seconds.
  path: Assets/Shaders/MatShader.shader
  artifactKey: Guid(8849ea142dad4e94dbec6d4c115fecce) Importer(815301076,1909f56bfc062723c751e8b465ee728b)
Start importing Assets/Shaders/MatShader.shader using Guid(8849ea142dad4e94dbec6d4c115fecce) Importer(815301076,1909f56bfc062723c751e8b465ee728b) (PreviewImporter)[PhysX] Initialized MultithreadedTaskDispatcher with 6 workers.
 -> (artifact id: '8033edc2906747b493fafebf4bcbefbc') in 0.0130795 seconds
Number of updated asset objects reloaded before import = 0Number of asset objects unloaded after import = 0

========================================================================
Received Prepare
Refreshing native plugins compatible for Editor in 0.89 ms, found 2 plugins.
Preloading 0 native plugins for Editor in 0.00 ms.
Unloading 0 Unused Serialized files (Serialized files now loaded: 0)
Unloading 1681 unused Assets / (364.5 KB). Loaded Objects now: 2466.
Memory consumption went from 93.6 MB to 93.2 MB.
Total: 4.609000 ms (FindLiveObjects: 0.167200 ms CreateObjectMapping: 0.063000 ms MarkObjects: 4.019500 ms  DeleteObjects: 0.358700 ms)

Prepare: number of updated asset objects reloaded= 0
========================================================================
Received Prepare
Begin MonoManager ReloadAssembly
- Loaded All Assemblies, in  0.478 seconds
Refreshing native plugins compatible for Editor in 0.85 ms, found 2 plugins.
Native extension for Android target not found
Native extension for WindowsStandalone target not found
Mono: successfully reloaded assembly
- Finished resetting the current domain, in  0.805 seconds
Domain Reload Profiling: 1280ms
	BeginReloadAssembly (171ms)
		ExecutionOrderSort (0ms)
		DisableScriptedObjects (10ms)
		BackupInstance (0ms)
		ReleaseScriptingObjects (0ms)
		CreateAndSetChildDomain (39ms)
	RebuildCommonClasses (33ms)
	RebuildNativeTypeToScriptingClass (15ms)
	initialDomainReloadingComplete (27ms)
	LoadAllAssembliesAndSetupDomain (230ms)
		LoadAssemblies (251ms)
		RebuildTransferFunctionScriptingTraits (0ms)
		AnalyzeDomain (65ms)
			TypeCache.Refresh (7ms)
				TypeCache.ScanAssembly (1ms)
			BuildScriptInfoCaches (53ms)
			ResolveRequiredComponents (3ms)
	FinalizeReload (805ms)
		ReleaseScriptCaches (0ms)
		RebuildScriptCaches (0ms)
		SetupLoadedEditorAssemblies (596ms)
			LogAssemblyErrors (0ms)
			InitializePlatformSupportModulesInManaged (20ms)
			SetLoadedEditorAssemblies (5ms)
			BeforeProcessingInitializeOnLoad (43ms)
			ProcessInitializeOnLoadAttributes (300ms)
			ProcessInitializeOnLoadMethodAttributes (223ms)
			AfterProcessingInitializeOnLoad (5ms)
			EditorAssembliesLoaded (0ms)
		ExecutionOrderSort2 (0ms)
		AwakeInstancesAfterBackupRestoration (9ms)
Refreshing native plugins compatible for Editor in 0.63 ms, found 2 plugins.
Preloading 0 native plugins for Editor in 0.00 ms.
Unloading 0 Unused Serialized files (Serialized files now loaded: 0)
Unloading 1687 unused Assets / (377.1 KB). Loaded Objects now: 2466.
Memory consumption went from 93.4 MB to 93.0 MB.
Total: 4.496400 ms (FindLiveObjects: 0.156800 ms CreateObjectMapping: 0.092700 ms MarkObjects: 3.889400 ms  DeleteObjects: 0.357000 ms)

Prepare: number of updated asset objects reloaded= 0
========================================================================
Received Prepare
Begin MonoManager ReloadAssembly
- Loaded All Assemblies, in  0.410 seconds
Refreshing native plugins compatible for Editor in 0.61 ms, found 2 plugins.
Native extension for Android target not found
Native extension for WindowsStandalone target not found
Mono: successfully reloaded assembly
- Finished resetting the current domain, in  0.654 seconds
Domain Reload Profiling: 1062ms
	BeginReloadAssembly (145ms)
		ExecutionOrderSort (0ms)
		DisableScriptedObjects (6ms)
		BackupInstance (0ms)
		ReleaseScriptingObjects (0ms)
		CreateAndSetChildDomain (29ms)
	RebuildCommonClasses (28ms)
	RebuildNativeTypeToScriptingClass (9ms)
	initialDomainReloadingComplete (24ms)
	LoadAllAssembliesAndSetupDomain (201ms)
		LoadAssemblies (218ms)
		RebuildTransferFunctionScriptingTraits (0ms)
		AnalyzeDomain (65ms)
			TypeCache.Refresh (3ms)
				TypeCache.ScanAssembly (0ms)
			BuildScriptInfoCaches (56ms)
			ResolveRequiredComponents (3ms)
	FinalizeReload (654ms)
		ReleaseScriptCaches (0ms)
		RebuildScriptCaches (0ms)
		SetupLoadedEditorAssemblies (483ms)
			LogAssemblyErrors (0ms)
			InitializePlatformSupportModulesInManaged (15ms)
			SetLoadedEditorAssemblies (3ms)
			BeforeProcessingInitializeOnLoad (41ms)
			ProcessInitializeOnLoadAttributes (248ms)
			ProcessInitializeOnLoadMethodAttributes (171ms)
			AfterProcessingInitializeOnLoad (5ms)
			EditorAssembliesLoaded (0ms)
		ExecutionOrderSort2 (0ms)
		AwakeInstancesAfterBackupRestoration (6ms)
Refreshing native plugins compatible for Editor in 0.71 ms, found 2 plugins.
Preloading 0 native plugins for Editor in 0.00 ms.
Unloading 0 Unused Serialized files (Serialized files now loaded: 0)
Unloading 1687 unused Assets / (352.1 KB). Loaded Objects now: 2466.
Memory consumption went from 93.4 MB to 93.1 MB.
Total: 4.561200 ms (FindLiveObjects: 0.161300 ms CreateObjectMapping: 0.096100 ms MarkObjects: 4.000500 ms  DeleteObjects: 0.302800 ms)

Prepare: number of updated asset objects reloaded= 0
========================================================================
Received Prepare
Begin MonoManager ReloadAssembly
- Loaded All Assemblies, in  0.384 seconds
Refreshing native plugins compatible for Editor in 0.66 ms, found 2 plugins.
Native extension for Android target not found
Native extension for WindowsStandalone target not found
Mono: successfully reloaded assembly
- Finished resetting the current domain, in  0.667 seconds
Domain Reload Profiling: 1049ms
	BeginReloadAssembly (144ms)
		ExecutionOrderSort (0ms)
		DisableScriptedObjects (8ms)
		BackupInstance (0ms)
		ReleaseScriptingObjects (0ms)
		CreateAndSetChildDomain (30ms)
	RebuildCommonClasses (27ms)
	RebuildNativeTypeToScriptingClass (9ms)
	initialDomainReloadingComplete (18ms)
	LoadAllAssembliesAndSetupDomain (184ms)
		LoadAssemblies (209ms)
		RebuildTransferFunctionScriptingTraits (0ms)
		AnalyzeDomain (52ms)
			TypeCache.Refresh (4ms)
				TypeCache.ScanAssembly (0ms)
			BuildScriptInfoCaches (45ms)
			ResolveRequiredComponents (2ms)
	FinalizeReload (667ms)
		ReleaseScriptCaches (0ms)
		RebuildScriptCaches (0ms)
		SetupLoadedEditorAssemblies (477ms)
			LogAssemblyErrors (0ms)
			InitializePlatformSupportModulesInManaged (15ms)
			SetLoadedEditorAssemblies (3ms)
			BeforeProcessingInitializeOnLoad (36ms)
			ProcessInitializeOnLoadAttributes (248ms)
			ProcessInitializeOnLoadMethodAttributes (171ms)
			AfterProcessingInitializeOnLoad (4ms)
			EditorAssembliesLoaded (0ms)
		ExecutionOrderSort2 (0ms)
		AwakeInstancesAfterBackupRestoration (6ms)
Refreshing native plugins compatible for Editor in 0.78 ms, found 2 plugins.
Preloading 0 native plugins for Editor in 0.00 ms.
Unloading 0 Unused Serialized files (Serialized files now loaded: 0)
Unloading 1687 unused Assets / (316.4 KB). Loaded Objects now: 2466.
Memory consumption went from 93.4 MB to 93.1 MB.
Total: 5.332900 ms (FindLiveObjects: 0.256900 ms CreateObjectMapping: 0.150100 ms MarkObjects: 4.569000 ms  DeleteObjects: 0.356000 ms)

Prepare: number of updated asset objects reloaded= 0
========================================================================
Received Prepare
Begin MonoManager ReloadAssembly
- Loaded All Assemblies, in  0.464 seconds
Refreshing native plugins compatible for Editor in 0.63 ms, found 2 plugins.
Native extension for Android target not found
Native extension for WindowsStandalone target not found
Mono: successfully reloaded assembly
- Finished resetting the current domain, in  0.777 seconds
Domain Reload Profiling: 1240ms
	BeginReloadAssembly (168ms)
		ExecutionOrderSort (0ms)
		DisableScriptedObjects (8ms)
		BackupInstance (0ms)
		ReleaseScriptingObjects (0ms)
		CreateAndSetChildDomain (45ms)
	RebuildCommonClasses (39ms)
	RebuildNativeTypeToScriptingClass (9ms)
	initialDomainReloadingComplete (24ms)
	LoadAllAssembliesAndSetupDomain (221ms)
		LoadAssemblies (244ms)
		RebuildTransferFunctionScriptingTraits (0ms)
		AnalyzeDomain (60ms)
			TypeCache.Refresh (6ms)
				TypeCache.ScanAssembly (0ms)
			BuildScriptInfoCaches (51ms)
			ResolveRequiredComponents (2ms)
	FinalizeReload (777ms)
		ReleaseScriptCaches (0ms)
		RebuildScriptCaches (0ms)
		SetupLoadedEditorAssemblies (557ms)
			LogAssemblyErrors (0ms)
			InitializePlatformSupportModulesInManaged (19ms)
			SetLoadedEditorAssemblies (5ms)
			BeforeProcessingInitializeOnLoad (45ms)
			ProcessInitializeOnLoadAttributes (293ms)
			ProcessInitializeOnLoadMethodAttributes (191ms)
			AfterProcessingInitializeOnLoad (5ms)
			EditorAssembliesLoaded (0ms)
		ExecutionOrderSort2 (0ms)
		AwakeInstancesAfterBackupRestoration (9ms)
Refreshing native plugins compatible for Editor in 0.76 ms, found 2 plugins.
Preloading 0 native plugins for Editor in 0.00 ms.
Unloading 0 Unused Serialized files (Serialized files now loaded: 0)
Unloading 1687 unused Assets / (353.9 KB). Loaded Objects now: 2466.
Memory consumption went from 93.4 MB to 93.1 MB.
Total: 4.444000 ms (FindLiveObjects: 0.263600 ms CreateObjectMapping: 0.081200 ms MarkObjects: 3.767400 ms  DeleteObjects: 0.331200 ms)

Prepare: number of updated asset objects reloaded= 0
========================================================================
Received Prepare
Begin MonoManager ReloadAssembly
- Loaded All Assemblies, in  0.390 seconds
Refreshing native plugins compatible for Editor in 0.60 ms, found 2 plugins.
Native extension for Android target not found
Native extension for WindowsStandalone target not found
Mono: successfully reloaded assembly
- Finished resetting the current domain, in  0.642 seconds
Domain Reload Profiling: 1031ms
	BeginReloadAssembly (145ms)
		ExecutionOrderSort (0ms)
		DisableScriptedObjects (6ms)
		BackupInstance (0ms)
		ReleaseScriptingObjects (0ms)
		CreateAndSetChildDomain (29ms)
	RebuildCommonClasses (28ms)
	RebuildNativeTypeToScriptingClass (9ms)
	initialDomainReloadingComplete (18ms)
	LoadAllAssembliesAndSetupDomain (189ms)
		LoadAssemblies (216ms)
		RebuildTransferFunctionScriptingTraits (0ms)
		AnalyzeDomain (53ms)
			TypeCache.Refresh (3ms)
				TypeCache.ScanAssembly (0ms)
			BuildScriptInfoCaches (46ms)
			ResolveRequiredComponents (2ms)
	FinalizeReload (642ms)
		ReleaseScriptCaches (0ms)
		RebuildScriptCaches (0ms)
		SetupLoadedEditorAssemblies (471ms)
			LogAssemblyErrors (0ms)
			InitializePlatformSupportModulesInManaged (15ms)
			SetLoadedEditorAssemblies (3ms)
			BeforeProcessingInitializeOnLoad (42ms)
			ProcessInitializeOnLoadAttributes (240ms)
			ProcessInitializeOnLoadMethodAttributes (167ms)
			AfterProcessingInitializeOnLoad (3ms)
			EditorAssembliesLoaded (0ms)
		ExecutionOrderSort2 (0ms)
		AwakeInstancesAfterBackupRestoration (6ms)
Refreshing native plugins compatible for Editor in 0.67 ms, found 2 plugins.
Preloading 0 native plugins for Editor in 0.00 ms.
Unloading 0 Unused Serialized files (Serialized files now loaded: 0)
Unloading 1687 unused Assets / (362.7 KB). Loaded Objects now: 2466.
Memory consumption went from 93.4 MB to 93.1 MB.
Total: 4.973900 ms (FindLiveObjects: 0.174200 ms CreateObjectMapping: 0.180200 ms MarkObjects: 4.299800 ms  DeleteObjects: 0.319100 ms)

Prepare: number of updated asset objects reloaded= 0
========================================================================
Received Prepare
Begin MonoManager ReloadAssembly
- Loaded All Assemblies, in  0.392 seconds
Refreshing native plugins compatible for Editor in 1.20 ms, found 2 plugins.
Native extension for Android target not found
Native extension for WindowsStandalone target not found
Mono: successfully reloaded assembly
- Finished resetting the current domain, in  0.642 seconds
Domain Reload Profiling: 1033ms
	BeginReloadAssembly (144ms)
		ExecutionOrderSort (0ms)
		DisableScriptedObjects (6ms)
		BackupInstance (0ms)
		ReleaseScriptingObjects (0ms)
		CreateAndSetChildDomain (30ms)
	RebuildCommonClasses (27ms)
	RebuildNativeTypeToScriptingClass (9ms)
	initialDomainReloadingComplete (19ms)
	LoadAllAssembliesAndSetupDomain (192ms)
		LoadAssemblies (216ms)
		RebuildTransferFunctionScriptingTraits (0ms)
		AnalyzeDomain (55ms)
			TypeCache.Refresh (3ms)
				TypeCache.ScanAssembly (0ms)
			BuildScriptInfoCaches (48ms)
			ResolveRequiredComponents (2ms)
	FinalizeReload (642ms)
		ReleaseScriptCaches (0ms)
		RebuildScriptCaches (0ms)
		SetupLoadedEditorAssemblies (464ms)
			LogAssemblyErrors (0ms)
			InitializePlatformSupportModulesInManaged (15ms)
			SetLoadedEditorAssemblies (3ms)
			BeforeProcessingInitializeOnLoad (36ms)
			ProcessInitializeOnLoadAttributes (237ms)
			ProcessInitializeOnLoadMethodAttributes (169ms)
			AfterProcessingInitializeOnLoad (4ms)
			EditorAssembliesLoaded (0ms)
		ExecutionOrderSort2 (0ms)
		AwakeInstancesAfterBackupRestoration (7ms)
Refreshing native plugins compatible for Editor in 0.66 ms, found 2 plugins.
Preloading 0 native plugins for Editor in 0.00 ms.
Unloading 0 Unused Serialized files (Serialized files now loaded: 0)
Unloading 1687 unused Assets / (259.0 KB). Loaded Objects now: 2466.
Memory consumption went from 93.4 MB to 93.2 MB.
Total: 4.458400 ms (FindLiveObjects: 0.165700 ms CreateObjectMapping: 0.093800 ms MarkObjects: 3.899100 ms  DeleteObjects: 0.299300 ms)

Prepare: number of updated asset objects reloaded= 1
========================================================================
Received Prepare
Begin MonoManager ReloadAssembly
- Loaded All Assemblies, in  0.480 seconds
Refreshing native plugins compatible for Editor in 0.89 ms, found 2 plugins.
Native extension for Android target not found
Native extension for WindowsStandalone target not found
Mono: successfully reloaded assembly
- Finished resetting the current domain, in  0.660 seconds
Domain Reload Profiling: 1139ms
	BeginReloadAssembly (167ms)
		ExecutionOrderSort (0ms)
		DisableScriptedObjects (6ms)
		BackupInstance (0ms)
		ReleaseScriptingObjects (0ms)
		CreateAndSetChildDomain (38ms)
	RebuildCommonClasses (41ms)
	RebuildNativeTypeToScriptingClass (10ms)
	initialDomainReloadingComplete (26ms)
	LoadAllAssembliesAndSetupDomain (234ms)
		LoadAssemblies (254ms)
		RebuildTransferFunctionScriptingTraits (0ms)
		AnalyzeDomain (71ms)
			TypeCache.Refresh (4ms)
				TypeCache.ScanAssembly (0ms)
			BuildScriptInfoCaches (62ms)
			ResolveRequiredComponents (3ms)
	FinalizeReload (661ms)
		ReleaseScriptCaches (0ms)
		RebuildScriptCaches (0ms)
		SetupLoadedEditorAssemblies (461ms)
			LogAssemblyErrors (0ms)
			InitializePlatformSupportModulesInManaged (15ms)
			SetLoadedEditorAssemblies (3ms)
			BeforeProcessingInitializeOnLoad (34ms)
			ProcessInitializeOnLoadAttributes (245ms)
			ProcessInitializeOnLoadMethodAttributes (160ms)
			AfterProcessingInitializeOnLoad (4ms)
			EditorAssembliesLoaded (0ms)
		ExecutionOrderSort2 (0ms)
		AwakeInstancesAfterBackupRestoration (7ms)
Refreshing native plugins compatible for Editor in 0.72 ms, found 2 plugins.
Preloading 0 native plugins for Editor in 0.00 ms.
Unloading 0 Unused Serialized files (Serialized files now loaded: 0)
Unloading 1687 unused Assets / (328.0 KB). Loaded Objects now: 2466.
Memory consumption went from 93.4 MB to 93.1 MB.
Total: 5.347400 ms (FindLiveObjects: 0.170500 ms CreateObjectMapping: 0.065800 ms MarkObjects: 4.799100 ms  DeleteObjects: 0.311300 ms)

Prepare: number of updated asset objects reloaded= 1
========================================================================
Received Prepare
Begin MonoManager ReloadAssembly
- Loaded All Assemblies, in  0.485 seconds
Refreshing native plugins compatible for Editor in 0.63 ms, found 2 plugins.
Native extension for Android target not found
Native extension for WindowsStandalone target not found
Mono: successfully reloaded assembly
- Finished resetting the current domain, in  0.683 seconds
Domain Reload Profiling: 1167ms
	BeginReloadAssembly (178ms)
		ExecutionOrderSort (0ms)
		DisableScriptedObjects (9ms)
		BackupInstance (0ms)
		ReleaseScriptingObjects (0ms)
		CreateAndSetChildDomain (32ms)
	RebuildCommonClasses (34ms)
	RebuildNativeTypeToScriptingClass (15ms)
	initialDomainReloadingComplete (19ms)
	LoadAllAssembliesAndSetupDomain (238ms)
		LoadAssemblies (263ms)
		RebuildTransferFunctionScriptingTraits (0ms)
		AnalyzeDomain (76ms)
			TypeCache.Refresh (4ms)
				TypeCache.ScanAssembly (0ms)
			BuildScriptInfoCaches (65ms)
			ResolveRequiredComponents (3ms)
	FinalizeReload (683ms)
		ReleaseScriptCaches (0ms)
		RebuildScriptCaches (0ms)
		SetupLoadedEditorAssemblies (486ms)
			LogAssemblyErrors (0ms)
			InitializePlatformSupportModulesInManaged (19ms)
			SetLoadedEditorAssemblies (3ms)
			BeforeProcessingInitializeOnLoad (35ms)
			ProcessInitializeOnLoadAttributes (259ms)
			ProcessInitializeOnLoadMethodAttributes (164ms)
			AfterProcessingInitializeOnLoad (5ms)
			EditorAssembliesLoaded (0ms)
		ExecutionOrderSort2 (0ms)
		AwakeInstancesAfterBackupRestoration (6ms)
Refreshing native plugins compatible for Editor in 0.67 ms, found 2 plugins.
Preloading 0 native plugins for Editor in 0.00 ms.
Unloading 0 Unused Serialized files (Serialized files now loaded: 0)
Unloading 1687 unused Assets / (408.2 KB). Loaded Objects now: 2466.
Memory consumption went from 93.4 MB to 93.0 MB.
Total: 4.737000 ms (FindLiveObjects: 0.170500 ms CreateObjectMapping: 0.110300 ms MarkObjects: 4.115100 ms  DeleteObjects: 0.340500 ms)

Prepare: number of updated asset objects reloaded= 1
========================================================================
Received Prepare
Begin MonoManager ReloadAssembly
- Loaded All Assemblies, in  0.470 seconds
Refreshing native plugins compatible for Editor in 1.15 ms, found 2 plugins.
Native extension for Android target not found
Native extension for WindowsStandalone target not found
Mono: successfully reloaded assembly
- Finished resetting the current domain, in  0.768 seconds
Domain Reload Profiling: 1237ms
	BeginReloadAssembly (176ms)
		ExecutionOrderSort (0ms)
		DisableScriptedObjects (8ms)
		BackupInstance (0ms)
		ReleaseScriptingObjects (0ms)
		CreateAndSetChildDomain (38ms)
	RebuildCommonClasses (34ms)
	RebuildNativeTypeToScriptingClass (13ms)
	initialDomainReloadingComplete (19ms)
	LoadAllAssembliesAndSetupDomain (226ms)
		LoadAssemblies (251ms)
		RebuildTransferFunctionScriptingTraits (0ms)
		AnalyzeDomain (70ms)
			TypeCache.Refresh (3ms)
				TypeCache.ScanAssembly (0ms)
			BuildScriptInfoCaches (61ms)
			ResolveRequiredComponents (3ms)
	FinalizeReload (768ms)
		ReleaseScriptCaches (0ms)
		RebuildScriptCaches (0ms)
		SetupLoadedEditorAssemblies (569ms)
			LogAssemblyErrors (0ms)
			InitializePlatformSupportModulesInManaged (19ms)
			SetLoadedEditorAssemblies (3ms)
			BeforeProcessingInitializeOnLoad (44ms)
			ProcessInitializeOnLoadAttributes (301ms)
			ProcessInitializeOnLoadMethodAttributes (196ms)
			AfterProcessingInitializeOnLoad (7ms)
			EditorAssembliesLoaded (0ms)
		ExecutionOrderSort2 (0ms)
		AwakeInstancesAfterBackupRestoration (7ms)
Refreshing native plugins compatible for Editor in 0.71 ms, found 2 plugins.
Preloading 0 native plugins for Editor in 0.00 ms.
Unloading 0 Unused Serialized files (Serialized files now loaded: 0)
Unloading 1687 unused Assets / (385.7 KB). Loaded Objects now: 2466.
Memory consumption went from 93.4 MB to 93.0 MB.
Total: 4.557100 ms (FindLiveObjects: 0.169800 ms CreateObjectMapping: 0.099900 ms MarkObjects: 3.900800 ms  DeleteObjects: 0.385700 ms)

Prepare: number of updated asset objects reloaded= 1
========================================================================
Received Prepare
Refreshing native plugins compatible for Editor in 0.67 ms, found 2 plugins.
Preloading 0 native plugins for Editor in 0.00 ms.
Unloading 0 Unused Serialized files (Serialized files now loaded: 0)
Unloading 1681 unused Assets / (0.6 MB). Loaded Objects now: 2466.
Memory consumption went from 93.8 MB to 93.2 MB.
Total: 17.415400 ms (FindLiveObjects: 0.165700 ms CreateObjectMapping: 0.063300 ms MarkObjects: 16.086700 ms  DeleteObjects: 1.098600 ms)

Prepare: number of updated asset objects reloaded= 0
========================================================================
Received Prepare
Begin MonoManager ReloadAssembly
- Loaded All Assemblies, in  0.404 seconds
Refreshing native plugins compatible for Editor in 0.68 ms, found 2 plugins.
Native extension for Android target not found
Native extension for WindowsStandalone target not found
Mono: successfully reloaded assembly
- Finished resetting the current domain, in  0.602 seconds
Domain Reload Profiling: 1005ms
	BeginReloadAssembly (156ms)
		ExecutionOrderSort (0ms)
		DisableScriptedObjects (7ms)
		BackupInstance (0ms)
		ReleaseScriptingObjects (0ms)
		CreateAndSetChildDomain (30ms)
	RebuildCommonClasses (29ms)
	RebuildNativeTypeToScriptingClass (9ms)
	initialDomainReloadingComplete (19ms)
	LoadAllAssembliesAndSetupDomain (189ms)
		LoadAssemblies (222ms)
		RebuildTransferFunctionScriptingTraits (0ms)
		AnalyzeDomain (53ms)
			TypeCache.Refresh (4ms)
				TypeCache.ScanAssembly (0ms)
			BuildScriptInfoCaches (45ms)
			ResolveRequiredComponents (2ms)
	FinalizeReload (603ms)
		ReleaseScriptCaches (0ms)
		RebuildScriptCaches (0ms)
		SetupLoadedEditorAssemblies (437ms)
			LogAssemblyErrors (0ms)
			InitializePlatformSupportModulesInManaged (15ms)
			SetLoadedEditorAssemblies (3ms)
			BeforeProcessingInitializeOnLoad (39ms)
			ProcessInitializeOnLoadAttributes (218ms)
			ProcessInitializeOnLoadMethodAttributes (158ms)
			AfterProcessingInitializeOnLoad (3ms)
			EditorAssembliesLoaded (0ms)
		ExecutionOrderSort2 (0ms)
		AwakeInstancesAfterBackupRestoration (6ms)
Refreshing native plugins compatible for Editor in 0.61 ms, found 2 plugins.
Preloading 0 native plugins for Editor in 0.00 ms.
Unloading 0 Unused Serialized files (Serialized files now loaded: 0)
Unloading 1687 unused Assets / (406.9 KB). Loaded Objects now: 2466.
Memory consumption went from 93.4 MB to 93.0 MB.
Total: 4.347600 ms (FindLiveObjects: 0.179300 ms CreateObjectMapping: 0.121800 ms MarkObjects: 3.711800 ms  DeleteObjects: 0.334200 ms)

Prepare: number of updated asset objects reloaded= 0
========================================================================
Received Prepare
Begin MonoManager ReloadAssembly
- Loaded All Assemblies, in  0.387 seconds
Refreshing native plugins compatible for Editor in 0.58 ms, found 2 plugins.
Native extension for Android target not found
Native extension for WindowsStandalone target not found
Mono: successfully reloaded assembly
- Finished resetting the current domain, in  0.664 seconds
Domain Reload Profiling: 1049ms
	BeginReloadAssembly (143ms)
		ExecutionOrderSort (0ms)
		DisableScriptedObjects (6ms)
		BackupInstance (0ms)
		ReleaseScriptingObjects (0ms)
		CreateAndSetChildDomain (28ms)
	RebuildCommonClasses (31ms)
	RebuildNativeTypeToScriptingClass (13ms)
	initialDomainReloadingComplete (19ms)
	LoadAllAssembliesAndSetupDomain (180ms)
		LoadAssemblies (207ms)
		RebuildTransferFunctionScriptingTraits (0ms)
		AnalyzeDomain (53ms)
			TypeCache.Refresh (3ms)
				TypeCache.ScanAssembly (0ms)
			BuildScriptInfoCaches (46ms)
			ResolveRequiredComponents (2ms)
	FinalizeReload (664ms)
		ReleaseScriptCaches (0ms)
		RebuildScriptCaches (0ms)
		SetupLoadedEditorAssemblies (479ms)
			LogAssemblyErrors (0ms)
			InitializePlatformSupportModulesInManaged (17ms)
			SetLoadedEditorAssemblies (4ms)
			BeforeProcessingInitializeOnLoad (35ms)
			ProcessInitializeOnLoadAttributes (244ms)
			ProcessInitializeOnLoadMethodAttributes (174ms)
			AfterProcessingInitializeOnLoad (6ms)
			EditorAssembliesLoaded (0ms)
		ExecutionOrderSort2 (0ms)
		AwakeInstancesAfterBackupRestoration (6ms)
Refreshing native plugins compatible for Editor in 0.68 ms, found 2 plugins.
Preloading 0 native plugins for Editor in 0.00 ms.
Unloading 0 Unused Serialized files (Serialized files now loaded: 0)
Unloading 1687 unused Assets / (388.7 KB). Loaded Objects now: 2466.
Memory consumption went from 93.4 MB to 93.0 MB.
Total: 4.124600 ms (FindLiveObjects: 0.164000 ms CreateObjectMapping: 0.063200 ms MarkObjects: 3.563500 ms  DeleteObjects: 0.333300 ms)

Prepare: number of updated asset objects reloaded= 0
========================================================================
Received Prepare
Begin MonoManager ReloadAssembly
- Loaded All Assemblies, in  0.516 seconds
Refreshing native plugins compatible for Editor in 0.90 ms, found 2 plugins.
Native extension for Android target not found
Native extension for WindowsStandalone target not found
Mono: successfully reloaded assembly
- Finished resetting the current domain, in  0.796 seconds
Domain Reload Profiling: 1311ms
	BeginReloadAssembly (184ms)
		ExecutionOrderSort (0ms)
		DisableScriptedObjects (8ms)
		BackupInstance (0ms)
		ReleaseScriptingObjects (0ms)
		CreateAndSetChildDomain (38ms)
	RebuildCommonClasses (41ms)
	RebuildNativeTypeToScriptingClass (10ms)
	initialDomainReloadingComplete (21ms)
	LoadAllAssembliesAndSetupDomain (258ms)
		LoadAssemblies (283ms)
		RebuildTransferFunctionScriptingTraits (0ms)
		AnalyzeDomain (76ms)
			TypeCache.Refresh (6ms)
				TypeCache.ScanAssembly (0ms)
			BuildScriptInfoCaches (66ms)
			ResolveRequiredComponents (2ms)
	FinalizeReload (797ms)
		ReleaseScriptCaches (0ms)
		RebuildScriptCaches (0ms)
		SetupLoadedEditorAssemblies (580ms)
			LogAssemblyErrors (0ms)
			InitializePlatformSupportModulesInManaged (17ms)
			SetLoadedEditorAssemblies (5ms)
			BeforeProcessingInitializeOnLoad (50ms)
			ProcessInitializeOnLoadAttributes (303ms)
			ProcessInitializeOnLoadMethodAttributes (199ms)
			AfterProcessingInitializeOnLoad (5ms)
			EditorAssembliesLoaded (0ms)
		ExecutionOrderSort2 (0ms)
		AwakeInstancesAfterBackupRestoration (6ms)
Refreshing native plugins compatible for Editor in 0.69 ms, found 2 plugins.
Preloading 0 native plugins for Editor in 0.00 ms.
Unloading 0 Unused Serialized files (Serialized files now loaded: 0)
Unloading 1687 unused Assets / (407.1 KB). Loaded Objects now: 2466.
Memory consumption went from 93.4 MB to 93.0 MB.
Total: 4.588900 ms (FindLiveObjects: 0.166500 ms CreateObjectMapping: 0.101900 ms MarkObjects: 3.906800 ms  DeleteObjects: 0.413100 ms)

Prepare: number of updated asset objects reloaded= 0
========================================================================
Received Prepare
Begin MonoManager ReloadAssembly
- Loaded All Assemblies, in  0.397 seconds
Refreshing native plugins compatible for Editor in 0.65 ms, found 2 plugins.
Native extension for Android target not found
Native extension for WindowsStandalone target not found
Mono: successfully reloaded assembly
- Finished resetting the current domain, in  0.645 seconds
Domain Reload Profiling: 1042ms
	BeginReloadAssembly (149ms)
		ExecutionOrderSort (0ms)
		DisableScriptedObjects (6ms)
		BackupInstance (0ms)
		ReleaseScriptingObjects (0ms)
		CreateAndSetChildDomain (31ms)
	RebuildCommonClasses (30ms)
	RebuildNativeTypeToScriptingClass (9ms)
	initialDomainReloadingComplete (19ms)
	LoadAllAssembliesAndSetupDomain (189ms)
		LoadAssemblies (214ms)
		RebuildTransferFunctionScriptingTraits (0ms)
		AnalyzeDomain (57ms)
			TypeCache.Refresh (4ms)
				TypeCache.ScanAssembly (0ms)
			BuildScriptInfoCaches (50ms)
			ResolveRequiredComponents (2ms)
	FinalizeReload (646ms)
		ReleaseScriptCaches (0ms)
		RebuildScriptCaches (0ms)
		SetupLoadedEditorAssemblies (471ms)
			LogAssemblyErrors (0ms)
			InitializePlatformSupportModulesInManaged (14ms)
			SetLoadedEditorAssemblies (3ms)
			BeforeProcessingInitializeOnLoad (31ms)
			ProcessInitializeOnLoadAttributes (244ms)
			ProcessInitializeOnLoadMethodAttributes (174ms)
			AfterProcessingInitializeOnLoad (6ms)
			EditorAssembliesLoaded (0ms)
		ExecutionOrderSort2 (0ms)
		AwakeInstancesAfterBackupRestoration (8ms)
Refreshing native plugins compatible for Editor in 0.68 ms, found 2 plugins.
Preloading 0 native plugins for Editor in 0.00 ms.
Unloading 0 Unused Serialized files (Serialized files now loaded: 0)
Unloading 1687 unused Assets / (341.5 KB). Loaded Objects now: 2466.
Memory consumption went from 93.4 MB to 93.1 MB.
Total: 4.090300 ms (FindLiveObjects: 0.163800 ms CreateObjectMapping: 0.064100 ms MarkObjects: 3.570700 ms  DeleteObjects: 0.291100 ms)

Prepare: number of updated asset objects reloaded= 0
========================================================================
Received Prepare
Begin MonoManager ReloadAssembly
- Loaded All Assemblies, in  0.390 seconds
Refreshing native plugins compatible for Editor in 0.59 ms, found 2 plugins.
Native extension for Android target not found
Native extension for WindowsStandalone target not found
Mono: successfully reloaded assembly
- Finished resetting the current domain, in  0.642 seconds
Domain Reload Profiling: 1031ms
	BeginReloadAssembly (146ms)
		ExecutionOrderSort (0ms)
		DisableScriptedObjects (7ms)
		BackupInstance (0ms)
		ReleaseScriptingObjects (0ms)
		CreateAndSetChildDomain (30ms)
	RebuildCommonClasses (29ms)
	RebuildNativeTypeToScriptingClass (9ms)
	initialDomainReloadingComplete (18ms)
	LoadAllAssembliesAndSetupDomain (185ms)
		LoadAssemblies (213ms)
		RebuildTransferFunctionScriptingTraits (0ms)
		AnalyzeDomain (53ms)
			TypeCache.Refresh (3ms)
				TypeCache.ScanAssembly (0ms)
			BuildScriptInfoCaches (46ms)
			ResolveRequiredComponents (2ms)
	FinalizeReload (642ms)
		ReleaseScriptCaches (0ms)
		RebuildScriptCaches (0ms)
		SetupLoadedEditorAssemblies (462ms)
			LogAssemblyErrors (0ms)
			InitializePlatformSupportModulesInManaged (14ms)
			SetLoadedEditorAssemblies (3ms)
			BeforeProcessingInitializeOnLoad (31ms)
			ProcessInitializeOnLoadAttributes (240ms)
			ProcessInitializeOnLoadMethodAttributes (169ms)
			AfterProcessingInitializeOnLoad (6ms)
			EditorAssembliesLoaded (0ms)
		ExecutionOrderSort2 (0ms)
		AwakeInstancesAfterBackupRestoration (9ms)
Refreshing native plugins compatible for Editor in 0.63 ms, found 2 plugins.
Preloading 0 native plugins for Editor in 0.00 ms.
Unloading 0 Unused Serialized files (Serialized files now loaded: 0)
Unloading 1687 unused Assets / (373.2 KB). Loaded Objects now: 2466.
Memory consumption went from 93.4 MB to 93.1 MB.
Total: 4.706400 ms (FindLiveObjects: 0.160600 ms CreateObjectMapping: 0.090000 ms MarkObjects: 4.117000 ms  DeleteObjects: 0.338100 ms)

Prepare: number of updated asset objects reloaded= 0
========================================================================
Received Prepare
Refreshing native plugins compatible for Editor in 0.65 ms, found 2 plugins.
Preloading 0 native plugins for Editor in 0.00 ms.
Unloading 0 Unused Serialized files (Serialized files now loaded: 0)
Unloading 1681 unused Assets / (375.0 KB). Loaded Objects now: 2466.
Memory consumption went from 93.6 MB to 93.2 MB.
Total: 4.761200 ms (FindLiveObjects: 0.170200 ms CreateObjectMapping: 0.097600 ms MarkObjects: 4.114100 ms  DeleteObjects: 0.378800 ms)

Prepare: number of updated asset objects reloaded= 0
========================================================================
Received Prepare
Begin MonoManager ReloadAssembly
- Loaded All Assemblies, in  0.498 seconds
Refreshing native plugins compatible for Editor in 0.98 ms, found 2 plugins.
Native extension for Android target not found
Native extension for WindowsStandalone target not found
Mono: successfully reloaded assembly
- Finished resetting the current domain, in  0.789 seconds
Domain Reload Profiling: 1284ms
	BeginReloadAssembly (178ms)
		ExecutionOrderSort (0ms)
		DisableScriptedObjects (9ms)
		BackupInstance (0ms)
		ReleaseScriptingObjects (0ms)
		CreateAndSetChildDomain (36ms)
	RebuildCommonClasses (42ms)
	RebuildNativeTypeToScriptingClass (14ms)
	initialDomainReloadingComplete (29ms)
	LoadAllAssembliesAndSetupDomain (231ms)
		LoadAssemblies (269ms)
		RebuildTransferFunctionScriptingTraits (0ms)
		AnalyzeDomain (58ms)
			TypeCache.Refresh (5ms)
				TypeCache.ScanAssembly (0ms)
			BuildScriptInfoCaches (50ms)
			ResolveRequiredComponents (2ms)
	FinalizeReload (790ms)
		ReleaseScriptCaches (0ms)
		RebuildScriptCaches (0ms)
		SetupLoadedEditorAssemblies (573ms)
			LogAssemblyErrors (0ms)
			InitializePlatformSupportModulesInManaged (21ms)
			SetLoadedEditorAssemblies (5ms)
			BeforeProcessingInitializeOnLoad (51ms)
			ProcessInitializeOnLoadAttributes (301ms)
			ProcessInitializeOnLoadMethodAttributes (188ms)
			AfterProcessingInitializeOnLoad (6ms)
			EditorAssembliesLoaded (0ms)
		ExecutionOrderSort2 (0ms)
		AwakeInstancesAfterBackupRestoration (7ms)
Refreshing native plugins compatible for Editor in 0.80 ms, found 2 plugins.
Preloading 0 native plugins for Editor in 0.00 ms.
Unloading 0 Unused Serialized files (Serialized files now loaded: 0)
Unloading 1687 unused Assets / (367.8 KB). Loaded Objects now: 2466.
Memory consumption went from 93.4 MB to 93.1 MB.
Total: 5.329300 ms (FindLiveObjects: 0.195600 ms CreateObjectMapping: 0.141300 ms MarkObjects: 4.537300 ms  DeleteObjects: 0.454400 ms)

Prepare: number of updated asset objects reloaded= 0
========================================================================
Received Prepare
Begin MonoManager ReloadAssembly
- Loaded All Assemblies, in  0.393 seconds
Refreshing native plugins compatible for Editor in 0.84 ms, found 2 plugins.
Native extension for Android target not found
Native extension for WindowsStandalone target not found
Mono: successfully reloaded assembly
- Finished resetting the current domain, in  0.633 seconds
Domain Reload Profiling: 1025ms
	BeginReloadAssembly (153ms)
		ExecutionOrderSort (0ms)
		DisableScriptedObjects (8ms)
		BackupInstance (0ms)
		ReleaseScriptingObjects (0ms)
		CreateAndSetChildDomain (35ms)
	RebuildCommonClasses (31ms)
	RebuildNativeTypeToScriptingClass (10ms)
	initialDomainReloadingComplete (19ms)
	LoadAllAssembliesAndSetupDomain (179ms)
		LoadAssemblies (208ms)
		RebuildTransferFunctionScriptingTraits (0ms)
		AnalyzeDomain (52ms)
			TypeCache.Refresh (3ms)
				TypeCache.ScanAssembly (0ms)
			BuildScriptInfoCaches (45ms)
			ResolveRequiredComponents (2ms)
	FinalizeReload (634ms)
		ReleaseScriptCaches (0ms)
		RebuildScriptCaches (0ms)
		SetupLoadedEditorAssemblies (461ms)
			LogAssemblyErrors (0ms)
			InitializePlatformSupportModulesInManaged (15ms)
			SetLoadedEditorAssemblies (3ms)
			BeforeProcessingInitializeOnLoad (33ms)
			ProcessInitializeOnLoadAttributes (237ms)
			ProcessInitializeOnLoadMethodAttributes (166ms)
			AfterProcessingInitializeOnLoad (6ms)
			EditorAssembliesLoaded (0ms)
		ExecutionOrderSort2 (0ms)
		AwakeInstancesAfterBackupRestoration (6ms)
Refreshing native plugins compatible for Editor in 0.89 ms, found 2 plugins.
Preloading 0 native plugins for Editor in 0.00 ms.
Unloading 0 Unused Serialized files (Serialized files now loaded: 0)
Unloading 1687 unused Assets / (427.7 KB). Loaded Objects now: 2466.
Memory consumption went from 93.4 MB to 93.0 MB.
Total: 5.715400 ms (FindLiveObjects: 0.183100 ms CreateObjectMapping: 0.123000 ms MarkObjects: 5.010200 ms  DeleteObjects: 0.398500 ms)

Prepare: number of updated asset objects reloaded= 0
========================================================================
Received Prepare
Begin MonoManager ReloadAssembly
- Loaded All Assemblies, in  0.464 seconds
Refreshing native plugins compatible for Editor in 0.63 ms, found 2 plugins.
Native extension for Android target not found
Native extension for WindowsStandalone target not found
Mono: successfully reloaded assembly
- Finished resetting the current domain, in  0.751 seconds
Domain Reload Profiling: 1213ms
	BeginReloadAssembly (169ms)
		ExecutionOrderSort (0ms)
		DisableScriptedObjects (12ms)
		BackupInstance (0ms)
		ReleaseScriptingObjects (0ms)
		CreateAndSetChildDomain (37ms)
	RebuildCommonClasses (30ms)
	RebuildNativeTypeToScriptingClass (9ms)
	initialDomainReloadingComplete (19ms)
	LoadAllAssembliesAndSetupDomain (235ms)
		LoadAssemblies (256ms)
		RebuildTransferFunctionScriptingTraits (0ms)
		AnalyzeDomain (67ms)
			TypeCache.Refresh (6ms)
				TypeCache.ScanAssembly (0ms)
			BuildScriptInfoCaches (57ms)
			ResolveRequiredComponents (2ms)
	FinalizeReload (751ms)
		ReleaseScriptCaches (0ms)
		RebuildScriptCaches (0ms)
		SetupLoadedEditorAssemblies (548ms)
			LogAssemblyErrors (0ms)
			InitializePlatformSupportModulesInManaged (17ms)
			SetLoadedEditorAssemblies (5ms)
			BeforeProcessingInitializeOnLoad (40ms)
			ProcessInitializeOnLoadAttributes (301ms)
			ProcessInitializeOnLoadMethodAttributes (181ms)
			AfterProcessingInitializeOnLoad (3ms)
			EditorAssembliesLoaded (0ms)
		ExecutionOrderSort2 (0ms)
		AwakeInstancesAfterBackupRestoration (7ms)
Refreshing native plugins compatible for Editor in 0.78 ms, found 2 plugins.
Preloading 0 native plugins for Editor in 0.00 ms.
Unloading 0 Unused Serialized files (Serialized files now loaded: 0)
Unloading 1687 unused Assets / (286.1 KB). Loaded Objects now: 2466.
Memory consumption went from 93.4 MB to 93.1 MB.
Total: 4.960800 ms (FindLiveObjects: 0.162900 ms CreateObjectMapping: 0.161000 ms MarkObjects: 4.290400 ms  DeleteObjects: 0.345800 ms)

Prepare: number of updated asset objects reloaded= 0
========================================================================
Received Prepare
Begin MonoManager ReloadAssembly
- Loaded All Assemblies, in  0.399 seconds
Refreshing native plugins compatible for Editor in 0.83 ms, found 2 plugins.
Native extension for Android target not found
Native extension for WindowsStandalone target not found
Mono: successfully reloaded assembly
- Finished resetting the current domain, in  0.637 seconds
Domain Reload Profiling: 1035ms
	BeginReloadAssembly (136ms)
		ExecutionOrderSort (0ms)
		DisableScriptedObjects (6ms)
		BackupInstance (0ms)
		ReleaseScriptingObjects (0ms)
		CreateAndSetChildDomain (27ms)
	RebuildCommonClasses (29ms)
	RebuildNativeTypeToScriptingClass (10ms)
	initialDomainReloadingComplete (22ms)
	LoadAllAssembliesAndSetupDomain (200ms)
		LoadAssemblies (217ms)
		RebuildTransferFunctionScriptingTraits (0ms)
		AnalyzeDomain (57ms)
			TypeCache.Refresh (4ms)
				TypeCache.ScanAssembly (0ms)
			BuildScriptInfoCaches (48ms)
			ResolveRequiredComponents (3ms)
	FinalizeReload (637ms)
		ReleaseScriptCaches (0ms)
		RebuildScriptCaches (0ms)
		SetupLoadedEditorAssemblies (463ms)
			LogAssemblyErrors (0ms)
			InitializePlatformSupportModulesInManaged (16ms)
			SetLoadedEditorAssemblies (3ms)
			BeforeProcessingInitializeOnLoad (34ms)
			ProcessInitializeOnLoadAttributes (243ms)
			ProcessInitializeOnLoadMethodAttributes (160ms)
			AfterProcessingInitializeOnLoad (6ms)
			EditorAssembliesLoaded (0ms)
		ExecutionOrderSort2 (0ms)
		AwakeInstancesAfterBackupRestoration (7ms)
Refreshing native plugins compatible for Editor in 0.73 ms, found 2 plugins.
Preloading 0 native plugins for Editor in 0.00 ms.
Unloading 0 Unused Serialized files (Serialized files now loaded: 0)
Unloading 1687 unused Assets / (0.5 MB). Loaded Objects now: 2466.
Memory consumption went from 93.4 MB to 92.9 MB.
Total: 5.019400 ms (FindLiveObjects: 0.180100 ms CreateObjectMapping: 0.066200 ms MarkObjects: 4.308300 ms  DeleteObjects: 0.464100 ms)

Prepare: number of updated asset objects reloaded= 0
========================================================================
Received Prepare
Refreshing native plugins compatible for Editor in 0.66 ms, found 2 plugins.
Preloading 0 native plugins for Editor in 0.00 ms.
Unloading 0 Unused Serialized files (Serialized files now loaded: 0)
Unloading 1681 unused Assets / (372.2 KB). Loaded Objects now: 2466.
Memory consumption went from 93.6 MB to 93.3 MB.
Total: 4.686600 ms (FindLiveObjects: 0.167500 ms CreateObjectMapping: 0.103500 ms MarkObjects: 4.045400 ms  DeleteObjects: 0.369400 ms)

Prepare: number of updated asset objects reloaded= 0
========================================================================
Received Prepare
Begin MonoManager ReloadAssembly
- Loaded All Assemblies, in  0.482 seconds
Refreshing native plugins compatible for Editor in 1.06 ms, found 2 plugins.
Native extension for Android target not found
Native extension for WindowsStandalone target not found
Mono: successfully reloaded assembly
- Finished resetting the current domain, in  0.755 seconds
Domain Reload Profiling: 1233ms
	BeginReloadAssembly (177ms)
		ExecutionOrderSort (0ms)
		DisableScriptedObjects (6ms)
		BackupInstance (0ms)
		ReleaseScriptingObjects (0ms)
		CreateAndSetChildDomain (35ms)
	RebuildCommonClasses (40ms)
	RebuildNativeTypeToScriptingClass (13ms)
	initialDomainReloadingComplete (25ms)
	LoadAllAssembliesAndSetupDomain (223ms)
		LoadAssemblies (256ms)
		RebuildTransferFunctionScriptingTraits (0ms)
		AnalyzeDomain (68ms)
			TypeCache.Refresh (6ms)
				TypeCache.ScanAssembly (0ms)
			BuildScriptInfoCaches (57ms)
			ResolveRequiredComponents (3ms)
	FinalizeReload (755ms)
		ReleaseScriptCaches (0ms)
		RebuildScriptCaches (0ms)
		SetupLoadedEditorAssemblies (551ms)
			LogAssemblyErrors (0ms)
			InitializePlatformSupportModulesInManaged (14ms)
			SetLoadedEditorAssemblies (3ms)
			BeforeProcessingInitializeOnLoad (45ms)
			ProcessInitializeOnLoadAttributes (271ms)
			ProcessInitializeOnLoadMethodAttributes (215ms)
			AfterProcessingInitializeOnLoad (3ms)
			EditorAssembliesLoaded (0ms)
		ExecutionOrderSort2 (0ms)
		AwakeInstancesAfterBackupRestoration (9ms)
Refreshing native plugins compatible for Editor in 0.81 ms, found 2 plugins.
Preloading 0 native plugins for Editor in 0.00 ms.
Unloading 0 Unused Serialized files (Serialized files now loaded: 0)
Unloading 1687 unused Assets / (372.5 KB). Loaded Objects now: 2466.
Memory consumption went from 93.4 MB to 93.1 MB.
Total: 4.846600 ms (FindLiveObjects: 0.184700 ms CreateObjectMapping: 0.074500 ms MarkObjects: 4.226700 ms  DeleteObjects: 0.360100 ms)

Prepare: number of updated asset objects reloaded= 0
========================================================================
Received Prepare
Begin MonoManager ReloadAssembly
- Loaded All Assemblies, in  0.388 seconds
Refreshing native plugins compatible for Editor in 0.75 ms, found 2 plugins.
Native extension for Android target not found
Native extension for WindowsStandalone target not found
Mono: successfully reloaded assembly
- Finished resetting the current domain, in  0.646 seconds
Domain Reload Profiling: 1033ms
	BeginReloadAssembly (138ms)
		ExecutionOrderSort (0ms)
		DisableScriptedObjects (6ms)
		BackupInstance (0ms)
		ReleaseScriptingObjects (0ms)
		CreateAndSetChildDomain (30ms)
	RebuildCommonClasses (27ms)
	RebuildNativeTypeToScriptingClass (9ms)
	initialDomainReloadingComplete (19ms)
	LoadAllAssembliesAndSetupDomain (192ms)
		LoadAssemblies (207ms)
		RebuildTransferFunctionScriptingTraits (0ms)
		AnalyzeDomain (59ms)
			TypeCache.Refresh (3ms)
				TypeCache.ScanAssembly (0ms)
			BuildScriptInfoCaches (52ms)
			ResolveRequiredComponents (2ms)
	FinalizeReload (647ms)
		ReleaseScriptCaches (0ms)
		RebuildScriptCaches (0ms)
		SetupLoadedEditorAssemblies (468ms)
			LogAssemblyErrors (0ms)
			InitializePlatformSupportModulesInManaged (15ms)
			SetLoadedEditorAssemblies (4ms)
			BeforeProcessingInitializeOnLoad (35ms)
			ProcessInitializeOnLoadAttributes (239ms)
			ProcessInitializeOnLoadMethodAttributes (170ms)
			AfterProcessingInitializeOnLoad (4ms)
			EditorAssembliesLoaded (0ms)
		ExecutionOrderSort2 (0ms)
		AwakeInstancesAfterBackupRestoration (7ms)
Refreshing native plugins compatible for Editor in 0.91 ms, found 2 plugins.
Preloading 0 native plugins for Editor in 0.00 ms.
Unloading 0 Unused Serialized files (Serialized files now loaded: 0)
Unloading 1687 unused Assets / (318.8 KB). Loaded Objects now: 2466.
Memory consumption went from 93.4 MB to 93.1 MB.
Total: 5.392800 ms (FindLiveObjects: 0.170400 ms CreateObjectMapping: 0.106500 ms MarkObjects: 4.798200 ms  DeleteObjects: 0.316900 ms)

Prepare: number of updated asset objects reloaded= 0
========================================================================
Received Prepare
Refreshing native plugins compatible for Editor in 0.84 ms, found 2 plugins.
Preloading 0 native plugins for Editor in 0.00 ms.
Unloading 0 Unused Serialized files (Serialized files now loaded: 0)
Unloading 1681 unused Assets / (380.0 KB). Loaded Objects now: 2466.
Memory consumption went from 93.6 MB to 93.3 MB.
Total: 6.729600 ms (FindLiveObjects: 0.173800 ms CreateObjectMapping: 0.105200 ms MarkObjects: 6.044700 ms  DeleteObjects: 0.405000 ms)

Prepare: number of updated asset objects reloaded= 0
========================================================================
Received Prepare
Begin MonoManager ReloadAssembly
- Loaded All Assemblies, in  0.461 seconds
Refreshing native plugins compatible for Editor in 0.68 ms, found 2 plugins.
Native extension for Android target not found
Native extension for WindowsStandalone target not found
Mono: successfully reloaded assembly
- Finished resetting the current domain, in  0.778 seconds
Domain Reload Profiling: 1238ms
	BeginReloadAssembly (164ms)
		ExecutionOrderSort (0ms)
		DisableScriptedObjects (7ms)
		BackupInstance (0ms)
		ReleaseScriptingObjects (0ms)
		CreateAndSetChildDomain (35ms)
	RebuildCommonClasses (30ms)
	RebuildNativeTypeToScriptingClass (11ms)
	initialDomainReloadingComplete (22ms)
	LoadAllAssembliesAndSetupDomain (233ms)
		LoadAssemblies (260ms)
		RebuildTransferFunctionScriptingTraits (0ms)
		AnalyzeDomain (62ms)
			TypeCache.Refresh (5ms)
				TypeCache.ScanAssembly (0ms)
			BuildScriptInfoCaches (53ms)
			ResolveRequiredComponents (2ms)
	FinalizeReload (779ms)
		ReleaseScriptCaches (0ms)
		RebuildScriptCaches (0ms)
		SetupLoadedEditorAssemblies (585ms)
			LogAssemblyErrors (0ms)
			InitializePlatformSupportModulesInManaged (22ms)
			SetLoadedEditorAssemblies (5ms)
			BeforeProcessingInitializeOnLoad (52ms)
			ProcessInitializeOnLoadAttributes (290ms)
			ProcessInitializeOnLoadMethodAttributes (211ms)
			AfterProcessingInitializeOnLoad (4ms)
			EditorAssembliesLoaded (0ms)
		ExecutionOrderSort2 (0ms)
		AwakeInstancesAfterBackupRestoration (6ms)
Refreshing native plugins compatible for Editor in 0.65 ms, found 2 plugins.
Preloading 0 native plugins for Editor in 0.00 ms.
Unloading 0 Unused Serialized files (Serialized files now loaded: 0)
Unloading 1687 unused Assets / (386.8 KB). Loaded Objects now: 2466.
Memory consumption went from 93.4 MB to 93.1 MB.
Total: 4.521100 ms (FindLiveObjects: 0.158500 ms CreateObjectMapping: 0.094100 ms MarkObjects: 3.888800 ms  DeleteObjects: 0.379100 ms)

Prepare: number of updated asset objects reloaded= 0
========================================================================
Received Prepare
Begin MonoManager ReloadAssembly
- Loaded All Assemblies, in  0.398 seconds
Refreshing native plugins compatible for Editor in 0.69 ms, found 2 plugins.
Native extension for Android target not found
Native extension for WindowsStandalone target not found
Mono: successfully reloaded assembly
- Finished resetting the current domain, in  0.647 seconds
Domain Reload Profiling: 1043ms
	BeginReloadAssembly (144ms)
		ExecutionOrderSort (0ms)
		DisableScriptedObjects (6ms)
		BackupInstance (0ms)
		ReleaseScriptingObjects (0ms)
		CreateAndSetChildDomain (30ms)
	RebuildCommonClasses (35ms)
	RebuildNativeTypeToScriptingClass (10ms)
	initialDomainReloadingComplete (21ms)
	LoadAllAssembliesAndSetupDomain (186ms)
		LoadAssemblies (207ms)
		RebuildTransferFunctionScriptingTraits (0ms)
		AnalyzeDomain (55ms)
			TypeCache.Refresh (3ms)
				TypeCache.ScanAssembly (0ms)
			BuildScriptInfoCaches (48ms)
			ResolveRequiredComponents (2ms)
	FinalizeReload (647ms)
		ReleaseScriptCaches (0ms)
		RebuildScriptCaches (0ms)
		SetupLoadedEditorAssemblies (469ms)
			LogAssemblyErrors (0ms)
			InitializePlatformSupportModulesInManaged (15ms)
			SetLoadedEditorAssemblies (3ms)
			BeforeProcessingInitializeOnLoad (38ms)
			ProcessInitializeOnLoadAttributes (249ms)
			ProcessInitializeOnLoadMethodAttributes (160ms)
			AfterProcessingInitializeOnLoad (4ms)
			EditorAssembliesLoaded (0ms)
		ExecutionOrderSort2 (0ms)
		AwakeInstancesAfterBackupRestoration (7ms)
Refreshing native plugins compatible for Editor in 0.65 ms, found 2 plugins.
Preloading 0 native plugins for Editor in 0.00 ms.
Unloading 0 Unused Serialized files (Serialized files now loaded: 0)
Unloading 1687 unused Assets / (347.2 KB). Loaded Objects now: 2466.
Memory consumption went from 93.4 MB to 93.1 MB.
Total: 4.545400 ms (FindLiveObjects: 0.165700 ms CreateObjectMapping: 0.066900 ms MarkObjects: 4.017300 ms  DeleteObjects: 0.295000 ms)

Prepare: number of updated asset objects reloaded= 0
========================================================================
Received Prepare
Refreshing native plugins compatible for Editor in 1.05 ms, found 2 plugins.
Preloading 0 native plugins for Editor in 0.00 ms.
Unloading 0 Unused Serialized files (Serialized files now loaded: 0)
Unloading 1681 unused Assets / (373.2 KB). Loaded Objects now: 2466.
Memory consumption went from 93.6 MB to 93.3 MB.
Total: 6.799600 ms (FindLiveObjects: 0.173600 ms CreateObjectMapping: 0.105500 ms MarkObjects: 6.099300 ms  DeleteObjects: 0.420600 ms)

Prepare: number of updated asset objects reloaded= 0
========================================================================
Received Prepare
Begin MonoManager ReloadAssembly
- Loaded All Assemblies, in  0.534 seconds
Refreshing native plugins compatible for Editor in 1.03 ms, found 2 plugins.
Native extension for Android target not found
Native extension for WindowsStandalone target not found
Mono: successfully reloaded assembly
- Finished resetting the current domain, in  0.827 seconds
Domain Reload Profiling: 1358ms
	BeginReloadAssembly (173ms)
		ExecutionOrderSort (0ms)
		DisableScriptedObjects (8ms)
		BackupInstance (0ms)
		ReleaseScriptingObjects (0ms)
		CreateAndSetChildDomain (33ms)
	RebuildCommonClasses (40ms)
	RebuildNativeTypeToScriptingClass (14ms)
	initialDomainReloadingComplete (30ms)
	LoadAllAssembliesAndSetupDomain (274ms)
		LoadAssemblies (282ms)
		RebuildTransferFunctionScriptingTraits (0ms)
		AnalyzeDomain (87ms)
			TypeCache.Refresh (6ms)
				TypeCache.ScanAssembly (0ms)
			BuildScriptInfoCaches (74ms)
			ResolveRequiredComponents (3ms)
	FinalizeReload (827ms)
		ReleaseScriptCaches (0ms)
		RebuildScriptCaches (0ms)
		SetupLoadedEditorAssemblies (612ms)
			LogAssemblyErrors (0ms)
			InitializePlatformSupportModulesInManaged (19ms)
			SetLoadedEditorAssemblies (3ms)
			BeforeProcessingInitializeOnLoad (46ms)
			ProcessInitializeOnLoadAttributes (327ms)
			ProcessInitializeOnLoadMethodAttributes (211ms)
			AfterProcessingInitializeOnLoad (6ms)
			EditorAssembliesLoaded (0ms)
		ExecutionOrderSort2 (0ms)
		AwakeInstancesAfterBackupRestoration (8ms)
Refreshing native plugins compatible for Editor in 0.68 ms, found 2 plugins.
Preloading 0 native plugins for Editor in 0.00 ms.
Unloading 0 Unused Serialized files (Serialized files now loaded: 0)
Unloading 1687 unused Assets / (376.2 KB). Loaded Objects now: 2466.
Memory consumption went from 93.4 MB to 93.1 MB.
Total: 5.798500 ms (FindLiveObjects: 0.167200 ms CreateObjectMapping: 0.101600 ms MarkObjects: 5.111600 ms  DeleteObjects: 0.417400 ms)

Prepare: number of updated asset objects reloaded= 0
========================================================================
Received Prepare
Refreshing native plugins compatible for Editor in 0.68 ms, found 2 plugins.
Preloading 0 native plugins for Editor in 0.00 ms.
Unloading 0 Unused Serialized files (Serialized files now loaded: 0)
Unloading 1681 unused Assets / (384.9 KB). Loaded Objects now: 2466.
Memory consumption went from 93.6 MB to 93.3 MB.
Total: 4.881700 ms (FindLiveObjects: 0.170200 ms CreateObjectMapping: 0.064300 ms MarkObjects: 4.215600 ms  DeleteObjects: 0.431000 ms)

Prepare: number of updated asset objects reloaded= 0
========================================================================
Received Prepare
Begin MonoManager ReloadAssembly
- Loaded All Assemblies, in  0.484 seconds
Refreshing native plugins compatible for Editor in 0.74 ms, found 2 plugins.
Native extension for Android target not found
Native extension for WindowsStandalone target not found
Mono: successfully reloaded assembly
- Finished resetting the current domain, in  0.790 seconds
Domain Reload Profiling: 1273ms
	BeginReloadAssembly (181ms)
		ExecutionOrderSort (0ms)
		DisableScriptedObjects (8ms)
		BackupInstance (0ms)
		ReleaseScriptingObjects (0ms)
		CreateAndSetChildDomain (35ms)
	RebuildCommonClasses (38ms)
	RebuildNativeTypeToScriptingClass (10ms)
	initialDomainReloadingComplete (21ms)
	LoadAllAssembliesAndSetupDomain (232ms)
		LoadAssemblies (262ms)
		RebuildTransferFunctionScriptingTraits (0ms)
		AnalyzeDomain (71ms)
			TypeCache.Refresh (7ms)
				TypeCache.ScanAssembly (0ms)
			BuildScriptInfoCaches (59ms)
			ResolveRequiredComponents (3ms)
	FinalizeReload (791ms)
		ReleaseScriptCaches (0ms)
		RebuildScriptCaches (0ms)
		SetupLoadedEditorAssemblies (584ms)
			LogAssemblyErrors (0ms)
			InitializePlatformSupportModulesInManaged (17ms)
			SetLoadedEditorAssemblies (3ms)
			BeforeProcessingInitializeOnLoad (53ms)
			ProcessInitializeOnLoadAttributes (305ms)
			ProcessInitializeOnLoadMethodAttributes (202ms)
			AfterProcessingInitializeOnLoad (4ms)
			EditorAssembliesLoaded (0ms)
		ExecutionOrderSort2 (0ms)
		AwakeInstancesAfterBackupRestoration (6ms)
Refreshing native plugins compatible for Editor in 0.68 ms, found 2 plugins.
Preloading 0 native plugins for Editor in 0.00 ms.
Unloading 0 Unused Serialized files (Serialized files now loaded: 0)
Unloading 1687 unused Assets / (372.3 KB). Loaded Objects now: 2466.
Memory consumption went from 93.4 MB to 93.1 MB.
Total: 4.171700 ms (FindLiveObjects: 0.163800 ms CreateObjectMapping: 0.063000 ms MarkObjects: 3.597300 ms  DeleteObjects: 0.347300 ms)

Prepare: number of updated asset objects reloaded= 0
========================================================================
Received Prepare
Refreshing native plugins compatible for Editor in 0.67 ms, found 2 plugins.
Preloading 0 native plugins for Editor in 0.00 ms.
Unloading 0 Unused Serialized files (Serialized files now loaded: 0)
Unloading 1681 unused Assets / (346.1 KB). Loaded Objects now: 2466.
Memory consumption went from 93.6 MB to 93.3 MB.
Total: 4.443200 ms (FindLiveObjects: 0.176100 ms CreateObjectMapping: 0.073900 ms MarkObjects: 3.871200 ms  DeleteObjects: 0.321200 ms)

Prepare: number of updated asset objects reloaded= 0
========================================================================
Received Prepare
Begin MonoManager ReloadAssembly
- Loaded All Assemblies, in  0.419 seconds
Refreshing native plugins compatible for Editor in 0.60 ms, found 2 plugins.
Native extension for Android target not found
Native extension for WindowsStandalone target not found
Mono: successfully reloaded assembly
- Finished resetting the current domain, in  0.634 seconds
Domain Reload Profiling: 1052ms
	BeginReloadAssembly (155ms)
		ExecutionOrderSort (0ms)
		DisableScriptedObjects (8ms)
		BackupInstance (0ms)
		ReleaseScriptingObjects (0ms)
		CreateAndSetChildDomain (30ms)
	RebuildCommonClasses (35ms)
	RebuildNativeTypeToScriptingClass (9ms)
	initialDomainReloadingComplete (19ms)
	LoadAllAssembliesAndSetupDomain (199ms)
		LoadAssemblies (233ms)
		RebuildTransferFunctionScriptingTraits (0ms)
		AnalyzeDomain (55ms)
			TypeCache.Refresh (4ms)
				TypeCache.ScanAssembly (0ms)
			BuildScriptInfoCaches (47ms)
			ResolveRequiredComponents (2ms)
	FinalizeReload (634ms)
		ReleaseScriptCaches (0ms)
		RebuildScriptCaches (0ms)
		SetupLoadedEditorAssemblies (464ms)
			LogAssemblyErrors (0ms)
			InitializePlatformSupportModulesInManaged (20ms)
			SetLoadedEditorAssemblies (4ms)
			BeforeProcessingInitializeOnLoad (38ms)
			ProcessInitializeOnLoadAttributes (240ms)
			ProcessInitializeOnLoadMethodAttributes (158ms)
			AfterProcessingInitializeOnLoad (4ms)
			EditorAssembliesLoaded (0ms)
		ExecutionOrderSort2 (0ms)
		AwakeInstancesAfterBackupRestoration (6ms)
Refreshing native plugins compatible for Editor in 0.68 ms, found 2 plugins.
Preloading 0 native plugins for Editor in 0.00 ms.
Unloading 0 Unused Serialized files (Serialized files now loaded: 0)
Unloading 1687 unused Assets / (354.1 KB). Loaded Objects now: 2466.
Memory consumption went from 93.4 MB to 93.1 MB.
Total: 4.626100 ms (FindLiveObjects: 0.154900 ms CreateObjectMapping: 0.087300 ms MarkObjects: 4.089800 ms  DeleteObjects: 0.293400 ms)

Prepare: number of updated asset objects reloaded= 0
========================================================================
Received Prepare
Refreshing native plugins compatible for Editor in 1.03 ms, found 2 plugins.
Preloading 0 native plugins for Editor in 0.00 ms.
Unloading 0 Unused Serialized files (Serialized files now loaded: 0)
Unloading 1681 unused Assets / (409.8 KB). Loaded Objects now: 2466.
Memory consumption went from 93.6 MB to 93.2 MB.
Total: 5.894900 ms (FindLiveObjects: 0.178900 ms CreateObjectMapping: 0.128700 ms MarkObjects: 5.108600 ms  DeleteObjects: 0.477700 ms)

Prepare: number of updated asset objects reloaded= 0
========================================================================
Received Prepare
Begin MonoManager ReloadAssembly
- Loaded All Assemblies, in  0.495 seconds
Refreshing native plugins compatible for Editor in 0.89 ms, found 2 plugins.
Native extension for Android target not found
Native extension for WindowsStandalone target not found
Mono: successfully reloaded assembly
- Finished resetting the current domain, in  0.803 seconds
Domain Reload Profiling: 1297ms
	BeginReloadAssembly (174ms)
		ExecutionOrderSort (0ms)
		DisableScriptedObjects (8ms)
		BackupInstance (0ms)
		ReleaseScriptingObjects (0ms)
		CreateAndSetChildDomain (45ms)
	RebuildCommonClasses (31ms)
	RebuildNativeTypeToScriptingClass (12ms)
	initialDomainReloadingComplete (22ms)
	LoadAllAssembliesAndSetupDomain (254ms)
		LoadAssemblies (261ms)
		RebuildTransferFunctionScriptingTraits (0ms)
		AnalyzeDomain (79ms)
			TypeCache.Refresh (7ms)
				TypeCache.ScanAssembly (0ms)
			BuildScriptInfoCaches (67ms)
			ResolveRequiredComponents (3ms)
	FinalizeReload (804ms)
		ReleaseScriptCaches (0ms)
		RebuildScriptCaches (0ms)
		SetupLoadedEditorAssemblies (596ms)
			LogAssemblyErrors (0ms)
			InitializePlatformSupportModulesInManaged (15ms)
			SetLoadedEditorAssemblies (5ms)
			BeforeProcessingInitializeOnLoad (50ms)
			ProcessInitializeOnLoadAttributes (307ms)
			ProcessInitializeOnLoadMethodAttributes (214ms)
			AfterProcessingInitializeOnLoad (6ms)
			EditorAssembliesLoaded (0ms)
		ExecutionOrderSort2 (0ms)
		AwakeInstancesAfterBackupRestoration (9ms)
Refreshing native plugins compatible for Editor in 1.05 ms, found 2 plugins.
Preloading 0 native plugins for Editor in 0.00 ms.
Unloading 0 Unused Serialized files (Serialized files now loaded: 0)
Unloading 1687 unused Assets / (381.0 KB). Loaded Objects now: 2466.
Memory consumption went from 93.4 MB to 93.1 MB.
Total: 5.883300 ms (FindLiveObjects: 0.190600 ms CreateObjectMapping: 0.132000 ms MarkObjects: 5.087600 ms  DeleteObjects: 0.472500 ms)

Prepare: number of updated asset objects reloaded= 0
========================================================================
Received Prepare
Begin MonoManager ReloadAssembly
- Loaded All Assemblies, in  0.519 seconds
Refreshing native plugins compatible for Editor in 1.10 ms, found 2 plugins.
Native extension for Android target not found
Native extension for WindowsStandalone target not found
Mono: successfully reloaded assembly
- Finished resetting the current domain, in  0.808 seconds
Domain Reload Profiling: 1324ms
	BeginReloadAssembly (188ms)
		ExecutionOrderSort (0ms)
		DisableScriptedObjects (9ms)
		BackupInstance (0ms)
		ReleaseScriptingObjects (0ms)
		CreateAndSetChildDomain (37ms)
	RebuildCommonClasses (42ms)
	RebuildNativeTypeToScriptingClass (11ms)
	initialDomainReloadingComplete (24ms)
	LoadAllAssembliesAndSetupDomain (250ms)
		LoadAssemblies (275ms)
		RebuildTransferFunctionScriptingTraits (0ms)
		AnalyzeDomain (74ms)
			TypeCache.Refresh (6ms)
				TypeCache.ScanAssembly (0ms)
			BuildScriptInfoCaches (62ms)
			ResolveRequiredComponents (3ms)
	FinalizeReload (808ms)
		ReleaseScriptCaches (0ms)
		RebuildScriptCaches (0ms)
		SetupLoadedEditorAssemblies (608ms)
			LogAssemblyErrors (0ms)
			InitializePlatformSupportModulesInManaged (22ms)
			SetLoadedEditorAssemblies (5ms)
			BeforeProcessingInitializeOnLoad (48ms)
			ProcessInitializeOnLoadAttributes (320ms)
			ProcessInitializeOnLoadMethodAttributes (208ms)
			AfterProcessingInitializeOnLoad (5ms)
			EditorAssembliesLoaded (0ms)
		ExecutionOrderSort2 (0ms)
		AwakeInstancesAfterBackupRestoration (7ms)
Refreshing native plugins compatible for Editor in 0.78 ms, found 2 plugins.
Preloading 0 native plugins for Editor in 0.00 ms.
Unloading 0 Unused Serialized files (Serialized files now loaded: 0)
Unloading 1687 unused Assets / (396.6 KB). Loaded Objects now: 2466.
Memory consumption went from 93.4 MB to 93.1 MB.
Total: 5.643100 ms (FindLiveObjects: 0.209300 ms CreateObjectMapping: 0.127000 ms MarkObjects: 4.891600 ms  DeleteObjects: 0.414600 ms)

Prepare: number of updated asset objects reloaded= 0
========================================================================
Received Prepare
Refreshing native plugins compatible for Editor in 0.65 ms, found 2 plugins.
Preloading 0 native plugins for Editor in 0.00 ms.
Unloading 0 Unused Serialized files (Serialized files now loaded: 0)
Unloading 1681 unused Assets / (0.5 MB). Loaded Objects now: 2466.
Memory consumption went from 93.6 MB to 93.1 MB.
Total: 6.501500 ms (FindLiveObjects: 0.169900 ms CreateObjectMapping: 0.106400 ms MarkObjects: 5.510000 ms  DeleteObjects: 0.714200 ms)

Prepare: number of updated asset objects reloaded= 0
========================================================================
Received Prepare
Begin MonoManager ReloadAssembly
- Loaded All Assemblies, in  0.555 seconds
Refreshing native plugins compatible for Editor in 1.00 ms, found 2 plugins.
Native extension for Android target not found
Native extension for WindowsStandalone target not found
Mono: successfully reloaded assembly
- Finished resetting the current domain, in  0.944 seconds
Domain Reload Profiling: 1498ms
	BeginReloadAssembly (190ms)
		ExecutionOrderSort (0ms)
		DisableScriptedObjects (8ms)
		BackupInstance (0ms)
		ReleaseScriptingObjects (0ms)
		CreateAndSetChildDomain (39ms)
	RebuildCommonClasses (44ms)
	RebuildNativeTypeToScriptingClass (16ms)
	initialDomainReloadingComplete (26ms)
	LoadAllAssembliesAndSetupDomain (277ms)
		LoadAssemblies (301ms)
		RebuildTransferFunctionScriptingTraits (0ms)
		AnalyzeDomain (83ms)
			TypeCache.Refresh (6ms)
				TypeCache.ScanAssembly (0ms)
			BuildScriptInfoCaches (73ms)
			ResolveRequiredComponents (2ms)
	FinalizeReload (945ms)
		ReleaseScriptCaches (0ms)
		RebuildScriptCaches (0ms)
		SetupLoadedEditorAssemblies (689ms)
			LogAssemblyErrors (0ms)
			InitializePlatformSupportModulesInManaged (22ms)
			SetLoadedEditorAssemblies (5ms)
			BeforeProcessingInitializeOnLoad (64ms)
			ProcessInitializeOnLoadAttributes (376ms)
			ProcessInitializeOnLoadMethodAttributes (217ms)
			AfterProcessingInitializeOnLoad (5ms)
			EditorAssembliesLoaded (0ms)
		ExecutionOrderSort2 (0ms)
		AwakeInstancesAfterBackupRestoration (9ms)
Refreshing native plugins compatible for Editor in 0.84 ms, found 2 plugins.
Preloading 0 native plugins for Editor in 0.00 ms.
Unloading 0 Unused Serialized files (Serialized files now loaded: 0)
Unloading 1687 unused Assets / (381.1 KB). Loaded Objects now: 2466.
Memory consumption went from 93.4 MB to 93.1 MB.
Total: 5.177200 ms (FindLiveObjects: 0.265800 ms CreateObjectMapping: 0.082300 ms MarkObjects: 4.416900 ms  DeleteObjects: 0.411300 ms)

Prepare: number of updated asset objects reloaded= 0
========================================================================
Received Prepare
Refreshing native plugins compatible for Editor in 0.70 ms, found 2 plugins.
Preloading 0 native plugins for Editor in 0.00 ms.
Unloading 0 Unused Serialized files (Serialized files now loaded: 0)
Unloading 1681 unused Assets / (383.8 KB). Loaded Objects now: 2466.
Memory consumption went from 93.6 MB to 93.3 MB.
Total: 4.689600 ms (FindLiveObjects: 0.168200 ms CreateObjectMapping: 0.103200 ms MarkObjects: 4.030800 ms  DeleteObjects: 0.386800 ms)

Prepare: number of updated asset objects reloaded= 0
========================================================================
Received Prepare
Begin MonoManager ReloadAssembly
- Loaded All Assemblies, in  0.489 seconds
Refreshing native plugins compatible for Editor in 0.80 ms, found 2 plugins.
Native extension for Android target not found
Native extension for WindowsStandalone target not found
Mono: successfully reloaded assembly
- Finished resetting the current domain, in  0.888 seconds
Domain Reload Profiling: 1375ms
	BeginReloadAssembly (165ms)
		ExecutionOrderSort (0ms)
		DisableScriptedObjects (6ms)
		BackupInstance (0ms)
		ReleaseScriptingObjects (0ms)
		CreateAndSetChildDomain (33ms)
	RebuildCommonClasses (41ms)
	RebuildNativeTypeToScriptingClass (14ms)
	initialDomainReloadingComplete (25ms)
	LoadAllAssembliesAndSetupDomain (241ms)
		LoadAssemblies (253ms)
		RebuildTransferFunctionScriptingTraits (0ms)
		AnalyzeDomain (82ms)
			TypeCache.Refresh (6ms)
				TypeCache.ScanAssembly (0ms)
			BuildScriptInfoCaches (71ms)
			ResolveRequiredComponents (2ms)
	FinalizeReload (889ms)
		ReleaseScriptCaches (0ms)
		RebuildScriptCaches (0ms)
		SetupLoadedEditorAssemblies (638ms)
			LogAssemblyErrors (0ms)
			InitializePlatformSupportModulesInManaged (28ms)
			SetLoadedEditorAssemblies (7ms)
			BeforeProcessingInitializeOnLoad (62ms)
			ProcessInitializeOnLoadAttributes (327ms)
			ProcessInitializeOnLoadMethodAttributes (210ms)
			AfterProcessingInitializeOnLoad (3ms)
			EditorAssembliesLoaded (0ms)
		ExecutionOrderSort2 (0ms)
		AwakeInstancesAfterBackupRestoration (6ms)
Refreshing native plugins compatible for Editor in 0.68 ms, found 2 plugins.
Preloading 0 native plugins for Editor in 0.00 ms.
Unloading 0 Unused Serialized files (Serialized files now loaded: 0)
Unloading 1687 unused Assets / (374.3 KB). Loaded Objects now: 2466.
Memory consumption went from 93.5 MB to 93.1 MB.
Total: 4.540100 ms (FindLiveObjects: 0.165400 ms CreateObjectMapping: 0.095700 ms MarkObjects: 3.903400 ms  DeleteObjects: 0.374700 ms)

Prepare: number of updated asset objects reloaded= 0
========================================================================
Received Prepare
Begin MonoManager ReloadAssembly
- Loaded All Assemblies, in  0.488 seconds
Refreshing native plugins compatible for Editor in 1.45 ms, found 2 plugins.
Native extension for Android target not found
Native extension for WindowsStandalone target not found
Mono: successfully reloaded assembly
- Finished resetting the current domain, in  0.728 seconds
Domain Reload Profiling: 1212ms
	BeginReloadAssembly (174ms)
		ExecutionOrderSort (0ms)
		DisableScriptedObjects (7ms)
		BackupInstance (0ms)
		ReleaseScriptingObjects (0ms)
		CreateAndSetChildDomain (33ms)
	RebuildCommonClasses (37ms)
	RebuildNativeTypeToScriptingClass (15ms)
	initialDomainReloadingComplete (24ms)
	LoadAllAssembliesAndSetupDomain (234ms)
		LoadAssemblies (266ms)
		RebuildTransferFunctionScriptingTraits (0ms)
		AnalyzeDomain (67ms)
			TypeCache.Refresh (6ms)
				TypeCache.ScanAssembly (0ms)
			BuildScriptInfoCaches (56ms)
			ResolveRequiredComponents (2ms)
	FinalizeReload (728ms)
		ReleaseScriptCaches (0ms)
		RebuildScriptCaches (0ms)
		SetupLoadedEditorAssemblies (538ms)
			LogAssemblyErrors (0ms)
			InitializePlatformSupportModulesInManaged (16ms)
			SetLoadedEditorAssemblies (5ms)
			BeforeProcessingInitializeOnLoad (42ms)
			ProcessInitializeOnLoadAttributes (305ms)
			ProcessInitializeOnLoadMethodAttributes (165ms)
			AfterProcessingInitializeOnLoad (3ms)
			EditorAssembliesLoaded (0ms)
		ExecutionOrderSort2 (0ms)
		AwakeInstancesAfterBackupRestoration (6ms)
Refreshing native plugins compatible for Editor in 0.71 ms, found 2 plugins.
Preloading 0 native plugins for Editor in 0.00 ms.
Unloading 0 Unused Serialized files (Serialized files now loaded: 0)
Unloading 1687 unused Assets / (390.6 KB). Loaded Objects now: 2466.
Memory consumption went from 93.5 MB to 93.1 MB.
Total: 4.393900 ms (FindLiveObjects: 0.163700 ms CreateObjectMapping: 0.104300 ms MarkObjects: 3.809100 ms  DeleteObjects: 0.316300 ms)

Prepare: number of updated asset objects reloaded= 0
========================================================================
Received Prepare
Begin MonoManager ReloadAssembly
- Loaded All Assemblies, in  0.403 seconds
Refreshing native plugins compatible for Editor in 0.88 ms, found 2 plugins.
Native extension for Android target not found
Native extension for WindowsStandalone target not found
Mono: successfully reloaded assembly
- Finished resetting the current domain, in  0.675 seconds
Domain Reload Profiling: 1077ms
	BeginReloadAssembly (147ms)
		ExecutionOrderSort (0ms)
		DisableScriptedObjects (6ms)
		BackupInstance (0ms)
		ReleaseScriptingObjects (0ms)
		CreateAndSetChildDomain (32ms)
	RebuildCommonClasses (31ms)
	RebuildNativeTypeToScriptingClass (12ms)
	initialDomainReloadingComplete (20ms)
	LoadAllAssembliesAndSetupDomain (192ms)
		LoadAssemblies (209ms)
		RebuildTransferFunctionScriptingTraits (0ms)
		AnalyzeDomain (57ms)
			TypeCache.Refresh (4ms)
				TypeCache.ScanAssembly (0ms)
			BuildScriptInfoCaches (49ms)
			ResolveRequiredComponents (2ms)
	FinalizeReload (676ms)
		ReleaseScriptCaches (0ms)
		RebuildScriptCaches (0ms)
		SetupLoadedEditorAssemblies (491ms)
			LogAssemblyErrors (0ms)
			InitializePlatformSupportModulesInManaged (16ms)
			SetLoadedEditorAssemblies (3ms)
			BeforeProcessingInitializeOnLoad (37ms)
			ProcessInitializeOnLoadAttributes (257ms)
			ProcessInitializeOnLoadMethodAttributes (174ms)
			AfterProcessingInitializeOnLoad (4ms)
			EditorAssembliesLoaded (0ms)
		ExecutionOrderSort2 (0ms)
		AwakeInstancesAfterBackupRestoration (8ms)
Refreshing native plugins compatible for Editor in 0.81 ms, found 2 plugins.
Preloading 0 native plugins for Editor in 0.00 ms.
Unloading 0 Unused Serialized files (Serialized files now loaded: 0)
Unloading 1687 unused Assets / (323.3 KB). Loaded Objects now: 2466.
Memory consumption went from 93.5 MB to 93.1 MB.
Total: 4.554200 ms (FindLiveObjects: 0.172700 ms CreateObjectMapping: 0.105600 ms MarkObjects: 3.980100 ms  DeleteObjects: 0.295100 ms)

Prepare: number of updated asset objects reloaded= 0
========================================================================
Received Prepare
Refreshing native plugins compatible for Editor in 0.70 ms, found 2 plugins.
Preloading 0 native plugins for Editor in 0.00 ms.
Unloading 0 Unused Serialized files (Serialized files now loaded: 0)
Unloading 1681 unused Assets / (355.9 KB). Loaded Objects now: 2466.
Memory consumption went from 93.6 MB to 93.3 MB.
Total: 5.741300 ms (FindLiveObjects: 0.215100 ms CreateObjectMapping: 0.175000 ms MarkObjects: 4.921200 ms  DeleteObjects: 0.428800 ms)

Prepare: number of updated asset objects reloaded= 0
========================================================================
Received Prepare
Begin MonoManager ReloadAssembly
- Loaded All Assemblies, in  0.491 seconds
Refreshing native plugins compatible for Editor in 0.58 ms, found 2 plugins.
Native extension for Android target not found
Native extension for WindowsStandalone target not found
Mono: successfully reloaded assembly
- Finished resetting the current domain, in  0.759 seconds
Domain Reload Profiling: 1249ms
	BeginReloadAssembly (182ms)
		ExecutionOrderSort (0ms)
		DisableScriptedObjects (9ms)
		BackupInstance (0ms)
		ReleaseScriptingObjects (0ms)
		CreateAndSetChildDomain (42ms)
	RebuildCommonClasses (38ms)
	RebuildNativeTypeToScriptingClass (11ms)
	initialDomainReloadingComplete (22ms)
	LoadAllAssembliesAndSetupDomain (237ms)
		LoadAssemblies (261ms)
		RebuildTransferFunctionScriptingTraits (0ms)
		AnalyzeDomain (72ms)
			TypeCache.Refresh (5ms)
				TypeCache.ScanAssembly (0ms)
			BuildScriptInfoCaches (63ms)
			ResolveRequiredComponents (2ms)
	FinalizeReload (759ms)
		ReleaseScriptCaches (0ms)
		RebuildScriptCaches (0ms)
		SetupLoadedEditorAssemblies (576ms)
			LogAssemblyErrors (0ms)
			InitializePlatformSupportModulesInManaged (18ms)
			SetLoadedEditorAssemblies (4ms)
			BeforeProcessingInitializeOnLoad (40ms)
			ProcessInitializeOnLoadAttributes (306ms)
			ProcessInitializeOnLoadMethodAttributes (202ms)
			AfterProcessingInitializeOnLoad (5ms)
			EditorAssembliesLoaded (0ms)
		ExecutionOrderSort2 (0ms)
		AwakeInstancesAfterBackupRestoration (6ms)
Refreshing native plugins compatible for Editor in 0.67 ms, found 2 plugins.
Preloading 0 native plugins for Editor in 0.00 ms.
Unloading 0 Unused Serialized files (Serialized files now loaded: 0)
Unloading 1687 unused Assets / (372.6 KB). Loaded Objects now: 2466.
Memory consumption went from 93.5 MB to 93.1 MB.
Total: 4.779000 ms (FindLiveObjects: 0.185000 ms CreateObjectMapping: 0.102700 ms MarkObjects: 4.120600 ms  DeleteObjects: 0.370200 ms)

Prepare: number of updated asset objects reloaded= 0
========================================================================
Received Prepare
Begin MonoManager ReloadAssembly
- Loaded All Assemblies, in  0.401 seconds
Refreshing native plugins compatible for Editor in 0.68 ms, found 2 plugins.
Native extension for Android target not found
Native extension for WindowsStandalone target not found
Mono: successfully reloaded assembly
- Finished resetting the current domain, in  0.654 seconds
Domain Reload Profiling: 1053ms
	BeginReloadAssembly (145ms)
		ExecutionOrderSort (0ms)
		DisableScriptedObjects (6ms)
		BackupInstance (0ms)
		ReleaseScriptingObjects (0ms)
		CreateAndSetChildDomain (27ms)
	RebuildCommonClasses (32ms)
	RebuildNativeTypeToScriptingClass (13ms)
	initialDomainReloadingComplete (20ms)
	LoadAllAssembliesAndSetupDomain (188ms)
		LoadAssemblies (213ms)
		RebuildTransferFunctionScriptingTraits (0ms)
		AnalyzeDomain (55ms)
			TypeCache.Refresh (3ms)
				TypeCache.ScanAssembly (0ms)
			BuildScriptInfoCaches (48ms)
			ResolveRequiredComponents (2ms)
	FinalizeReload (654ms)
		ReleaseScriptCaches (0ms)
		RebuildScriptCaches (0ms)
		SetupLoadedEditorAssemblies (478ms)
			LogAssemblyErrors (0ms)
			InitializePlatformSupportModulesInManaged (16ms)
			SetLoadedEditorAssemblies (4ms)
			BeforeProcessingInitializeOnLoad (37ms)
			ProcessInitializeOnLoadAttributes (247ms)
			ProcessInitializeOnLoadMethodAttributes (171ms)
			AfterProcessingInitializeOnLoad (4ms)
			EditorAssembliesLoaded (0ms)
		ExecutionOrderSort2 (0ms)
		AwakeInstancesAfterBackupRestoration (7ms)
Refreshing native plugins compatible for Editor in 0.81 ms, found 2 plugins.
Preloading 0 native plugins for Editor in 0.00 ms.
Unloading 0 Unused Serialized files (Serialized files now loaded: 0)
Unloading 1687 unused Assets / (354.2 KB). Loaded Objects now: 2466.
Memory consumption went from 93.5 MB to 93.1 MB.
Total: 4.543500 ms (FindLiveObjects: 0.170300 ms CreateObjectMapping: 0.121900 ms MarkObjects: 3.926400 ms  DeleteObjects: 0.324100 ms)

Prepare: number of updated asset objects reloaded= 0
========================================================================
Received Prepare
Refreshing native plugins compatible for Editor in 1.47 ms, found 2 plugins.
Preloading 0 native plugins for Editor in 0.00 ms.
Unloading 0 Unused Serialized files (Serialized files now loaded: 0)
Unloading 1681 unused Assets / (413.1 KB). Loaded Objects now: 2466.
Memory consumption went from 93.6 MB to 93.2 MB.
Total: 7.637500 ms (FindLiveObjects: 0.193100 ms CreateObjectMapping: 0.067600 ms MarkObjects: 6.625300 ms  DeleteObjects: 0.750300 ms)

Prepare: number of updated asset objects reloaded= 0
========================================================================
Received Prepare
Begin MonoManager ReloadAssembly
- Loaded All Assemblies, in  0.502 seconds
Refreshing native plugins compatible for Editor in 0.98 ms, found 2 plugins.
Native extension for Android target not found
Native extension for WindowsStandalone target not found
Mono: successfully reloaded assembly
- Finished resetting the current domain, in  0.790 seconds
Domain Reload Profiling: 1290ms
	BeginReloadAssembly (183ms)
		ExecutionOrderSort (0ms)
		DisableScriptedObjects (9ms)
		BackupInstance (0ms)
		ReleaseScriptingObjects (0ms)
		CreateAndSetChildDomain (36ms)
	RebuildCommonClasses (39ms)
	RebuildNativeTypeToScriptingClass (13ms)
	initialDomainReloadingComplete (24ms)
	LoadAllAssembliesAndSetupDomain (240ms)
		LoadAssemblies (265ms)
		RebuildTransferFunctionScriptingTraits (0ms)
		AnalyzeDomain (77ms)
			TypeCache.Refresh (5ms)
				TypeCache.ScanAssembly (0ms)
			BuildScriptInfoCaches (67ms)
			ResolveRequiredComponents (3ms)
	FinalizeReload (791ms)
		ReleaseScriptCaches (0ms)
		RebuildScriptCaches (0ms)
		SetupLoadedEditorAssemblies (578ms)
			LogAssemblyErrors (0ms)
			InitializePlatformSupportModulesInManaged (14ms)
			SetLoadedEditorAssemblies (3ms)
			BeforeProcessingInitializeOnLoad (48ms)
			ProcessInitializeOnLoadAttributes (306ms)
			ProcessInitializeOnLoadMethodAttributes (203ms)
			AfterProcessingInitializeOnLoad (4ms)
			EditorAssembliesLoaded (0ms)
		ExecutionOrderSort2 (0ms)
		AwakeInstancesAfterBackupRestoration (6ms)
Refreshing native plugins compatible for Editor in 0.73 ms, found 2 plugins.
Preloading 0 native plugins for Editor in 0.00 ms.
Unloading 0 Unused Serialized files (Serialized files now loaded: 0)
Unloading 1687 unused Assets / (396.4 KB). Loaded Objects now: 2466.
Memory consumption went from 93.5 MB to 93.1 MB.
Total: 4.822200 ms (FindLiveObjects: 0.269600 ms CreateObjectMapping: 0.152600 ms MarkObjects: 4.001600 ms  DeleteObjects: 0.397700 ms)

Prepare: number of updated asset objects reloaded= 0
========================================================================
Received Prepare
Refreshing native plugins compatible for Editor in 0.87 ms, found 2 plugins.
Preloading 0 native plugins for Editor in 0.00 ms.
Unloading 0 Unused Serialized files (Serialized files now loaded: 0)
Unloading 1681 unused Assets / (296.8 KB). Loaded Objects now: 2466.
Memory consumption went from 93.6 MB to 93.4 MB.
Total: 4.699800 ms (FindLiveObjects: 0.169900 ms CreateObjectMapping: 0.063600 ms MarkObjects: 4.103600 ms  DeleteObjects: 0.362100 ms)

Prepare: number of updated asset objects reloaded= 0
========================================================================
Received Prepare
Begin MonoManager ReloadAssembly
- Loaded All Assemblies, in  0.516 seconds
Refreshing native plugins compatible for Editor in 0.60 ms, found 2 plugins.
Native extension for Android target not found
Native extension for WindowsStandalone target not found
Mono: successfully reloaded assembly
- Finished resetting the current domain, in  0.788 seconds
Domain Reload Profiling: 1303ms
	BeginReloadAssembly (171ms)
		ExecutionOrderSort (0ms)
		DisableScriptedObjects (6ms)
		BackupInstance (0ms)
		ReleaseScriptingObjects (0ms)
		CreateAndSetChildDomain (40ms)
	RebuildCommonClasses (44ms)
	RebuildNativeTypeToScriptingClass (14ms)
	initialDomainReloadingComplete (26ms)
	LoadAllAssembliesAndSetupDomain (260ms)
		LoadAssemblies (270ms)
		RebuildTransferFunctionScriptingTraits (0ms)
		AnalyzeDomain (76ms)
			TypeCache.Refresh (7ms)
				TypeCache.ScanAssembly (1ms)
			BuildScriptInfoCaches (65ms)
			ResolveRequiredComponents (2ms)
	FinalizeReload (788ms)
		ReleaseScriptCaches (0ms)
		RebuildScriptCaches (0ms)
		SetupLoadedEditorAssemblies (597ms)
			LogAssemblyErrors (0ms)
			InitializePlatformSupportModulesInManaged (22ms)
			SetLoadedEditorAssemblies (4ms)
			BeforeProcessingInitializeOnLoad (46ms)
			ProcessInitializeOnLoadAttributes (305ms)
			ProcessInitializeOnLoadMethodAttributes (216ms)
			AfterProcessingInitializeOnLoad (4ms)
			EditorAssembliesLoaded (0ms)
		ExecutionOrderSort2 (0ms)
		AwakeInstancesAfterBackupRestoration (8ms)
Refreshing native plugins compatible for Editor in 0.70 ms, found 2 plugins.
Preloading 0 native plugins for Editor in 0.00 ms.
Unloading 0 Unused Serialized files (Serialized files now loaded: 0)
Unloading 1687 unused Assets / (440.2 KB). Loaded Objects now: 2466.
Memory consumption went from 93.5 MB to 93.0 MB.
Total: 5.022500 ms (FindLiveObjects: 0.164700 ms CreateObjectMapping: 0.101100 ms MarkObjects: 4.323500 ms  DeleteObjects: 0.432600 ms)

Prepare: number of updated asset objects reloaded= 0
========================================================================
Received Prepare
Refreshing native plugins compatible for Editor in 1.25 ms, found 2 plugins.
Preloading 0 native plugins for Editor in 0.00 ms.
Unloading 0 Unused Serialized files (Serialized files now loaded: 0)
Unloading 1681 unused Assets / (368.5 KB). Loaded Objects now: 2466.
Memory consumption went from 93.6 MB to 93.3 MB.
Total: 4.865300 ms (FindLiveObjects: 0.277400 ms CreateObjectMapping: 0.072700 ms MarkObjects: 4.075400 ms  DeleteObjects: 0.438800 ms)

Prepare: number of updated asset objects reloaded= 0
========================================================================
Received Prepare
Begin MonoManager ReloadAssembly
- Loaded All Assemblies, in  0.492 seconds
Refreshing native plugins compatible for Editor in 0.70 ms, found 2 plugins.
Native extension for Android target not found
Native extension for WindowsStandalone target not found
Mono: successfully reloaded assembly
- Finished resetting the current domain, in  0.794 seconds
Domain Reload Profiling: 1283ms
	BeginReloadAssembly (179ms)
		ExecutionOrderSort (0ms)
		DisableScriptedObjects (7ms)
		BackupInstance (0ms)
		ReleaseScriptingObjects (0ms)
		CreateAndSetChildDomain (42ms)
	RebuildCommonClasses (40ms)
	RebuildNativeTypeToScriptingClass (10ms)
	initialDomainReloadingComplete (23ms)
	LoadAllAssembliesAndSetupDomain (235ms)
		LoadAssemblies (262ms)
		RebuildTransferFunctionScriptingTraits (0ms)
		AnalyzeDomain (68ms)
			TypeCache.Refresh (6ms)
				TypeCache.ScanAssembly (1ms)
			BuildScriptInfoCaches (56ms)
			ResolveRequiredComponents (3ms)
	FinalizeReload (794ms)
		ReleaseScriptCaches (0ms)
		RebuildScriptCaches (0ms)
		SetupLoadedEditorAssemblies (591ms)
			LogAssemblyErrors (0ms)
			InitializePlatformSupportModulesInManaged (17ms)
			SetLoadedEditorAssemblies (4ms)
			BeforeProcessingInitializeOnLoad (43ms)
			ProcessInitializeOnLoadAttributes (301ms)
			ProcessInitializeOnLoadMethodAttributes (221ms)
			AfterProcessingInitializeOnLoad (6ms)
			EditorAssembliesLoaded (0ms)
		ExecutionOrderSort2 (0ms)
		AwakeInstancesAfterBackupRestoration (8ms)
Refreshing native plugins compatible for Editor in 0.66 ms, found 2 plugins.
Preloading 0 native plugins for Editor in 0.00 ms.
Unloading 0 Unused Serialized files (Serialized files now loaded: 0)
Unloading 1687 unused Assets / (389.8 KB). Loaded Objects now: 2466.
Memory consumption went from 93.5 MB to 93.1 MB.
Total: 4.823200 ms (FindLiveObjects: 0.186900 ms CreateObjectMapping: 0.137600 ms MarkObjects: 4.097600 ms  DeleteObjects: 0.400500 ms)

Prepare: number of updated asset objects reloaded= 0
========================================================================
Received Prepare
Begin MonoManager ReloadAssembly
- Loaded All Assemblies, in  0.405 seconds
Refreshing native plugins compatible for Editor in 0.64 ms, found 2 plugins.
Native extension for Android target not found
Native extension for WindowsStandalone target not found
Mono: successfully reloaded assembly
- Finished resetting the current domain, in  0.677 seconds
Domain Reload Profiling: 1081ms
	BeginReloadAssembly (144ms)
		ExecutionOrderSort (0ms)
		DisableScriptedObjects (6ms)
		BackupInstance (0ms)
		ReleaseScriptingObjects (0ms)
		CreateAndSetChildDomain (33ms)
	RebuildCommonClasses (30ms)
	RebuildNativeTypeToScriptingClass (12ms)
	initialDomainReloadingComplete (21ms)
	LoadAllAssembliesAndSetupDomain (196ms)
		LoadAssemblies (216ms)
		RebuildTransferFunctionScriptingTraits (0ms)
		AnalyzeDomain (56ms)
			TypeCache.Refresh (4ms)
				TypeCache.ScanAssembly (0ms)
			BuildScriptInfoCaches (48ms)
			ResolveRequiredComponents (2ms)
	FinalizeReload (677ms)
		ReleaseScriptCaches (0ms)
		RebuildScriptCaches (0ms)
		SetupLoadedEditorAssemblies (491ms)
			LogAssemblyErrors (0ms)
			InitializePlatformSupportModulesInManaged (17ms)
			SetLoadedEditorAssemblies (4ms)
			BeforeProcessingInitializeOnLoad (43ms)
			ProcessInitializeOnLoadAttributes (247ms)
			ProcessInitializeOnLoadMethodAttributes (176ms)
			AfterProcessingInitializeOnLoad (4ms)
			EditorAssembliesLoaded (0ms)
		ExecutionOrderSort2 (0ms)
		AwakeInstancesAfterBackupRestoration (6ms)
Refreshing native plugins compatible for Editor in 0.69 ms, found 2 plugins.
Preloading 0 native plugins for Editor in 0.00 ms.
Unloading 0 Unused Serialized files (Serialized files now loaded: 0)
Unloading 1687 unused Assets / (382.1 KB). Loaded Objects now: 2466.
Memory consumption went from 93.5 MB to 93.1 MB.
Total: 4.826300 ms (FindLiveObjects: 0.175000 ms CreateObjectMapping: 0.112100 ms MarkObjects: 4.175500 ms  DeleteObjects: 0.362900 ms)

Prepare: number of updated asset objects reloaded= 0
