[Licensing::Module] Trying to connect to existing licensing client channel...
Built from '6000.3/staging' branch; Version is '6000.3.4f1 (fdd3b8998ec4) revision 16634808'; Using compiler version '194234433'; Build Type 'Release'
OS: 'Windows 11  (10.0.26200) Core' Language: 'pl' Physical Memory: 49077 MB
[Licensing::IpcConnector] Successfully connected to: "LicenseClient-Piotr" at "2026-02-12T21:38:22.8763274Z"
BatchMode: 1, IsHumanControllingUs: 0, StartBugReporterOnCrash: 0, Is64bit: 1
System  architecture: x64
Process architecture: x64
Date: 2026-02-12T21:38:22Z

COMMAND LINE ARGUMENTS:
C:\Program Files\Unity\Hub\Editor\6000.3.4f1\Editor\Unity.exe
-adb2
-batchMode
-noUpm
-name
AssetImportWorker0
-projectPath
C:/Users/Piotr/Documents/GitHub/Malowanki
-logFile
Logs/AssetImportWorker0.log
-srvPort
56805
-licensingIpc
LicenseClient-Piotr
-job-worker-count
5
-background-job-worker-count
8
-gc-helper-count
1
-name
AssetImport
Successfully changed project path to: C:/Users/Piotr/Documents/GitHub/Malowanki
C:/Users/Piotr/Documents/GitHub/Malowanki
[UnityMemory] Configuration Parameters - Can be set up in boot.config
    "memorysetup-temp-allocator-size-nav-mesh-worker=65536"
    "memorysetup-temp-allocator-size-audio-worker=65536"
    "memorysetup-temp-allocator-size-gfx=262144"
    "memorysetup-allocator-temp-initial-block-size-main=262144"
    "memorysetup-allocator-temp-initial-block-size-worker=262144"
    "memorysetup-temp-allocator-size-background-worker=32768"
    "memorysetup-temp-allocator-size-job-worker=262144"
    "memorysetup-temp-allocator-size-preload-manager=33554432"
    "memorysetup-temp-allocator-size-gi-baking-worker=262144"
    "memorysetup-temp-allocator-size-gi-baking-worker=262144"
    "memorysetup-temp-allocator-size-gi-baking-worker=262144"
    "memorysetup-temp-allocator-size-gi-baking-worker=262144"
    "memorysetup-temp-allocator-size-gi-baking-worker=262144"
    "memorysetup-bucket-allocator-granularity=16"
    "memorysetup-bucket-allocator-bucket-count=8"
    "memorysetup-bucket-allocator-block-size=33554432"
    "memorysetup-bucket-allocator-block-count=8"
    "memorysetup-main-allocator-block-size=16777216"
    "memorysetup-thread-allocator-block-size=16777216"
    "memorysetup-gfx-main-allocator-block-size=16777216"
    "memorysetup-gfx-thread-allocator-block-size=16777216"
    "memorysetup-cache-allocator-block-size=4194304"
    "memorysetup-typetree-allocator-block-size=2097152"
    "memorysetup-profiler-bucket-allocator-granularity=16"
    "memorysetup-profiler-bucket-allocator-bucket-count=8"
    "memorysetup-profiler-bucket-allocator-block-size=33554432"
    "memorysetup-profiler-bucket-allocator-block-count=8"
    "memorysetup-profiler-allocator-block-size=16777216"
    "memorysetup-profiler-editor-allocator-block-size=1048576"
    "memorysetup-temp-allocator-size-main=16777216"
    "memorysetup-job-temp-allocator-block-size=2097152"
    "memorysetup-job-temp-allocator-block-size-background=1048576"
    "memorysetup-job-temp-allocator-reduction-small-platforms=262144"
    "memorysetup-temp-allocator-size-cloud-worker=32768"
Player connection [21656]  Target information:

Player connection [21656]  * "[IP] 192.168.0.103 [Port] 0 [Flags] 2 [Guid] 3285661012 [EditorId] 3285661012 [Version] 1048832 [Id] WindowsEditor(7,Piotr-Omen) [Debug] 1 [PackageName] WindowsEditor [ProjectName] Editor" 

Player connection [21656] Host joined multi-casting on [225.0.0.222:54997]...
Player connection [21656] Host joined alternative multi-casting on [225.0.0.222:34997]...
JobSystem: Creating JobQueue using job-worker-count value 5
Input System module state changed to: Initialized.
[Physics::Module] Initialized fallback backend.
[Physics::Module] Id: 0xdecafbad
Library Redirect Path: Library/
[Physics::Module] Selected backend.
[Physics::Module] Name: PhysX
[Physics::Module] Id: 0xf2b8ea05
[Physics::Module] SDK Version: 4.1.2
[Physics::Module] Integration Version: 1.0.0
[Physics::Module] Threading Mode: Multi-Threaded
[Licensing::Module] Licensing is not yet initialized.
[Licensing::Client] Handshaking with LicensingClient:
  Version:                 1.17.4+4293ba1
  Session Id:              c4da24193dd74645a1169f74ef981c9a
  Correlation Id:          371973da720c79682146b55aae06addf
  External correlation Id: 2485621054647758424
  Machine Id:              n8Gh4RUlGHjdgxxybaVGQvdO2Hg=
[Licensing::Module] Successfully connected to LicensingClient on channel: "LicenseClient-Piotr" (connect: 0.00s, validation: 0.00s, handshake: 0.98s)
[Licensing::IpcConnector] Successfully connected to: "LicenseClient-Piotr-notifications" at "2026-02-12T21:38:23.8575453Z"
[Licensing::Module] Licensing Background thread has ended after 0.98s
[Licensing::Module] Licensing is initialized (took 0.81s).
[Licensing::Client] Successfully resolved entitlement details
[Licensing::Module] License group:
  Id: F4-764U-JDE6-AHCT-U6ZM-XXXX
  Product: Unity Personal
  Type: ULF
  Expiration: Unlimited
[Licensing::Module] License group:
  Id: 9071118640825-UnityPersXXXX
  Product: Unity Personal
  Type: Assigned
  Expiration: Unlimited
Refreshing native plugins compatible for Editor in 0.83 ms, found 2 plugins.
Preloading 0 native plugins for Editor in 0.00 ms.
Initialize engine version: 6000.3.4f1 (fdd3b8998ec4)
[Subsystems] Discovering subsystems at path C:/Program Files/Unity/Hub/Editor/6000.3.4f1/Editor/Data/Resources/UnitySubsystems
[Subsystems] Discovering subsystems at path C:/Users/Piotr/Documents/GitHub/Malowanki/Assets
GfxDevice: creating device client; kGfxThreadingModeNonThreaded
Direct3D:
    Version:  Direct3D 11.0 [level 11.1]
    Renderer: Radeon RX 580 Series (ID=0x67df)
    Vendor:   ATI
    VRAM:     8135 MB
    Driver:   31.0.21923.11000
Initialize mono
Mono path[0] = 'C:/Program Files/Unity/Hub/Editor/6000.3.4f1/Editor/Data/Managed'
Mono path[1] = 'C:/Program Files/Unity/Hub/Editor/6000.3.4f1/Editor/Data/MonoBleedingEdge/lib/mono/unityjit-win32'
Mono config path = 'C:/Program Files/Unity/Hub/Editor/6000.3.4f1/Editor/Data/MonoBleedingEdge/etc'
Using monoOptions --debugger-agent=transport=dt_socket,embedding=1,server=y,suspend=n,address=127.0.0.1:56316
Begin MonoManager ReloadAssembly
Registering precompiled unity dll's ...
Register platform support module: C:/Program Files/Unity/Hub/Editor/6000.3.4f1/Editor/Data/PlaybackEngines/WebGLSupport/UnityEditor.WebGL.Extensions.dll
Register platform support module: C:/Program Files/Unity/Hub/Editor/6000.3.4f1/Editor/Data/PlaybackEngines/WindowsStandaloneSupport/UnityEditor.WindowsStandalone.Extensions.dll
Register platform support module: C:/Program Files/Unity/Hub/Editor/6000.3.4f1/Editor/Data/PlaybackEngines/AndroidPlayer/UnityEditor.Android.Extensions.dll
Registered in 0.002683 seconds.
- Loaded All Assemblies, in  0.364 seconds
Native extension for Android target not found
Android Extension - Scanning For ADB Devices 239 ms
Native extension for WindowsStandalone target not found
Native extension for WebGL target not found
ScheduleIndexationOnStartup MainProcess:False IndexOnStartup:True
Mono: successfully reloaded assembly
- Finished resetting the current domain, in  0.708 seconds
Domain Reload Profiling: 1069ms
	BeginReloadAssembly (127ms)
		ExecutionOrderSort (0ms)
		DisableScriptedObjects (0ms)
		BackupInstance (0ms)
		ReleaseScriptingObjects (0ms)
		CreateAndSetChildDomain (1ms)
	RebuildCommonClasses (34ms)
	RebuildNativeTypeToScriptingClass (11ms)
	initialDomainReloadingComplete (41ms)
	LoadAllAssembliesAndSetupDomain (149ms)
		LoadAssemblies (125ms)
		RebuildTransferFunctionScriptingTraits (0ms)
		AnalyzeDomain (145ms)
			TypeCache.Refresh (144ms)
				TypeCache.ScanAssembly (132ms)
			BuildScriptInfoCaches (0ms)
			ResolveRequiredComponents (0ms)
	FinalizeReload (708ms)
		ReleaseScriptCaches (0ms)
		RebuildScriptCaches (0ms)
		SetupLoadedEditorAssemblies (676ms)
			LogAssemblyErrors (0ms)
			InitializePlatformSupportModulesInManaged (330ms)
			SetLoadedEditorAssemblies (6ms)
			BeforeProcessingInitializeOnLoad (104ms)
			ProcessInitializeOnLoadAttributes (164ms)
			ProcessInitializeOnLoadMethodAttributes (74ms)
			AfterProcessingInitializeOnLoad (0ms)
			EditorAssembliesLoaded (0ms)
		ExecutionOrderSort2 (0ms)
		AwakeInstancesAfterBackupRestoration (0ms)
========================================================================
Worker process is ready to serve import requests
Import Worker Mode flag is 0x00
Begin MonoManager ReloadAssembly
[Licensing::Client] Successfully resolved entitlement details
[Licensing::Module] License group:
  Id: F4-764U-JDE6-AHCT-U6ZM-XXXX
  Product: Unity Personal
  Type: ULF
  Expiration: Unlimited
[Licensing::Module] License group:
  Id: 9071118640825-UnityPersXXXX
  Product: Unity Personal
  Type: Assigned
  Expiration: Unlimited
- Loaded All Assemblies, in  0.544 seconds
Refreshing native plugins compatible for Editor in 0.83 ms, found 2 plugins.
Native extension for Android target not found
Native extension for WindowsStandalone target not found
Native extension for WebGL target not found
Package Manager log level set to [2]
[Package Manager] Failed to launch server process. Reason: Unity was launched with the -noUpm command-line argument
[Package Manager] Unable to send message (not connected to server process).
[Package Manager] Cannot connect to Unity Package Manager local server
ScheduleIndexationOnStartup MainProcess:False IndexOnStartup:True
Mono: successfully reloaded assembly
- Finished resetting the current domain, in  0.783 seconds
Domain Reload Profiling: 1324ms
	BeginReloadAssembly (176ms)
		ExecutionOrderSort (0ms)
		DisableScriptedObjects (5ms)
		BackupInstance (0ms)
		ReleaseScriptingObjects (0ms)
		CreateAndSetChildDomain (30ms)
	RebuildCommonClasses (35ms)
	RebuildNativeTypeToScriptingClass (11ms)
	initialDomainReloadingComplete (34ms)
	LoadAllAssembliesAndSetupDomain (284ms)
		LoadAssemblies (286ms)
		RebuildTransferFunctionScriptingTraits (0ms)
		AnalyzeDomain (100ms)
			TypeCache.Refresh (82ms)
				TypeCache.ScanAssembly (69ms)
			BuildScriptInfoCaches (14ms)
			ResolveRequiredComponents (2ms)
	FinalizeReload (783ms)
		ReleaseScriptCaches (0ms)
		RebuildScriptCaches (0ms)
		SetupLoadedEditorAssemblies (642ms)
			LogAssemblyErrors (0ms)
			InitializePlatformSupportModulesInManaged (13ms)
			SetLoadedEditorAssemblies (8ms)
			BeforeProcessingInitializeOnLoad (191ms)
			ProcessInitializeOnLoadAttributes (372ms)
			ProcessInitializeOnLoadMethodAttributes (53ms)
			AfterProcessingInitializeOnLoad (5ms)
			EditorAssembliesLoaded (0ms)
		ExecutionOrderSort2 (0ms)
		AwakeInstancesAfterBackupRestoration (7ms)
Launched and connected shader compiler UnityShaderCompiler.exe after 0.01 seconds
Refreshing native plugins compatible for Editor in 0.73 ms, found 2 plugins.
Preloading 0 native plugins for Editor in 0.00 ms.
Unloading 0 Unused Serialized files (Serialized files now loaded: 0)
Unloading 2023 unused Assets / (504.5 KB). Loaded Objects now: 2626.
Memory consumption went from 81.3 MB to 80.8 MB.
Total: 6.325200 ms (FindLiveObjects: 0.301600 ms CreateObjectMapping: 0.108600 ms MarkObjects: 5.347100 ms  DeleteObjects: 0.566900 ms)

========================================================================
Received Import Request.
  Time since last request: 8869.948023 seconds.
  path: Assets/Scripts/PaintableTexture.cs
  artifactKey: Guid(5121bbf9a55a7054ca0679c86a7dc41f) Importer(2089858483,b0f066a214c2f5e87bad3c948f4d605d)
Start importing Assets/Scripts/PaintableTexture.cs using Guid(5121bbf9a55a7054ca0679c86a7dc41f) Importer(2089858483,b0f066a214c2f5e87bad3c948f4d605d) (ScriptedImporter) -> (artifact id: '162085c20baab6bd0dadc824acb7805f') in 0.0823371 seconds
Number of updated asset objects reloaded before import = 0Number of asset objects unloaded after import = 0

========================================================================
Received Import Request.
  Time since last request: 0.000016 seconds.
  path: Assets/Shaders/Draw.cs
  artifactKey: Guid(97725b1f16720b94f94f6ee880607a0e) Importer(2089858483,b0f066a214c2f5e87bad3c948f4d605d)
Start importing Assets/Shaders/Draw.cs using Guid(97725b1f16720b94f94f6ee880607a0e) Importer(2089858483,b0f066a214c2f5e87bad3c948f4d605d) (ScriptedImporter) -> (artifact id: '4f95471946dd1d52a2e641490d6c3e67') in 0.0102921 seconds
Number of updated asset objects reloaded before import = 0Number of asset objects unloaded after import = 0

========================================================================
Received Import Request.
  Time since last request: 0.000051 seconds.
  path: Assets/Models/Chunk0_AmbientOcclusion.png
  artifactKey: Guid(f8e3b7ff23a8caa4c8b12b0cf791ef17) Importer(2089858483,b0f066a214c2f5e87bad3c948f4d605d)
Start importing Assets/Models/Chunk0_AmbientOcclusion.png using Guid(f8e3b7ff23a8caa4c8b12b0cf791ef17) Importer(2089858483,b0f066a214c2f5e87bad3c948f4d605d) (ScriptedImporter) -> (artifact id: '85f842bd6715baf4a9e846464b5eff01') in 0.1219875 seconds
Number of updated asset objects reloaded before import = 0Number of asset objects unloaded after import = 1

========================================================================
Received Import Request.
  Time since last request: 0.000032 seconds.
  path: Assets/FullTiltBoogie/Helpers/readme.txt
  artifactKey: Guid(ea05a39535415442e896a3b6332ef6e5) Importer(2089858483,b0f066a214c2f5e87bad3c948f4d605d)
Start importing Assets/FullTiltBoogie/Helpers/readme.txt using Guid(ea05a39535415442e896a3b6332ef6e5) Importer(2089858483,b0f066a214c2f5e87bad3c948f4d605d) (ScriptedImporter) -> (artifact id: '9252d9c19179663d24d24b3cf9e778af') in 0.015046 seconds
Number of updated asset objects reloaded before import = 0Number of asset objects unloaded after import = 1

========================================================================
Received Import Request.
  Time since last request: 0.000023 seconds.
  path: Assets/Audio/Letters/B.wav
  artifactKey: Guid(bf75f171c3acb364ebc3e37d7c08ac38) Importer(2089858483,b0f066a214c2f5e87bad3c948f4d605d)
Start importing Assets/Audio/Letters/B.wav using Guid(bf75f171c3acb364ebc3e37d7c08ac38) Importer(2089858483,b0f066a214c2f5e87bad3c948f4d605d) (ScriptedImporter) -> (artifact id: 'c59cb85bd5a712f6b5c25c1e75774b85') in 0.0413024 seconds
Number of updated asset objects reloaded before import = 0Number of asset objects unloaded after import = 1

========================================================================
Received Import Request.
  Time since last request: 0.000041 seconds.
  path: Assets/Scenes/Coloring.unity
  artifactKey: Guid(99c9720ab356a0642a771bea13969a05) Importer(2089858483,b0f066a214c2f5e87bad3c948f4d605d)
Start importing Assets/Scenes/Coloring.unity using Guid(99c9720ab356a0642a771bea13969a05) Importer(2089858483,b0f066a214c2f5e87bad3c948f4d605d) (ScriptedImporter) -> (artifact id: '91fbca0a0c6b656d149469978672b1e9') in 0.010861 seconds
Number of updated asset objects reloaded before import = 0Number of asset objects unloaded after import = 1

========================================================================
Received Import Request.
  Time since last request: 0.000036 seconds.
  path: Assets/Audio/Letters/F.wav
  artifactKey: Guid(9e0bceeb07d64ce4b96971032efccf87) Importer(2089858483,b0f066a214c2f5e87bad3c948f4d605d)
Start importing Assets/Audio/Letters/F.wav using Guid(9e0bceeb07d64ce4b96971032efccf87) Importer(2089858483,b0f066a214c2f5e87bad3c948f4d605d) (ScriptedImporter) -> (artifact id: '47c23eec87217b3408daf09afe0cf03a') in 0.0273395 seconds
Number of updated asset objects reloaded before import = 0Number of asset objects unloaded after import = 1

========================================================================
Received Import Request.
  Time since last request: 0.000045 seconds.
  path: Assets/Scripts/ModelViewControls.cs
  artifactKey: Guid(13e6a6e24b2aed24499264873cc16979) Importer(2089858483,b0f066a214c2f5e87bad3c948f4d605d)
Start importing Assets/Scripts/ModelViewControls.cs using Guid(13e6a6e24b2aed24499264873cc16979) Importer(2089858483,b0f066a214c2f5e87bad3c948f4d605d) (ScriptedImporter) -> (artifact id: '88e9bb8e9b8f3a94efb49e8d6fcd1f12') in 0.0108424 seconds
Number of updated asset objects reloaded before import = 0Number of asset objects unloaded after import = 0

========================================================================
Received Import Request.
  Time since last request: 0.000018 seconds.
  path: Assets/Scenes/DrawingWithInstantiate.unity
  artifactKey: Guid(26230cf4ab9fd6645ae7d84582381aea) Importer(2089858483,b0f066a214c2f5e87bad3c948f4d605d)
Start importing Assets/Scenes/DrawingWithInstantiate.unity using Guid(26230cf4ab9fd6645ae7d84582381aea) Importer(2089858483,b0f066a214c2f5e87bad3c948f4d605d) (ScriptedImporter) -> (artifact id: '35df3af9fe997a580a9fc84594b9a717') in 0.0114558 seconds
Number of updated asset objects reloaded before import = 0Number of asset objects unloaded after import = 1

========================================================================
Received Import Request.
  Time since last request: 0.000029 seconds.
  path: Assets/Shaders/FixIlsandEdges.shader
  artifactKey: Guid(74ee5375b10b65e4eb4c870ac758eafd) Importer(2089858483,b0f066a214c2f5e87bad3c948f4d605d)
Start importing Assets/Shaders/FixIlsandEdges.shader using Guid(74ee5375b10b65e4eb4c870ac758eafd) Importer(2089858483,b0f066a214c2f5e87bad3c948f4d605d) (ScriptedImporter) -> (artifact id: '5ed69c465f440e6c7fdcddd1211b4506') in 0.0137867 seconds
Number of updated asset objects reloaded before import = 0Number of asset objects unloaded after import = 1

========================================================================
Received Import Request.
  Time since last request: 0.000077 seconds.
  path: Assets/Audio/Letters/L.wav
  artifactKey: Guid(81ae7b157b4827e488d40ce379f93d91) Importer(2089858483,b0f066a214c2f5e87bad3c948f4d605d)
Start importing Assets/Audio/Letters/L.wav using Guid(81ae7b157b4827e488d40ce379f93d91) Importer(2089858483,b0f066a214c2f5e87bad3c948f4d605d) (ScriptedImporter) -> (artifact id: '39f87c10b45a8db5401279fb4381c33b') in 0.0390264 seconds
Number of updated asset objects reloaded before import = 0Number of asset objects unloaded after import = 1

========================================================================
Received Import Request.
  Time since last request: 0.000027 seconds.
  path: Assets/Sounds/MainMenuSound.mp3
  artifactKey: Guid(ef5f1f5a16b898b4f9dbdeff04e0e5b9) Importer(2089858483,b0f066a214c2f5e87bad3c948f4d605d)
Start importing Assets/Sounds/MainMenuSound.mp3 using Guid(ef5f1f5a16b898b4f9dbdeff04e0e5b9) Importer(2089858483,b0f066a214c2f5e87bad3c948f4d605d) (ScriptedImporter) -> (artifact id: 'ce41cea81d494ae7725a49a5ad59eae7') in 0.2981669 seconds
Number of updated asset objects reloaded before import = 0Number of asset objects unloaded after import = 1

========================================================================
Received Import Request.
  Time since last request: 0.000018 seconds.
  path: Assets/Scenes/Shapes.unity
  artifactKey: Guid(374bc18683a45b54aa485b89c523df5f) Importer(2089858483,b0f066a214c2f5e87bad3c948f4d605d)
Start importing Assets/Scenes/Shapes.unity using Guid(374bc18683a45b54aa485b89c523df5f) Importer(2089858483,b0f066a214c2f5e87bad3c948f4d605d) (ScriptedImporter) -> (artifact id: '3dbae1d478efa072b9b921e2290d34d3') in 0.0116584 seconds
Number of updated asset objects reloaded before import = 0Number of asset objects unloaded after import = 1

========================================================================
Received Import Request.
  Time since last request: 0.000041 seconds.
  path: Assets/Models/Chunk0_Normal.png
  artifactKey: Guid(23a015825731908488d94c9805be0211) Importer(2089858483,b0f066a214c2f5e87bad3c948f4d605d)
Start importing Assets/Models/Chunk0_Normal.png using Guid(23a015825731908488d94c9805be0211) Importer(2089858483,b0f066a214c2f5e87bad3c948f4d605d) (ScriptedImporter) -> (artifact id: 'b21f403d53ca84e7aca31c37e0ea0017') in 0.0489932 seconds
Number of updated asset objects reloaded before import = 0Number of asset objects unloaded after import = 1

========================================================================
Received Import Request.
  Time since last request: 0.000029 seconds.
  path: Assets/Audio/Letters/H.wav
  artifactKey: Guid(b0af8069975a938498104c1068cc2425) Importer(2089858483,b0f066a214c2f5e87bad3c948f4d605d)
Start importing Assets/Audio/Letters/H.wav using Guid(b0af8069975a938498104c1068cc2425) Importer(2089858483,b0f066a214c2f5e87bad3c948f4d605d) (ScriptedImporter) -> (artifact id: 'cc6f328f148fb66974f2607caa1770a3') in 0.0388203 seconds
Number of updated asset objects reloaded before import = 0Number of asset objects unloaded after import = 1

========================================================================
Received Import Request.
  Time since last request: 0.000023 seconds.
  path: Assets/Audio/Letters/N.wav
  artifactKey: Guid(f7c72d099e9035d418b567aa1f36f4f9) Importer(2089858483,b0f066a214c2f5e87bad3c948f4d605d)
Start importing Assets/Audio/Letters/N.wav using Guid(f7c72d099e9035d418b567aa1f36f4f9) Importer(2089858483,b0f066a214c2f5e87bad3c948f4d605d) (ScriptedImporter) -> (artifact id: 'cbb1a2e7553bea84ca29419aad07d0d4') in 0.0353279 seconds
Number of updated asset objects reloaded before import = 0Number of asset objects unloaded after import = 1

========================================================================
Received Import Request.
  Time since last request: 0.000038 seconds.
  path: Assets/Audio/Letters/K.wav
  artifactKey: Guid(8a2cf5dc4341a9b4c8e4f04329a074e4) Importer(2089858483,b0f066a214c2f5e87bad3c948f4d605d)
Start importing Assets/Audio/Letters/K.wav using Guid(8a2cf5dc4341a9b4c8e4f04329a074e4) Importer(2089858483,b0f066a214c2f5e87bad3c948f4d605d) (ScriptedImporter) -> (artifact id: '84f6ea0b941ce4167e3132bd43f43d94') in 0.0290434 seconds
Number of updated asset objects reloaded before import = 0Number of asset objects unloaded after import = 1

========================================================================
Received Import Request.
  Time since last request: 0.000054 seconds.
  path: Assets/Font/LuckiestGuy.ttf
  artifactKey: Guid(ab2cfde409d710b47b0b502877abb479) Importer(2089858483,b0f066a214c2f5e87bad3c948f4d605d)
Start importing Assets/Font/LuckiestGuy.ttf using Guid(ab2cfde409d710b47b0b502877abb479) Importer(2089858483,b0f066a214c2f5e87bad3c948f4d605d) (ScriptedImporter) -> (artifact id: '4f20e1e641fbd48428a9b729342f0671') in 0.0283201 seconds
Number of updated asset objects reloaded before import = 0Number of asset objects unloaded after import = 3

========================================================================
Received Import Request.
  Time since last request: 0.000016 seconds.
  path: Assets/Photos/screen_1920x1080_2020-02-15_21-54-27.png
  artifactKey: Guid(8a616628a55446e4c963825d6e88f9f1) Importer(2089858483,b0f066a214c2f5e87bad3c948f4d605d)
Start importing Assets/Photos/screen_1920x1080_2020-02-15_21-54-27.png using Guid(8a616628a55446e4c963825d6e88f9f1) Importer(2089858483,b0f066a214c2f5e87bad3c948f4d605d) (ScriptedImporter) -> (artifact id: 'bd293f74c24feedf474d5fae7742e1d3') in 0.0404456 seconds
Number of updated asset objects reloaded before import = 0Number of asset objects unloaded after import = 1

========================================================================
Received Import Request.
  Time since last request: 0.000051 seconds.
  path: Assets/Scenes/Letters.unity
  artifactKey: Guid(9b588bd7a8df2aa4182f6b053bb3dcc2) Importer(2089858483,b0f066a214c2f5e87bad3c948f4d605d)
Start importing Assets/Scenes/Letters.unity using Guid(9b588bd7a8df2aa4182f6b053bb3dcc2) Importer(2089858483,b0f066a214c2f5e87bad3c948f4d605d) (ScriptedImporter) -> (artifact id: 'b237ef8023d91c34ebdd5889250c641f') in 0.0103326 seconds
Number of updated asset objects reloaded before import = 0Number of asset objects unloaded after import = 1

========================================================================
Received Import Request.
  Time since last request: 0.000043 seconds.
  path: Assets/Animations/PlayButtonAnimation.anim
  artifactKey: Guid(fa5121ecaf404ae4cb313dee4ed3da68) Importer(2089858483,b0f066a214c2f5e87bad3c948f4d605d)
Start importing Assets/Animations/PlayButtonAnimation.anim using Guid(fa5121ecaf404ae4cb313dee4ed3da68) Importer(2089858483,b0f066a214c2f5e87bad3c948f4d605d) (ScriptedImporter) -> (artifact id: 'f88c72920e6502887b6724f52bc86b6f') in 0.0168974 seconds
Number of updated asset objects reloaded before import = 0Number of asset objects unloaded after import = 1

========================================================================
Received Import Request.
  Time since last request: 0.000039 seconds.
  path: Assets/Shaders/MatShader.shader
  artifactKey: Guid(8849ea142dad4e94dbec6d4c115fecce) Importer(2089858483,b0f066a214c2f5e87bad3c948f4d605d)
Start importing Assets/Shaders/MatShader.shader using Guid(8849ea142dad4e94dbec6d4c115fecce) Importer(2089858483,b0f066a214c2f5e87bad3c948f4d605d) (ScriptedImporter) -> (artifact id: '06fbcb9cfb6f057f98eddfa820ed2a00') in 0.0116154 seconds
Number of updated asset objects reloaded before import = 0Number of asset objects unloaded after import = 1

========================================================================
Received Import Request.
  Time since last request: 0.000016 seconds.
  path: Assets/Audio/Letters/J.wav
  artifactKey: Guid(62a1097d4ab8e124cb9eff0ad27bb14c) Importer(2089858483,b0f066a214c2f5e87bad3c948f4d605d)
Start importing Assets/Audio/Letters/J.wav using Guid(62a1097d4ab8e124cb9eff0ad27bb14c) Importer(2089858483,b0f066a214c2f5e87bad3c948f4d605d) (ScriptedImporter) -> (artifact id: '9010b6989e1235a3e51b937e29548966') in 0.0279792 seconds
Number of updated asset objects reloaded before import = 0Number of asset objects unloaded after import = 1

========================================================================
Received Import Request.
  Time since last request: 0.000050 seconds.
  path: Assets/Shaders/Draw.shader
  artifactKey: Guid(555d52b9c0c7b57468f14fdb92ecaca0) Importer(2089858483,b0f066a214c2f5e87bad3c948f4d605d)
Start importing Assets/Shaders/Draw.shader using Guid(555d52b9c0c7b57468f14fdb92ecaca0) Importer(2089858483,b0f066a214c2f5e87bad3c948f4d605d) (ScriptedImporter) -> (artifact id: '9ede95adf91efc589b946b11fcb57e64') in 0.0108725 seconds
Number of updated asset objects reloaded before import = 0Number of asset objects unloaded after import = 1

========================================================================
Received Import Request.
  Time since last request: 0.000048 seconds.
  path: Assets/Scripts/PaintingModelUI.cs
  artifactKey: Guid(3432c5fd6f45d3946a98dd6a0e77b8e7) Importer(2089858483,b0f066a214c2f5e87bad3c948f4d605d)
Start importing Assets/Scripts/PaintingModelUI.cs using Guid(3432c5fd6f45d3946a98dd6a0e77b8e7) Importer(2089858483,b0f066a214c2f5e87bad3c948f4d605d) (ScriptedImporter) -> (artifact id: 'a4eadb770cacf4e61391b80078c623be') in 0.0101097 seconds
Number of updated asset objects reloaded before import = 0Number of asset objects unloaded after import = 0

========================================================================
Received Import Request.
  Time since last request: 0.000057 seconds.
  path: Assets/Sprites/pedzel.png
  artifactKey: Guid(28c6787560b9b4849bf709d33c83f659) Importer(2089858483,b0f066a214c2f5e87bad3c948f4d605d)
Start importing Assets/Sprites/pedzel.png using Guid(28c6787560b9b4849bf709d33c83f659) Importer(2089858483,b0f066a214c2f5e87bad3c948f4d605d) (ScriptedImporter) -> (artifact id: 'c48ff372c59ef859ba16cef71a3bffb0') in 0.0159412 seconds
Number of updated asset objects reloaded before import = 0Number of asset objects unloaded after import = 1

========================================================================
Received Import Request.
  Time since last request: 0.000031 seconds.
  path: Assets/Photos/screen_1920x1080_2020-02-15_22-25-33.png
  artifactKey: Guid(16b007925b4e69e48a392179e5eda63f) Importer(2089858483,b0f066a214c2f5e87bad3c948f4d605d)
Start importing Assets/Photos/screen_1920x1080_2020-02-15_22-25-33.png using Guid(16b007925b4e69e48a392179e5eda63f) Importer(2089858483,b0f066a214c2f5e87bad3c948f4d605d) (ScriptedImporter) -> (artifact id: 'f47186c300826bed191806a42f741de5') in 0.0292419 seconds
Number of updated asset objects reloaded before import = 0Number of asset objects unloaded after import = 1

========================================================================
Received Import Request.
  Time since last request: 5.919418 seconds.
  path: Assets/FullTiltBoogie/Materials/BokehHex.mat
  artifactKey: Guid(dfdb41e90bb4440d98b876cfc2acae2e) Importer(2089858483,b0f066a214c2f5e87bad3c948f4d605d)
Start importing Assets/FullTiltBoogie/Materials/BokehHex.mat using Guid(dfdb41e90bb4440d98b876cfc2acae2e) Importer(2089858483,b0f066a214c2f5e87bad3c948f4d605d) (ScriptedImporter) -> (artifact id: '5294c82a4fd56226eba845f4ec008599') in 0.0236595 seconds
Number of updated asset objects reloaded before import = 0Number of asset objects unloaded after import = 2

========================================================================
Received Import Request.
  Time since last request: 0.000014 seconds.
  path: Assets/FullTiltBoogie/Materials/CamFlash.mat
  artifactKey: Guid(a4bf31caa01e8489e9715de95b7b9522) Importer(2089858483,b0f066a214c2f5e87bad3c948f4d605d)
Start importing Assets/FullTiltBoogie/Materials/CamFlash.mat using Guid(a4bf31caa01e8489e9715de95b7b9522) Importer(2089858483,b0f066a214c2f5e87bad3c948f4d605d) (ScriptedImporter) -> (artifact id: '15c00311e5ead6c0b443ceb74b45d705') in 0.0195515 seconds
Number of updated asset objects reloaded before import = 0Number of asset objects unloaded after import = 2

========================================================================
Received Import Request.
  Time since last request: 0.000018 seconds.
  path: Assets/FullTiltBoogie/Prefabs/VfxHitSparks.prefab
  artifactKey: Guid(bad4a586d8c2b4fc1adb20c80b9b13a1) Importer(2089858483,b0f066a214c2f5e87bad3c948f4d605d)
Start importing Assets/FullTiltBoogie/Prefabs/VfxHitSparks.prefab using Guid(bad4a586d8c2b4fc1adb20c80b9b13a1) Importer(2089858483,b0f066a214c2f5e87bad3c948f4d605d) (ScriptedImporter) -> (artifact id: '686cb51db8c7669bd5be9d8837a421bf') in 0.1556251 seconds
Number of updated asset objects reloaded before import = 0Number of asset objects unloaded after import = 6

========================================================================
Received Import Request.
  Time since last request: 0.000021 seconds.
  path: Assets/Models/GIraffe/15.png
  artifactKey: Guid(913d09704b9d24a4b8cd7b5e6ba50205) Importer(2089858483,b0f066a214c2f5e87bad3c948f4d605d)
Start importing Assets/Models/GIraffe/15.png using Guid(913d09704b9d24a4b8cd7b5e6ba50205) Importer(2089858483,b0f066a214c2f5e87bad3c948f4d605d) (ScriptedImporter) -> (artifact id: '39bad60a298e0bc1d97b57d1a7630d36') in 0.0266282 seconds
Number of updated asset objects reloaded before import = 0Number of asset objects unloaded after import = 3

========================================================================
Received Import Request.
  Time since last request: 0.000027 seconds.
  path: Assets/FullTiltBoogie/Materials/SmokePuff3Alpha.mat
  artifactKey: Guid(d1a40a4c96c7244d8b85f624de7618bd) Importer(2089858483,b0f066a214c2f5e87bad3c948f4d605d)
Start importing Assets/FullTiltBoogie/Materials/SmokePuff3Alpha.mat using Guid(d1a40a4c96c7244d8b85f624de7618bd) Importer(2089858483,b0f066a214c2f5e87bad3c948f4d605d) (ScriptedImporter) -> (artifact id: '8ad28407408e2f59eccc282d9a6783f9') in 0.0159621 seconds
Number of updated asset objects reloaded before import = 0Number of asset objects unloaded after import = 1

========================================================================
Received Import Request.
  Time since last request: 0.000016 seconds.
  path: Assets/Models/GIraffe/20.png
  artifactKey: Guid(fe61eb8cda514c84e848790f26f1bc37) Importer(2089858483,b0f066a214c2f5e87bad3c948f4d605d)
Start importing Assets/Models/GIraffe/20.png using Guid(fe61eb8cda514c84e848790f26f1bc37) Importer(2089858483,b0f066a214c2f5e87bad3c948f4d605d) (ScriptedImporter) -> (artifact id: '1ff9dba571cff405df6fe169c76bf572') in 0.0248312 seconds
Number of updated asset objects reloaded before import = 0Number of asset objects unloaded after import = 3

========================================================================
Received Import Request.
  Time since last request: 0.000016 seconds.
  path: Assets/Models/GIraffe/10.png
  artifactKey: Guid(893e2afd74a36ce4a88488930cdd7e9a) Importer(2089858483,b0f066a214c2f5e87bad3c948f4d605d)
Start importing Assets/Models/GIraffe/10.png using Guid(893e2afd74a36ce4a88488930cdd7e9a) Importer(2089858483,b0f066a214c2f5e87bad3c948f4d605d) (ScriptedImporter) -> (artifact id: '2ab14b3d729a05b0cd4b64f2aa3e6cef') in 0.0249335 seconds
Number of updated asset objects reloaded before import = 0Number of asset objects unloaded after import = 3

========================================================================
Received Import Request.
  Time since last request: 0.000017 seconds.
  path: Assets/Models/GIraffe/21.png
  artifactKey: Guid(6d4e61be20af87b49a6a1d5674fac807) Importer(2089858483,b0f066a214c2f5e87bad3c948f4d605d)
Start importing Assets/Models/GIraffe/21.png using Guid(6d4e61be20af87b49a6a1d5674fac807) Importer(2089858483,b0f066a214c2f5e87bad3c948f4d605d) (ScriptedImporter) -> (artifact id: '209714c8b8e2e27075c71e8ebd4d98d4') in 0.0237019 seconds
Number of updated asset objects reloaded before import = 0Number of asset objects unloaded after import = 3

========================================================================
Received Import Request.
  Time since last request: 0.000017 seconds.
  path: Assets/FullTiltBoogie/Prefabs/ParticleTrail.prefab
  artifactKey: Guid(bab2f13eaaf31454aafa3d30787c5b15) Importer(2089858483,b0f066a214c2f5e87bad3c948f4d605d)
Start importing Assets/FullTiltBoogie/Prefabs/ParticleTrail.prefab using Guid(bab2f13eaaf31454aafa3d30787c5b15) Importer(2089858483,b0f066a214c2f5e87bad3c948f4d605d) (ScriptedImporter) -> (artifact id: '87b48830f9be754b1e14d6ccc1807c38') in 0.0515643 seconds
Number of updated asset objects reloaded before import = 0Number of asset objects unloaded after import = 6

========================================================================
Received Import Request.
  Time since last request: 0.000018 seconds.
  path: Assets/Models/GIraffe/11.png
  artifactKey: Guid(d038787093c871a4ba2487043af58014) Importer(2089858483,b0f066a214c2f5e87bad3c948f4d605d)
Start importing Assets/Models/GIraffe/11.png using Guid(d038787093c871a4ba2487043af58014) Importer(2089858483,b0f066a214c2f5e87bad3c948f4d605d) (ScriptedImporter) -> (artifact id: '9641bc3de970f8e999dfb4be18e73d63') in 0.0204334 seconds
Number of updated asset objects reloaded before import = 0Number of asset objects unloaded after import = 3

========================================================================
Received Import Request.
  Time since last request: 0.000016 seconds.
  path: Assets/Models/GIraffe/9.png
  artifactKey: Guid(dca7569962a07c849835769f589b5255) Importer(2089858483,b0f066a214c2f5e87bad3c948f4d605d)
Start importing Assets/Models/GIraffe/9.png using Guid(dca7569962a07c849835769f589b5255) Importer(2089858483,b0f066a214c2f5e87bad3c948f4d605d) (ScriptedImporter) -> (artifact id: '2a1d368d92aa66c125667f5204868710') in 0.0219652 seconds
Number of updated asset objects reloaded before import = 0Number of asset objects unloaded after import = 3

========================================================================
Received Import Request.
  Time since last request: 0.000023 seconds.
  path: Assets/Models/GIraffe/7.png
  artifactKey: Guid(7a7c1b18cc767a041a67b5ed5198b7a4) Importer(2089858483,b0f066a214c2f5e87bad3c948f4d605d)
Start importing Assets/Models/GIraffe/7.png using Guid(7a7c1b18cc767a041a67b5ed5198b7a4) Importer(2089858483,b0f066a214c2f5e87bad3c948f4d605d) (ScriptedImporter) -> (artifact id: '0360c4b395c66fbc9d82cdb2aeaa6189') in 0.0191568 seconds
Number of updated asset objects reloaded before import = 0Number of asset objects unloaded after import = 3

========================================================================
Received Import Request.
  Time since last request: 0.000015 seconds.
  path: Assets/FullTiltBoogie/Materials/DustCircle.mat
  artifactKey: Guid(9e5d479eb81bb449eada47cc65734c3a) Importer(2089858483,b0f066a214c2f5e87bad3c948f4d605d)
Start importing Assets/FullTiltBoogie/Materials/DustCircle.mat using Guid(9e5d479eb81bb449eada47cc65734c3a) Importer(2089858483,b0f066a214c2f5e87bad3c948f4d605d) (ScriptedImporter) -> (artifact id: 'b332fc2994d293b6e7a42706c6e67c00') in 0.0197789 seconds
Number of updated asset objects reloaded before import = 0Number of asset objects unloaded after import = 2

========================================================================
Received Import Request.
  Time since last request: 0.000026 seconds.
  path: Assets/Models/GIraffe/17.png
  artifactKey: Guid(848bc25012e8f664193eb0218b9f4f1c) Importer(2089858483,b0f066a214c2f5e87bad3c948f4d605d)
Start importing Assets/Models/GIraffe/17.png using Guid(848bc25012e8f664193eb0218b9f4f1c) Importer(2089858483,b0f066a214c2f5e87bad3c948f4d605d) (ScriptedImporter) -> (artifact id: '69fce95c2a7619c9b643522ce0b632e9') in 0.0212846 seconds
Number of updated asset objects reloaded before import = 0Number of asset objects unloaded after import = 3

========================================================================
Received Import Request.
  Time since last request: 0.000021 seconds.
  path: Assets/FullTiltBoogie/Materials/SmokePuffs1.mat
  artifactKey: Guid(77f3d6625c44647da8e5c503bea7d4c6) Importer(2089858483,b0f066a214c2f5e87bad3c948f4d605d)
Start importing Assets/FullTiltBoogie/Materials/SmokePuffs1.mat using Guid(77f3d6625c44647da8e5c503bea7d4c6) Importer(2089858483,b0f066a214c2f5e87bad3c948f4d605d) (ScriptedImporter) -> (artifact id: '9cfa55afb75bfc6393a30a2cc10f151c') in 0.0223959 seconds
Number of updated asset objects reloaded before import = 0Number of asset objects unloaded after import = 2

========================================================================
Received Import Request.
  Time since last request: 0.000015 seconds.
  path: Assets/FullTiltBoogie/Prefabs/VfxBoomFireworks.prefab
  artifactKey: Guid(f84c9d08380504b3cacfb91e6a345927) Importer(2089858483,b0f066a214c2f5e87bad3c948f4d605d)
Start importing Assets/FullTiltBoogie/Prefabs/VfxBoomFireworks.prefab using Guid(f84c9d08380504b3cacfb91e6a345927) Importer(2089858483,b0f066a214c2f5e87bad3c948f4d605d) (ScriptedImporter) -> (artifact id: 'b8c72a239e06a9602e732f5baab02c35') in 0.0551096 seconds
Number of updated asset objects reloaded before import = 0Number of asset objects unloaded after import = 10

========================================================================
Received Import Request.
  Time since last request: 0.000014 seconds.
  path: Assets/Sprites/Puzzle/round.png
  artifactKey: Guid(f59be862b0205a745be7f6e280808375) Importer(2089858483,b0f066a214c2f5e87bad3c948f4d605d)
Start importing Assets/Sprites/Puzzle/round.png using Guid(f59be862b0205a745be7f6e280808375) Importer(2089858483,b0f066a214c2f5e87bad3c948f4d605d) (ScriptedImporter) -> (artifact id: 'ec81bafeee055b3c52e25037c5f83bb7') in 0.0270128 seconds
Number of updated asset objects reloaded before import = 0Number of asset objects unloaded after import = 3

========================================================================
Received Import Request.
  Time since last request: 0.000016 seconds.
  path: Assets/Prefabs/UI/Size.prefab
  artifactKey: Guid(7a7c02b688f3d8b43bb797c121ca2199) Importer(2089858483,b0f066a214c2f5e87bad3c948f4d605d)
Start importing Assets/Prefabs/UI/Size.prefab using Guid(7a7c02b688f3d8b43bb797c121ca2199) Importer(2089858483,b0f066a214c2f5e87bad3c948f4d605d) (ScriptedImporter) -> (artifact id: '57218cdaef55601bb08fb2172862e6ed') in 0.0708673 seconds
Number of updated asset objects reloaded before import = 0Number of asset objects unloaded after import = 25

========================================================================
Received Import Request.
  Time since last request: 0.000017 seconds.
  path: Assets/UI/Pencils/Green.png
  artifactKey: Guid(238720452399d8c43a60510fa30840bd) Importer(2089858483,b0f066a214c2f5e87bad3c948f4d605d)
Start importing Assets/UI/Pencils/Green.png using Guid(238720452399d8c43a60510fa30840bd) Importer(2089858483,b0f066a214c2f5e87bad3c948f4d605d) (ScriptedImporter) -> (artifact id: '062946b5d5e8e0f7475c683e8edc554f') in 0.0316392 seconds
Number of updated asset objects reloaded before import = 0Number of asset objects unloaded after import = 3

========================================================================
Received Import Request.
  Time since last request: 0.000024 seconds.
  path: Assets/UI/Pencils/Eraser.png
  artifactKey: Guid(9e1521f797ddd944381a0ce312a3df76) Importer(2089858483,b0f066a214c2f5e87bad3c948f4d605d)
Start importing Assets/UI/Pencils/Eraser.png using Guid(9e1521f797ddd944381a0ce312a3df76) Importer(2089858483,b0f066a214c2f5e87bad3c948f4d605d) (ScriptedImporter) -> (artifact id: 'd628d91a96b7496b1cac2f2e2863e8e1') in 0.0247919 seconds
Number of updated asset objects reloaded before import = 0Number of asset objects unloaded after import = 3

========================================================================
Received Import Request.
  Time since last request: 0.000026 seconds.
  path: Assets/Sprites/The Swineherd/S3.psd
  artifactKey: Guid(cbd58c1e8e034444e859217e61af7032) Importer(2089858483,b0f066a214c2f5e87bad3c948f4d605d)
Start importing Assets/Sprites/The Swineherd/S3.psd using Guid(cbd58c1e8e034444e859217e61af7032) Importer(2089858483,b0f066a214c2f5e87bad3c948f4d605d) (ScriptedImporter) -> (artifact id: 'b9d9178e1260e34b79ac6f16d5e4a56d') in 0.0301456 seconds
Number of updated asset objects reloaded before import = 0Number of asset objects unloaded after import = 3

========================================================================
Received Import Request.
  Time since last request: 0.000018 seconds.
  path: Assets/Models/Motyl/10.png
  artifactKey: Guid(7b56ef2fd3590b746aa6fac43353ca79) Importer(2089858483,b0f066a214c2f5e87bad3c948f4d605d)
Start importing Assets/Models/Motyl/10.png using Guid(7b56ef2fd3590b746aa6fac43353ca79) Importer(2089858483,b0f066a214c2f5e87bad3c948f4d605d) (ScriptedImporter) -> (artifact id: 'ee7faefdd7891ba27c0363af30582856') in 0.0291629 seconds
Number of updated asset objects reloaded before import = 0Number of asset objects unloaded after import = 3

========================================================================
Received Import Request.
  Time since last request: 0.000015 seconds.
  path: Assets/FreeButtonSet/Textures/buttons/button_200.png
  artifactKey: Guid(c5674c6305843a046beddbb645e3259c) Importer(2089858483,b0f066a214c2f5e87bad3c948f4d605d)
Start importing Assets/FreeButtonSet/Textures/buttons/button_200.png using Guid(c5674c6305843a046beddbb645e3259c) Importer(2089858483,b0f066a214c2f5e87bad3c948f4d605d) (ScriptedImporter) -> (artifact id: '8630dba0aaf961dc3213f3be0e706260') in 0.0236248 seconds
Number of updated asset objects reloaded before import = 0Number of asset objects unloaded after import = 3

========================================================================
Received Import Request.
  Time since last request: 0.000019 seconds.
  path: Assets/Prefabs/UI/MainMenuUI.prefab
  artifactKey: Guid(d7e150037671f8e4aac667eea521a981) Importer(2089858483,b0f066a214c2f5e87bad3c948f4d605d)
Start importing Assets/Prefabs/UI/MainMenuUI.prefab using Guid(d7e150037671f8e4aac667eea521a981) Importer(2089858483,b0f066a214c2f5e87bad3c948f4d605d) (ScriptedImporter) -> (artifact id: '29cba426c6ee520d305b684a7f433f74') in 0.0529318 seconds
Number of updated asset objects reloaded before import = 0Number of asset objects unloaded after import = 193

========================================================================
Received Import Request.
  Time since last request: 0.000015 seconds.
  path: Assets/Models/GIraffe/27.png
  artifactKey: Guid(904738cfd14e74f43b65d26edb3dc253) Importer(2089858483,b0f066a214c2f5e87bad3c948f4d605d)
Start importing Assets/Models/GIraffe/27.png using Guid(904738cfd14e74f43b65d26edb3dc253) Importer(2089858483,b0f066a214c2f5e87bad3c948f4d605d) (ScriptedImporter) -> (artifact id: '74a837721a98941024073625e5548f8a') in 0.0214184 seconds
Number of updated asset objects reloaded before import = 0Number of asset objects unloaded after import = 3

========================================================================
Received Import Request.
  Time since last request: 0.000015 seconds.
  path: Assets/Sprites/Puzzle/trojkat.png
  artifactKey: Guid(4b0840a93d773334ca7aecf0c40a27c5) Importer(2089858483,b0f066a214c2f5e87bad3c948f4d605d)
Start importing Assets/Sprites/Puzzle/trojkat.png using Guid(4b0840a93d773334ca7aecf0c40a27c5) Importer(2089858483,b0f066a214c2f5e87bad3c948f4d605d) (ScriptedImporter) -> (artifact id: '0d440219e33a3695cb504e9b20aaa9bf') in 0.0252854 seconds
Number of updated asset objects reloaded before import = 0Number of asset objects unloaded after import = 3

========================================================================
Received Import Request.
  Time since last request: 0.000017 seconds.
  path: Assets/FullTiltBoogie/Prefabs/VfxStarsFourPointsColor.prefab
  artifactKey: Guid(27c09fea11be34b148f96c4e2b673aa3) Importer(2089858483,b0f066a214c2f5e87bad3c948f4d605d)
Start importing Assets/FullTiltBoogie/Prefabs/VfxStarsFourPointsColor.prefab using Guid(27c09fea11be34b148f96c4e2b673aa3) Importer(2089858483,b0f066a214c2f5e87bad3c948f4d605d) (ScriptedImporter) -> (artifact id: '0490de959ba61a4e3ccb7fa3faaf99a6') in 0.0597151 seconds
Number of updated asset objects reloaded before import = 0Number of asset objects unloaded after import = 10

========================================================================
Received Import Request.
  Time since last request: 0.000019 seconds.
  path: Assets/Models/GIraffe/32.png
  artifactKey: Guid(1391938a226efd946889620ab83c1d2c) Importer(2089858483,b0f066a214c2f5e87bad3c948f4d605d)
Start importing Assets/Models/GIraffe/32.png using Guid(1391938a226efd946889620ab83c1d2c) Importer(2089858483,b0f066a214c2f5e87bad3c948f4d605d) (ScriptedImporter) -> (artifact id: 'a3c09478e74b4f0c420b7a17d6451742') in 0.0207125 seconds
Number of updated asset objects reloaded before import = 0Number of asset objects unloaded after import = 3

========================================================================
Received Import Request.
  Time since last request: 0.000025 seconds.
  path: Assets/Models/Misiu/24.png
  artifactKey: Guid(ad4f2d9f88ce02e4eba08a397010a55b) Importer(2089858483,b0f066a214c2f5e87bad3c948f4d605d)
Start importing Assets/Models/Misiu/24.png using Guid(ad4f2d9f88ce02e4eba08a397010a55b) Importer(2089858483,b0f066a214c2f5e87bad3c948f4d605d) (ScriptedImporter) -> (artifact id: 'a35b70d0312dc2776ca1fdcc20b72cea') in 0.024422 seconds
Number of updated asset objects reloaded before import = 0Number of asset objects unloaded after import = 3

========================================================================
Received Import Request.
  Time since last request: 0.000014 seconds.
  path: Assets/Models/GIraffe/giraffe.prefab
  artifactKey: Guid(c391a116e37dae447815a795a8d287c6) Importer(2089858483,b0f066a214c2f5e87bad3c948f4d605d)
Start importing Assets/Models/GIraffe/giraffe.prefab using Guid(c391a116e37dae447815a795a8d287c6) Importer(2089858483,b0f066a214c2f5e87bad3c948f4d605d) (ScriptedImporter) -> (artifact id: 'a74b630fb970a18ceefd6eaed000cd8c') in 0.0430521 seconds
Number of updated asset objects reloaded before import = 0Number of asset objects unloaded after import = 201

========================================================================
Received Import Request.
  Time since last request: 0.000015 seconds.
  path: Assets/Plugins/NativeGallery/NativeGallery.cs
  artifactKey: Guid(ce1403606c3629046a0147d3e705f7cc) Importer(2089858483,b0f066a214c2f5e87bad3c948f4d605d)
Start importing Assets/Plugins/NativeGallery/NativeGallery.cs using Guid(ce1403606c3629046a0147d3e705f7cc) Importer(2089858483,b0f066a214c2f5e87bad3c948f4d605d) (ScriptedImporter) -> (artifact id: 'fa6a94c3d3bca54af531ba11c8351208') in 0.0114915 seconds
Number of updated asset objects reloaded before import = 0Number of asset objects unloaded after import = 0

========================================================================
Received Import Request.
  Time since last request: 0.000063 seconds.
  path: Assets/Models/Misiu/40.png
  artifactKey: Guid(da3535230194d5e4abd01d5f9469c535) Importer(2089858483,b0f066a214c2f5e87bad3c948f4d605d)
Start importing Assets/Models/Misiu/40.png using Guid(da3535230194d5e4abd01d5f9469c535) Importer(2089858483,b0f066a214c2f5e87bad3c948f4d605d) (ScriptedImporter) -> (artifact id: 'd6785de7e9162e1e45ec4410b5b02940') in 0.0217381 seconds
Number of updated asset objects reloaded before import = 0Number of asset objects unloaded after import = 3

========================================================================
Received Import Request.
  Time since last request: 0.000016 seconds.
  path: Assets/FullTiltBoogie/Materials/Textures/pent.png
  artifactKey: Guid(bd70a7868204946509a58e70e0ea6780) Importer(2089858483,b0f066a214c2f5e87bad3c948f4d605d)
Start importing Assets/FullTiltBoogie/Materials/Textures/pent.png using Guid(bd70a7868204946509a58e70e0ea6780) Importer(2089858483,b0f066a214c2f5e87bad3c948f4d605d) (ScriptedImporter) -> (artifact id: '6f5ac914f5fe3aecb12ac37801dfdd61') in 0.0385345 seconds
Number of updated asset objects reloaded before import = 0Number of asset objects unloaded after import = 1

========================================================================
Received Import Request.
  Time since last request: 0.000021 seconds.
  path: Assets/FullTiltBoogie/Materials/Textures/starFourPoints.png
  artifactKey: Guid(e065d4d62f18f4749aae310f0476855d) Importer(2089858483,b0f066a214c2f5e87bad3c948f4d605d)
Start importing Assets/FullTiltBoogie/Materials/Textures/starFourPoints.png using Guid(e065d4d62f18f4749aae310f0476855d) Importer(2089858483,b0f066a214c2f5e87bad3c948f4d605d) (ScriptedImporter) -> (artifact id: 'e3b91b5b510dc3802e81b46e4e2d2c22') in 0.0334583 seconds
Number of updated asset objects reloaded before import = 0Number of asset objects unloaded after import = 1

========================================================================
Received Import Request.
  Time since last request: 0.000018 seconds.
  path: Assets/FullTiltBoogie/Materials/Textures/bolts-spritesheet-1x6.png
  artifactKey: Guid(8aa4cd64adc624dc38bf04c423165aaa) Importer(2089858483,b0f066a214c2f5e87bad3c948f4d605d)
Start importing Assets/FullTiltBoogie/Materials/Textures/bolts-spritesheet-1x6.png using Guid(8aa4cd64adc624dc38bf04c423165aaa) Importer(2089858483,b0f066a214c2f5e87bad3c948f4d605d) (ScriptedImporter) -> (artifact id: 'c0d7eb70ec57ce56fbee36683367ad02') in 0.0299572 seconds
Number of updated asset objects reloaded before import = 0Number of asset objects unloaded after import = 1

========================================================================
Received Import Request.
  Time since last request: 0.000144 seconds.
  path: Assets/FreeButtonSet/Textures/icons/128x128/arrow_left.png
  artifactKey: Guid(d31115fa9cb67004b96bc76f48802b9f) Importer(2089858483,b0f066a214c2f5e87bad3c948f4d605d)
Start importing Assets/FreeButtonSet/Textures/icons/128x128/arrow_left.png using Guid(d31115fa9cb67004b96bc76f48802b9f) Importer(2089858483,b0f066a214c2f5e87bad3c948f4d605d) (ScriptedImporter) -> (artifact id: '078692f14885c536512ad42bdd3a7ac7') in 0.0257463 seconds
Number of updated asset objects reloaded before import = 0Number of asset objects unloaded after import = 3

========================================================================
Received Import Request.
  Time since last request: 0.000086 seconds.
  path: Assets/FullTiltBoogie/Prefabs/VfxBrightSparks.prefab
  artifactKey: Guid(2a16ccf2b8a7d4b64a6db61ab16a891f) Importer(2089858483,b0f066a214c2f5e87bad3c948f4d605d)
Start importing Assets/FullTiltBoogie/Prefabs/VfxBrightSparks.prefab using Guid(2a16ccf2b8a7d4b64a6db61ab16a891f) Importer(2089858483,b0f066a214c2f5e87bad3c948f4d605d) (ScriptedImporter) -> (artifact id: '9ac806d900865e01f16f5c1a393de393') in 0.1037792 seconds
Number of updated asset objects reloaded before import = 0Number of asset objects unloaded after import = 6

========================================================================
Received Import Request.
  Time since last request: 0.000016 seconds.
  path: Assets/Models/GIraffe/6.png
  artifactKey: Guid(6a0e6511950c87442bd406b5f2842367) Importer(2089858483,b0f066a214c2f5e87bad3c948f4d605d)
Start importing Assets/Models/GIraffe/6.png using Guid(6a0e6511950c87442bd406b5f2842367) Importer(2089858483,b0f066a214c2f5e87bad3c948f4d605d) (ScriptedImporter) -> (artifact id: 'd5284e20b45c4e0ba98caa97d3a37b70') in 0.0244668 seconds
Number of updated asset objects reloaded before import = 0Number of asset objects unloaded after import = 3

========================================================================
Received Import Request.
  Time since last request: 0.000018 seconds.
  path: Assets/FreeButtonSet/Textures/controls/universal_panel_40.png
  artifactKey: Guid(8174901dff2facb4583e976f866ae424) Importer(2089858483,b0f066a214c2f5e87bad3c948f4d605d)
Start importing Assets/FreeButtonSet/Textures/controls/universal_panel_40.png using Guid(8174901dff2facb4583e976f866ae424) Importer(2089858483,b0f066a214c2f5e87bad3c948f4d605d) (ScriptedImporter) -> (artifact id: 'c9c2f84c0d2c60f434435241785604c3') in 0.0280711 seconds
Number of updated asset objects reloaded before import = 0Number of asset objects unloaded after import = 3

========================================================================
Received Import Request.
  Time since last request: 0.000018 seconds.
  path: Assets/Models/Misiu/mis.prefab
  artifactKey: Guid(77ac26be68f06794dacbf0718ec46a6b) Importer(2089858483,b0f066a214c2f5e87bad3c948f4d605d)
Start importing Assets/Models/Misiu/mis.prefab using Guid(77ac26be68f06794dacbf0718ec46a6b) Importer(2089858483,b0f066a214c2f5e87bad3c948f4d605d) (ScriptedImporter) -> (artifact id: 'fa3f36643e84bf0a5507a6fb77c3d3d8') in 0.0562018 seconds
Number of updated asset objects reloaded before import = 0Number of asset objects unloaded after import = 255

========================================================================
Received Import Request.
  Time since last request: 0.000021 seconds.
  path: Assets/FullTiltBoogie/Materials/Textures/bolt.png
  artifactKey: Guid(eb9389f4f4f9747529a09efc84cc85d5) Importer(2089858483,b0f066a214c2f5e87bad3c948f4d605d)
Start importing Assets/FullTiltBoogie/Materials/Textures/bolt.png using Guid(eb9389f4f4f9747529a09efc84cc85d5) Importer(2089858483,b0f066a214c2f5e87bad3c948f4d605d) (ScriptedImporter) -> (artifact id: '1314bd947460ab59d0e8181745a84e0d') in 0.0315423 seconds
Number of updated asset objects reloaded before import = 0Number of asset objects unloaded after import = 1

========================================================================
Received Import Request.
  Time since last request: 0.000030 seconds.
  path: Assets/FullTiltBoogie/Materials/Textures/starThick.png
  artifactKey: Guid(f9025d7d9bafc4120aa4d78245556f61) Importer(2089858483,b0f066a214c2f5e87bad3c948f4d605d)
Start importing Assets/FullTiltBoogie/Materials/Textures/starThick.png using Guid(f9025d7d9bafc4120aa4d78245556f61) Importer(2089858483,b0f066a214c2f5e87bad3c948f4d605d) (ScriptedImporter) -> (artifact id: '84a278edc531eeba5bdbdb6187cda509') in 0.0293668 seconds
Number of updated asset objects reloaded before import = 0Number of asset objects unloaded after import = 1

========================================================================
Received Import Request.
  Time since last request: 0.000027 seconds.
  path: Assets/Models/Misiu/22.png
  artifactKey: Guid(2a170d70818c37c42ae80602dcc023d9) Importer(2089858483,b0f066a214c2f5e87bad3c948f4d605d)
Start importing Assets/Models/Misiu/22.png using Guid(2a170d70818c37c42ae80602dcc023d9) Importer(2089858483,b0f066a214c2f5e87bad3c948f4d605d) (ScriptedImporter) -> (artifact id: 'aab90e4078e10463254a64a87d7eeea5') in 0.0247486 seconds
Number of updated asset objects reloaded before import = 0Number of asset objects unloaded after import = 3

========================================================================
Received Import Request.
  Time since last request: 0.000016 seconds.
  path: Assets/FullTiltBoogie/Materials/Star4Points.mat
  artifactKey: Guid(f1aeb8687f38547958241cf8c252e7d2) Importer(2089858483,b0f066a214c2f5e87bad3c948f4d605d)
Start importing Assets/FullTiltBoogie/Materials/Star4Points.mat using Guid(f1aeb8687f38547958241cf8c252e7d2) Importer(2089858483,b0f066a214c2f5e87bad3c948f4d605d) (ScriptedImporter) -> (artifact id: '5886486d815db3a2a0bf8e288c88870e') in 0.020166 seconds
Number of updated asset objects reloaded before import = 0Number of asset objects unloaded after import = 2

========================================================================
Received Import Request.
  Time since last request: 0.000017 seconds.
  path: Assets/FullTiltBoogie/Prefabs/VfxParticleBokeh2.prefab
  artifactKey: Guid(b4eba8cf0176141a59205670e3828ce7) Importer(2089858483,b0f066a214c2f5e87bad3c948f4d605d)
Start importing Assets/FullTiltBoogie/Prefabs/VfxParticleBokeh2.prefab using Guid(b4eba8cf0176141a59205670e3828ce7) Importer(2089858483,b0f066a214c2f5e87bad3c948f4d605d) (ScriptedImporter) -> (artifact id: 'c9e3ac8f221d13c3e59b4e176f62c541') in 0.0563267 seconds
Number of updated asset objects reloaded before import = 0Number of asset objects unloaded after import = 6

========================================================================
Received Import Request.
  Time since last request: 0.000015 seconds.
  path: Assets/FreeButtonSet/Textures/icons/32x32/settings.png
  artifactKey: Guid(3d29037700e86324989943cee8d473db) Importer(2089858483,b0f066a214c2f5e87bad3c948f4d605d)
Start importing Assets/FreeButtonSet/Textures/icons/32x32/settings.png using Guid(3d29037700e86324989943cee8d473db) Importer(2089858483,b0f066a214c2f5e87bad3c948f4d605d) (ScriptedImporter) -> (artifact id: '6edc20b2d6629492968629e27ed2055a') in 0.0239845 seconds
Number of updated asset objects reloaded before import = 0Number of asset objects unloaded after import = 3

========================================================================
Received Import Request.
  Time since last request: 0.000016 seconds.
  path: Assets/FreeButtonSet/Textures/icons/256x256/share.png
  artifactKey: Guid(f241ab6632e1cb04698e1686dcdb8981) Importer(2089858483,b0f066a214c2f5e87bad3c948f4d605d)
Start importing Assets/FreeButtonSet/Textures/icons/256x256/share.png using Guid(f241ab6632e1cb04698e1686dcdb8981) Importer(2089858483,b0f066a214c2f5e87bad3c948f4d605d) (ScriptedImporter) -> (artifact id: '8473b06198e990a1af5bb7a40246c5d6') in 0.0244744 seconds
Number of updated asset objects reloaded before import = 0Number of asset objects unloaded after import = 3

========================================================================
Received Import Request.
  Time since last request: 0.000016 seconds.
  path: Assets/FreeButtonSet/Textures/icons/32x32/heart.png
  artifactKey: Guid(387454f6cd7cc5047bc289d606b175b3) Importer(2089858483,b0f066a214c2f5e87bad3c948f4d605d)
Start importing Assets/FreeButtonSet/Textures/icons/32x32/heart.png using Guid(387454f6cd7cc5047bc289d606b175b3) Importer(2089858483,b0f066a214c2f5e87bad3c948f4d605d) (ScriptedImporter) -> (artifact id: 'e2771bcc1a68a6a473cf6c20d65ac884') in 0.0215852 seconds
Number of updated asset objects reloaded before import = 0Number of asset objects unloaded after import = 3

========================================================================
Received Import Request.
  Time since last request: 0.000018 seconds.
  path: Assets/FreeButtonSet/Textures/icons/32x32/arrow_down.png
  artifactKey: Guid(ca6ff084116929e41a747403f15f808e) Importer(2089858483,b0f066a214c2f5e87bad3c948f4d605d)
Start importing Assets/FreeButtonSet/Textures/icons/32x32/arrow_down.png using Guid(ca6ff084116929e41a747403f15f808e) Importer(2089858483,b0f066a214c2f5e87bad3c948f4d605d) (ScriptedImporter) -> (artifact id: 'b83f11c9cedf97961f635e77c4fc6159') in 0.0204185 seconds
Number of updated asset objects reloaded before import = 0Number of asset objects unloaded after import = 3

========================================================================
Received Import Request.
  Time since last request: 0.000023 seconds.
  path: Assets/FreeButtonSet/Textures/icons/256x256/repeat.png
  artifactKey: Guid(477e16ce3d75d124c8bd76f95fa08730) Importer(2089858483,b0f066a214c2f5e87bad3c948f4d605d)
Start importing Assets/FreeButtonSet/Textures/icons/256x256/repeat.png using Guid(477e16ce3d75d124c8bd76f95fa08730) Importer(2089858483,b0f066a214c2f5e87bad3c948f4d605d) (ScriptedImporter) -> (artifact id: 'fb2680868f0b7baf36d5bf94f6002736') in 0.024424 seconds
Number of updated asset objects reloaded before import = 0Number of asset objects unloaded after import = 3

========================================================================
Received Import Request.
  Time since last request: 0.000016 seconds.
  path: Assets/FreeButtonSet/Textures/icons/128x128/plus.png
  artifactKey: Guid(c1d5c0c9c2ed348448cf389548c36f28) Importer(2089858483,b0f066a214c2f5e87bad3c948f4d605d)
Start importing Assets/FreeButtonSet/Textures/icons/128x128/plus.png using Guid(c1d5c0c9c2ed348448cf389548c36f28) Importer(2089858483,b0f066a214c2f5e87bad3c948f4d605d) (ScriptedImporter) -> (artifact id: '313f977b1b1cb6fe576709a20a5e7492') in 0.0213277 seconds
Number of updated asset objects reloaded before import = 0Number of asset objects unloaded after import = 3

========================================================================
Received Import Request.
  Time since last request: 0.000018 seconds.
  path: Assets/FreeButtonSet/Textures/icons/256x256/arrow_right.png
  artifactKey: Guid(841ae3188ba4d9746ba4f4ed86597a98) Importer(2089858483,b0f066a214c2f5e87bad3c948f4d605d)
Start importing Assets/FreeButtonSet/Textures/icons/256x256/arrow_right.png using Guid(841ae3188ba4d9746ba4f4ed86597a98) Importer(2089858483,b0f066a214c2f5e87bad3c948f4d605d) (ScriptedImporter) -> (artifact id: 'c04750201901c4a77a7cfeb2c581b041') in 0.0266929 seconds
Number of updated asset objects reloaded before import = 0Number of asset objects unloaded after import = 3

========================================================================
Received Import Request.
  Time since last request: 0.000017 seconds.
  path: Assets/Scripts/Letters/UILetter.cs
  artifactKey: Guid(b1335cd4f68e4619acafa4ac90041d12) Importer(2089858483,b0f066a214c2f5e87bad3c948f4d605d)
Start importing Assets/Scripts/Letters/UILetter.cs using Guid(b1335cd4f68e4619acafa4ac90041d12) Importer(2089858483,b0f066a214c2f5e87bad3c948f4d605d) (ScriptedImporter) -> (artifact id: 'a1378a5766050a7cf87e75d895d7adcb') in 0.0136832 seconds
Number of updated asset objects reloaded before import = 0Number of asset objects unloaded after import = 0

========================================================================
Received Import Request.
  Time since last request: 0.000080 seconds.
  path: Assets/Models/GIraffe/25.png
  artifactKey: Guid(602d7801db3fae04ebf187d79aaee4b3) Importer(2089858483,b0f066a214c2f5e87bad3c948f4d605d)
Start importing Assets/Models/GIraffe/25.png using Guid(602d7801db3fae04ebf187d79aaee4b3) Importer(2089858483,b0f066a214c2f5e87bad3c948f4d605d) (ScriptedImporter) -> (artifact id: 'cb1dd359ae14b420d8c08128e65b96e6') in 0.0275684 seconds
Number of updated asset objects reloaded before import = 0Number of asset objects unloaded after import = 3

========================================================================
Received Import Request.
  Time since last request: 0.000017 seconds.
  path: Assets/FreeButtonSet/Textures/icons/32x32/minus.png
  artifactKey: Guid(a13a11ae513fbe544ad52acf42a1eaa0) Importer(2089858483,b0f066a214c2f5e87bad3c948f4d605d)
Start importing Assets/FreeButtonSet/Textures/icons/32x32/minus.png using Guid(a13a11ae513fbe544ad52acf42a1eaa0) Importer(2089858483,b0f066a214c2f5e87bad3c948f4d605d) (ScriptedImporter) -> (artifact id: 'f2fa39eb3ed7d834e2c846abcaea3ea5') in 0.0242381 seconds
Number of updated asset objects reloaded before import = 0Number of asset objects unloaded after import = 3

========================================================================
Received Import Request.
  Time since last request: 0.000015 seconds.
  path: Assets/FreeButtonSet/Textures/icons/256x256/help.png
  artifactKey: Guid(a1d9cb3eb505c114d8fa17fcbaeb157c) Importer(2089858483,b0f066a214c2f5e87bad3c948f4d605d)
Start importing Assets/FreeButtonSet/Textures/icons/256x256/help.png using Guid(a1d9cb3eb505c114d8fa17fcbaeb157c) Importer(2089858483,b0f066a214c2f5e87bad3c948f4d605d) (ScriptedImporter) -> (artifact id: '2e4635c8b905130e3615b95f9b9b7b89') in 0.0284341 seconds
Number of updated asset objects reloaded before import = 0Number of asset objects unloaded after import = 3

========================================================================
Received Import Request.
  Time since last request: 0.000016 seconds.
  path: Assets/Models/Misiu/30.png
  artifactKey: Guid(c7ab35949e4c1d64d8d4ca0abe1c9ba7) Importer(2089858483,b0f066a214c2f5e87bad3c948f4d605d)
Start importing Assets/Models/Misiu/30.png using Guid(c7ab35949e4c1d64d8d4ca0abe1c9ba7) Importer(2089858483,b0f066a214c2f5e87bad3c948f4d605d) (ScriptedImporter) -> (artifact id: '6a5192d0b0b40cec1eee96487fa35ba7') in 0.0279423 seconds
Number of updated asset objects reloaded before import = 0Number of asset objects unloaded after import = 3

========================================================================
Received Import Request.
  Time since last request: 0.000018 seconds.
  path: Assets/FullTiltBoogie/Materials/SmokePuffs3.mat
  artifactKey: Guid(0e614e05d1c7a4bcdbbe24547504eeb9) Importer(2089858483,b0f066a214c2f5e87bad3c948f4d605d)
Start importing Assets/FullTiltBoogie/Materials/SmokePuffs3.mat using Guid(0e614e05d1c7a4bcdbbe24547504eeb9) Importer(2089858483,b0f066a214c2f5e87bad3c948f4d605d) (ScriptedImporter) -> (artifact id: '0ae7e351eb9e3616b976c798dcc7502c') in 0.0185025 seconds
Number of updated asset objects reloaded before import = 0Number of asset objects unloaded after import = 2

========================================================================
Received Import Request.
  Time since last request: 0.000017 seconds.
  path: Assets/Models/Misiu/28.png
  artifactKey: Guid(e4e335e66b70de243a0e31eae741fea1) Importer(2089858483,b0f066a214c2f5e87bad3c948f4d605d)
Start importing Assets/Models/Misiu/28.png using Guid(e4e335e66b70de243a0e31eae741fea1) Importer(2089858483,b0f066a214c2f5e87bad3c948f4d605d) (ScriptedImporter) -> (artifact id: 'c436cf4d9fa85ed52058edccebe12648') in 0.0231121 seconds
Number of updated asset objects reloaded before import = 0Number of asset objects unloaded after import = 3

========================================================================
Received Import Request.
  Time since last request: 0.000029 seconds.
  path: Assets/FreeButtonSet/Textures/controls/slider_handle.png
  artifactKey: Guid(7bb453e60457740498a4615f241fd210) Importer(2089858483,b0f066a214c2f5e87bad3c948f4d605d)
Start importing Assets/FreeButtonSet/Textures/controls/slider_handle.png using Guid(7bb453e60457740498a4615f241fd210) Importer(2089858483,b0f066a214c2f5e87bad3c948f4d605d) (ScriptedImporter) -> (artifact id: '6abc5e86b87b5c8be8d6c3f2328f9d9c') in 0.020595 seconds
Number of updated asset objects reloaded before import = 0Number of asset objects unloaded after import = 3

========================================================================
Received Import Request.
  Time since last request: 0.000020 seconds.
  path: Assets/FreeButtonSet/Textures/icons/256x256/checkmark.png
  artifactKey: Guid(9cd6991b040b7fb40808e500b041d545) Importer(2089858483,b0f066a214c2f5e87bad3c948f4d605d)
Start importing Assets/FreeButtonSet/Textures/icons/256x256/checkmark.png using Guid(9cd6991b040b7fb40808e500b041d545) Importer(2089858483,b0f066a214c2f5e87bad3c948f4d605d) (ScriptedImporter) -> (artifact id: '357d281170a2e9e0df3198f15f757085') in 0.0221616 seconds
Number of updated asset objects reloaded before import = 0Number of asset objects unloaded after import = 3

========================================================================
Received Import Request.
  Time since last request: 0.000015 seconds.
  path: Assets/FullTiltBoogie/Materials/Textures/smokepuff1.png
  artifactKey: Guid(9d7bb81a87e8f4af0b7b243dd6610655) Importer(2089858483,b0f066a214c2f5e87bad3c948f4d605d)
Start importing Assets/FullTiltBoogie/Materials/Textures/smokepuff1.png using Guid(9d7bb81a87e8f4af0b7b243dd6610655) Importer(2089858483,b0f066a214c2f5e87bad3c948f4d605d) (ScriptedImporter) -> (artifact id: 'ce2bee4d0fa1b8e1435dc4d55c0e5950') in 0.0268089 seconds
Number of updated asset objects reloaded before import = 0Number of asset objects unloaded after import = 1

========================================================================
Received Import Request.
  Time since last request: 0.000040 seconds.
  path: Assets/Plugins/NativeGallery/iOS/NativeGallery.mm
  artifactKey: Guid(953e0b740eb03144883db35f72cad8a6) Importer(2089858483,b0f066a214c2f5e87bad3c948f4d605d)
Start importing Assets/Plugins/NativeGallery/iOS/NativeGallery.mm using Guid(953e0b740eb03144883db35f72cad8a6) Importer(2089858483,b0f066a214c2f5e87bad3c948f4d605d) (ScriptedImporter) -> (artifact id: 'f8390d8e87da4b9cfce232b09060a4ee') in 0.0128812 seconds
Number of updated asset objects reloaded before import = 0Number of asset objects unloaded after import = 0

========================================================================
Received Import Request.
  Time since last request: 0.000032 seconds.
  path: Assets/Plugins/NativeGallery/Android/NativeGallery.jar
  artifactKey: Guid(8ed2b1cd685da484194ba437e57d1e49) Importer(2089858483,b0f066a214c2f5e87bad3c948f4d605d)
Start importing Assets/Plugins/NativeGallery/Android/NativeGallery.jar using Guid(8ed2b1cd685da484194ba437e57d1e49) Importer(2089858483,b0f066a214c2f5e87bad3c948f4d605d) (ScriptedImporter) -> (artifact id: '673ef2028bf2b881a0a5de41c8f58e14') in 0.0121969 seconds
Number of updated asset objects reloaded before import = 0Number of asset objects unloaded after import = 0

========================================================================
Received Import Request.
  Time since last request: 0.000070 seconds.
  path: Assets/FreeButtonSet/Textures/buttons/button_round_130.png
  artifactKey: Guid(0dcdf5b7debd4ba4492217e4975c965e) Importer(2089858483,b0f066a214c2f5e87bad3c948f4d605d)
Start importing Assets/FreeButtonSet/Textures/buttons/button_round_130.png using Guid(0dcdf5b7debd4ba4492217e4975c965e) Importer(2089858483,b0f066a214c2f5e87bad3c948f4d605d) (ScriptedImporter) -> (artifact id: 'a60b0def1315755c1c3853a44177bfd7') in 0.0260756 seconds
Number of updated asset objects reloaded before import = 0Number of asset objects unloaded after import = 3

========================================================================
Received Import Request.
  Time since last request: 0.000015 seconds.
  path: Assets/FreeButtonSet/Textures/icons/128x128/play.png
  artifactKey: Guid(adf19f966e0379040bb823cbe5375f3f) Importer(2089858483,b0f066a214c2f5e87bad3c948f4d605d)
Start importing Assets/FreeButtonSet/Textures/icons/128x128/play.png using Guid(adf19f966e0379040bb823cbe5375f3f) Importer(2089858483,b0f066a214c2f5e87bad3c948f4d605d) (ScriptedImporter) -> (artifact id: '08acb50d2292090eb1148f1fd6f8226d') in 0.0240866 seconds
Number of updated asset objects reloaded before import = 0Number of asset objects unloaded after import = 3

========================================================================
Received Import Request.
  Time since last request: 0.000014 seconds.
  path: Assets/FreeButtonSet/Textures/icons/128x128/x.png
  artifactKey: Guid(321dfcc1c12d7cf42b0037754b1cdf9b) Importer(2089858483,b0f066a214c2f5e87bad3c948f4d605d)
Start importing Assets/FreeButtonSet/Textures/icons/128x128/x.png using Guid(321dfcc1c12d7cf42b0037754b1cdf9b) Importer(2089858483,b0f066a214c2f5e87bad3c948f4d605d) (ScriptedImporter) -> (artifact id: '6cd481401e96dc892521e8dfa644b9b9') in 0.0211516 seconds
Number of updated asset objects reloaded before import = 0Number of asset objects unloaded after import = 3

========================================================================
Received Import Request.
  Time since last request: 0.000017 seconds.
  path: Assets/Samples/Shader Graph/7.1.8/Procedural Patterns/Dots.ShaderSubGraph
  artifactKey: Guid(c5c7000f861f300458b9a07bbecac164) Importer(2089858483,b0f066a214c2f5e87bad3c948f4d605d)
Start importing Assets/Samples/Shader Graph/7.1.8/Procedural Patterns/Dots.ShaderSubGraph using Guid(c5c7000f861f300458b9a07bbecac164) Importer(2089858483,b0f066a214c2f5e87bad3c948f4d605d) (ScriptedImporter) -> (artifact id: '1ee4f354a638d3aea2444261c599d378') in 0.0111805 seconds
Number of updated asset objects reloaded before import = 0Number of asset objects unloaded after import = 1

========================================================================
Received Import Request.
  Time since last request: 0.000043 seconds.
  path: Assets/FreeButtonSet/Textures/icons/64x64/share.png
  artifactKey: Guid(3f6cfdbb06013874db300a068be370b0) Importer(2089858483,b0f066a214c2f5e87bad3c948f4d605d)
Start importing Assets/FreeButtonSet/Textures/icons/64x64/share.png using Guid(3f6cfdbb06013874db300a068be370b0) Importer(2089858483,b0f066a214c2f5e87bad3c948f4d605d) (ScriptedImporter) -> (artifact id: 'e6607ad5ffe5325f5922762e84f8ec15') in 0.0228967 seconds
Number of updated asset objects reloaded before import = 0Number of asset objects unloaded after import = 3

========================================================================
Received Import Request.
  Time since last request: 0.000047 seconds.
  path: Assets/Samples/Shader Graph/7.1.8/Procedural Patterns/Grid.ShaderSubGraph
  artifactKey: Guid(f2ff61a18444547458ea8849584f6bec) Importer(2089858483,b0f066a214c2f5e87bad3c948f4d605d)
Start importing Assets/Samples/Shader Graph/7.1.8/Procedural Patterns/Grid.ShaderSubGraph using Guid(f2ff61a18444547458ea8849584f6bec) Importer(2089858483,b0f066a214c2f5e87bad3c948f4d605d) (ScriptedImporter) -> (artifact id: '7534d927c3ce3bd5e7c5876cd7994f04') in 0.0096769 seconds
Number of updated asset objects reloaded before import = 0Number of asset objects unloaded after import = 1

========================================================================
Received Import Request.
  Time since last request: 0.000028 seconds.
  path: Assets/FreeButtonSet/Textures/icons/32x32/star.png
  artifactKey: Guid(12451ffac05266542a4ec30187af9b6b) Importer(2089858483,b0f066a214c2f5e87bad3c948f4d605d)
Start importing Assets/FreeButtonSet/Textures/icons/32x32/star.png using Guid(12451ffac05266542a4ec30187af9b6b) Importer(2089858483,b0f066a214c2f5e87bad3c948f4d605d) (ScriptedImporter) -> (artifact id: 'dc390e128d6131849ea6759e4154e821') in 0.0240098 seconds
Number of updated asset objects reloaded before import = 0Number of asset objects unloaded after import = 3

========================================================================
Received Import Request.
  Time since last request: 0.000018 seconds.
  path: Assets/FreeButtonSet/Textures/icons/64x64/message.png
  artifactKey: Guid(c9c5499f2f571d14381f63343c1fdba7) Importer(2089858483,b0f066a214c2f5e87bad3c948f4d605d)
Start importing Assets/FreeButtonSet/Textures/icons/64x64/message.png using Guid(c9c5499f2f571d14381f63343c1fdba7) Importer(2089858483,b0f066a214c2f5e87bad3c948f4d605d) (ScriptedImporter) -> (artifact id: 'e9d0c4e3845fc4ff6d692238dcd287b7') in 0.0261202 seconds
Number of updated asset objects reloaded before import = 0Number of asset objects unloaded after import = 3

========================================================================
Received Import Request.
  Time since last request: 0.000018 seconds.
  path: Assets/Samples/Shader Graph/7.1.8/Procedural Patterns/Hex Lattice.ShaderSubGraph
  artifactKey: Guid(ae6f2edd46e88d5459d149f7a35446e1) Importer(2089858483,b0f066a214c2f5e87bad3c948f4d605d)
Start importing Assets/Samples/Shader Graph/7.1.8/Procedural Patterns/Hex Lattice.ShaderSubGraph using Guid(ae6f2edd46e88d5459d149f7a35446e1) Importer(2089858483,b0f066a214c2f5e87bad3c948f4d605d) (ScriptedImporter) -> (artifact id: 'a682a752af40966cf4cf7d7ae1bdeb0e') in 0.0130279 seconds
Number of updated asset objects reloaded before import = 0Number of asset objects unloaded after import = 1

========================================================================
Received Import Request.
  Time since last request: 0.000080 seconds.
  path: Assets/Samples/Shader Graph/7.1.8/Procedural Patterns/Spiral.ShaderSubGraph
  artifactKey: Guid(5a26cc160e0fc0a4b9c1a14cfd3d392f) Importer(2089858483,b0f066a214c2f5e87bad3c948f4d605d)
Start importing Assets/Samples/Shader Graph/7.1.8/Procedural Patterns/Spiral.ShaderSubGraph using Guid(5a26cc160e0fc0a4b9c1a14cfd3d392f) Importer(2089858483,b0f066a214c2f5e87bad3c948f4d605d) (ScriptedImporter) -> (artifact id: '8667e353263b9733719d9eaaab46f009') in 0.0106045 seconds
Number of updated asset objects reloaded before import = 0Number of asset objects unloaded after import = 1

========================================================================
Received Import Request.
  Time since last request: 0.000047 seconds.
  path: Assets/FreeButtonSet/Textures/icons/64x64/repeat.png
  artifactKey: Guid(ea998e3294889624985351560923ba0a) Importer(2089858483,b0f066a214c2f5e87bad3c948f4d605d)
Start importing Assets/FreeButtonSet/Textures/icons/64x64/repeat.png using Guid(ea998e3294889624985351560923ba0a) Importer(2089858483,b0f066a214c2f5e87bad3c948f4d605d) (ScriptedImporter) -> (artifact id: 'dce1b25043003c80ea7103437b2cad8f') in 0.0225881 seconds
Number of updated asset objects reloaded before import = 0Number of asset objects unloaded after import = 3

========================================================================
Received Import Request.
  Time since last request: 0.000017 seconds.
  path: Assets/FreeButtonSet/Textures/icons/64x64/star.png
  artifactKey: Guid(2d2d75d383dae9b40b9b53a931127253) Importer(2089858483,b0f066a214c2f5e87bad3c948f4d605d)
Start importing Assets/FreeButtonSet/Textures/icons/64x64/star.png using Guid(2d2d75d383dae9b40b9b53a931127253) Importer(2089858483,b0f066a214c2f5e87bad3c948f4d605d) (ScriptedImporter) -> (artifact id: '00d694698f33b3202c7e7d834ca9d55b') in 0.0262664 seconds
Number of updated asset objects reloaded before import = 0Number of asset objects unloaded after import = 3

========================================================================
Received Import Request.
  Time since last request: 0.000023 seconds.
  path: Assets/FreeButtonSet/Textures/icons/64x64/plus.png
  artifactKey: Guid(8eae9b570f1669645b57010213c6d893) Importer(2089858483,b0f066a214c2f5e87bad3c948f4d605d)
Start importing Assets/FreeButtonSet/Textures/icons/64x64/plus.png using Guid(8eae9b570f1669645b57010213c6d893) Importer(2089858483,b0f066a214c2f5e87bad3c948f4d605d) (ScriptedImporter) -> (artifact id: '4d0e26f31fcfc063ff2e840c9e4c6975') in 0.0233285 seconds
Number of updated asset objects reloaded before import = 0Number of asset objects unloaded after import = 3

========================================================================
Received Import Request.
  Time since last request: 0.000019 seconds.
  path: Assets/Prefabs/UI/Letters/LettersUI.prefab
  artifactKey: Guid(3dae8bdb46a99c64cba00ef2abbc003f) Importer(2089858483,b0f066a214c2f5e87bad3c948f4d605d)
Start importing Assets/Prefabs/UI/Letters/LettersUI.prefab using Guid(3dae8bdb46a99c64cba00ef2abbc003f) Importer(2089858483,b0f066a214c2f5e87bad3c948f4d605d) (ScriptedImporter) -> (artifact id: '27827743afaa727637a569756103bf8e') in 0.0439723 seconds
Number of updated asset objects reloaded before import = 0Number of asset objects unloaded after import = 43

========================================================================
Received Import Request.
  Time since last request: 0.000022 seconds.
  path: Assets/FreeButtonSet/Textures/icons/64x64/heart.png
  artifactKey: Guid(8082c022c1e0e004c983dda20809df59) Importer(2089858483,b0f066a214c2f5e87bad3c948f4d605d)
Start importing Assets/FreeButtonSet/Textures/icons/64x64/heart.png using Guid(8082c022c1e0e004c983dda20809df59) Importer(2089858483,b0f066a214c2f5e87bad3c948f4d605d) (ScriptedImporter) -> (artifact id: '4edc4fbb1bacff7e4cdd1e972bf7bfa6') in 0.02627 seconds
Number of updated asset objects reloaded before import = 0Number of asset objects unloaded after import = 3

========================================================================
Received Import Request.
  Time since last request: 0.000022 seconds.
  path: Assets/FreeButtonSet/Textures/icons/128x128/help.png
  artifactKey: Guid(ee454173d02e05a4f8c74cc6e92fa5ee) Importer(2089858483,b0f066a214c2f5e87bad3c948f4d605d)
Start importing Assets/FreeButtonSet/Textures/icons/128x128/help.png using Guid(ee454173d02e05a4f8c74cc6e92fa5ee) Importer(2089858483,b0f066a214c2f5e87bad3c948f4d605d) (ScriptedImporter) -> (artifact id: 'dd6b2b215a5e463e06069d75e6df2c1f') in 0.031476 seconds
Number of updated asset objects reloaded before import = 0Number of asset objects unloaded after import = 3

========================================================================
Received Import Request.
  Time since last request: 0.000041 seconds.
  path: Assets/FreeButtonSet/Textures/icons/256x256/play.png
  artifactKey: Guid(c398922a20f2f984db55718ac2c394f5) Importer(2089858483,b0f066a214c2f5e87bad3c948f4d605d)
Start importing Assets/FreeButtonSet/Textures/icons/256x256/play.png using Guid(c398922a20f2f984db55718ac2c394f5) Importer(2089858483,b0f066a214c2f5e87bad3c948f4d605d) (ScriptedImporter) -> (artifact id: 'bd077b2bb611a2172ea86ccd069cea0f') in 0.0258617 seconds
Number of updated asset objects reloaded before import = 0Number of asset objects unloaded after import = 3

========================================================================
Received Import Request.
  Time since last request: 0.000014 seconds.
  path: Assets/FreeButtonSet/Textures/controls/cross.png
  artifactKey: Guid(23ada367fb6f84049a2caff0e27e729d) Importer(2089858483,b0f066a214c2f5e87bad3c948f4d605d)
Start importing Assets/FreeButtonSet/Textures/controls/cross.png using Guid(23ada367fb6f84049a2caff0e27e729d) Importer(2089858483,b0f066a214c2f5e87bad3c948f4d605d) (ScriptedImporter) -> (artifact id: '6596b7d01fef079848f4460ce6df485e') in 0.0240391 seconds
Number of updated asset objects reloaded before import = 0Number of asset objects unloaded after import = 3

========================================================================
Received Import Request.
  Time since last request: 0.000020 seconds.
  path: Assets/Samples/Shader Graph/7.1.8/Procedural Patterns/Whirl.ShaderSubGraph
  artifactKey: Guid(44f87539b2be2d24d86b8843f98ad277) Importer(2089858483,b0f066a214c2f5e87bad3c948f4d605d)
Start importing Assets/Samples/Shader Graph/7.1.8/Procedural Patterns/Whirl.ShaderSubGraph using Guid(44f87539b2be2d24d86b8843f98ad277) Importer(2089858483,b0f066a214c2f5e87bad3c948f4d605d) (ScriptedImporter) -> (artifact id: '83da4cc07b989a5f936fe1e9c79c1358') in 0.0131648 seconds
Number of updated asset objects reloaded before import = 0Number of asset objects unloaded after import = 1

========================================================================
Received Import Request.
  Time since last request: 0.000028 seconds.
  path: Assets/Models/Motyl/23.png
  artifactKey: Guid(74dd1648136526f4db6a2648bc4134fa) Importer(2089858483,b0f066a214c2f5e87bad3c948f4d605d)
Start importing Assets/Models/Motyl/23.png using Guid(74dd1648136526f4db6a2648bc4134fa) Importer(2089858483,b0f066a214c2f5e87bad3c948f4d605d) (ScriptedImporter) -> (artifact id: 'c3503d9184fafacc7493a221b5325f6e') in 0.0280306 seconds
Number of updated asset objects reloaded before import = 0Number of asset objects unloaded after import = 3

========================================================================
Received Import Request.
  Time since last request: 0.000020 seconds.
  path: Assets/Plugins/NativeGallery/iOS/NGMediaSaveCallbackiOS.cs
  artifactKey: Guid(9cbb865d0913a0d47bb6d2eb3ad04c4f) Importer(2089858483,b0f066a214c2f5e87bad3c948f4d605d)
Start importing Assets/Plugins/NativeGallery/iOS/NGMediaSaveCallbackiOS.cs using Guid(9cbb865d0913a0d47bb6d2eb3ad04c4f) Importer(2089858483,b0f066a214c2f5e87bad3c948f4d605d) (ScriptedImporter) -> (artifact id: 'b33b122c2faa9805ccc9f446bb1e7b38') in 0.0132529 seconds
Number of updated asset objects reloaded before import = 0Number of asset objects unloaded after import = 0

========================================================================
Received Import Request.
  Time since last request: 0.000052 seconds.
  path: Assets/Models/Motyl/13.png
  artifactKey: Guid(6c47c4d25126ce64b8bb84276b59dcb6) Importer(2089858483,b0f066a214c2f5e87bad3c948f4d605d)
Start importing Assets/Models/Motyl/13.png using Guid(6c47c4d25126ce64b8bb84276b59dcb6) Importer(2089858483,b0f066a214c2f5e87bad3c948f4d605d) (ScriptedImporter) -> (artifact id: '87063fc24485ecac570e42342d6b30a1') in 0.0264795 seconds
Number of updated asset objects reloaded before import = 0Number of asset objects unloaded after import = 3

========================================================================
Received Import Request.
  Time since last request: 0.000017 seconds.
  path: Assets/FreeButtonSet/Textures/icons/64x64/info.png
  artifactKey: Guid(e06eebf644bc5c84cb5d23b9d62ee3cd) Importer(2089858483,b0f066a214c2f5e87bad3c948f4d605d)
Start importing Assets/FreeButtonSet/Textures/icons/64x64/info.png using Guid(e06eebf644bc5c84cb5d23b9d62ee3cd) Importer(2089858483,b0f066a214c2f5e87bad3c948f4d605d) (ScriptedImporter) -> (artifact id: '7aa2fff62b7c67cc3764e4c9130e5034') in 0.0268495 seconds
Number of updated asset objects reloaded before import = 0Number of asset objects unloaded after import = 3

========================================================================
Received Import Request.
  Time since last request: 0.000015 seconds.
  path: Assets/FreeButtonSet/Textures/icons/32x32/arrow_left.png
  artifactKey: Guid(41bc5d0324757c7439b419ae5397a50e) Importer(2089858483,b0f066a214c2f5e87bad3c948f4d605d)
Start importing Assets/FreeButtonSet/Textures/icons/32x32/arrow_left.png using Guid(41bc5d0324757c7439b419ae5397a50e) Importer(2089858483,b0f066a214c2f5e87bad3c948f4d605d) (ScriptedImporter) -> (artifact id: '155776fd7293caafe7044034a505ce9e') in 0.0286984 seconds
Number of updated asset objects reloaded before import = 0Number of asset objects unloaded after import = 3

========================================================================
Received Import Request.
  Time since last request: 0.000017 seconds.
  path: Assets/Models/Misiu/26.png
  artifactKey: Guid(152347e277224a04caaa546d6eea8b1a) Importer(2089858483,b0f066a214c2f5e87bad3c948f4d605d)
Start importing Assets/Models/Misiu/26.png using Guid(152347e277224a04caaa546d6eea8b1a) Importer(2089858483,b0f066a214c2f5e87bad3c948f4d605d) (ScriptedImporter) -> (artifact id: '561d5f79c81f7da4f03eb2fbb0365e10') in 0.0251571 seconds
Number of updated asset objects reloaded before import = 0Number of asset objects unloaded after import = 3

========================================================================
Received Import Request.
  Time since last request: 0.000027 seconds.
  path: Assets/Models/Misiu/19.png
  artifactKey: Guid(dbff20ea6e9401e4b8b6ecdc11e95c7c) Importer(2089858483,b0f066a214c2f5e87bad3c948f4d605d)
Start importing Assets/Models/Misiu/19.png using Guid(dbff20ea6e9401e4b8b6ecdc11e95c7c) Importer(2089858483,b0f066a214c2f5e87bad3c948f4d605d) (ScriptedImporter) -> (artifact id: '564c817dd4ff893b8ca3978b9a0b8f6d') in 0.0277221 seconds
Number of updated asset objects reloaded before import = 0Number of asset objects unloaded after import = 3

========================================================================
Received Import Request.
  Time since last request: 0.000018 seconds.
  path: Assets/FreeButtonSet/Textures/icons/256x256/minus.png
  artifactKey: Guid(6d3df38cd65ff494387432fd56427bde) Importer(2089858483,b0f066a214c2f5e87bad3c948f4d605d)
Start importing Assets/FreeButtonSet/Textures/icons/256x256/minus.png using Guid(6d3df38cd65ff494387432fd56427bde) Importer(2089858483,b0f066a214c2f5e87bad3c948f4d605d) (ScriptedImporter) -> (artifact id: 'a9e0c6c086f35f4a939dec2b308a9ca9') in 0.0283818 seconds
Number of updated asset objects reloaded before import = 0Number of asset objects unloaded after import = 3

========================================================================
Received Import Request.
  Time since last request: 0.000019 seconds.
  path: Assets/Models/Misiu/29.png
  artifactKey: Guid(636a27e1d88bc9442b110029c50bc6e5) Importer(2089858483,b0f066a214c2f5e87bad3c948f4d605d)
Start importing Assets/Models/Misiu/29.png using Guid(636a27e1d88bc9442b110029c50bc6e5) Importer(2089858483,b0f066a214c2f5e87bad3c948f4d605d) (ScriptedImporter) -> (artifact id: 'c7836ecae10e578aed3376b5903be72d') in 0.022585 seconds
Number of updated asset objects reloaded before import = 0Number of asset objects unloaded after import = 3

========================================================================
Received Import Request.
  Time since last request: 0.000014 seconds.
  path: Assets/Models/Motyl/11.png
  artifactKey: Guid(d03b7195796eb034fbc19ca9bcef9208) Importer(2089858483,b0f066a214c2f5e87bad3c948f4d605d)
Start importing Assets/Models/Motyl/11.png using Guid(d03b7195796eb034fbc19ca9bcef9208) Importer(2089858483,b0f066a214c2f5e87bad3c948f4d605d) (ScriptedImporter) -> (artifact id: '8c91e0672556644b5b6b52b2fb1f968c') in 0.0262387 seconds
Number of updated asset objects reloaded before import = 0Number of asset objects unloaded after import = 3

========================================================================
Received Import Request.
  Time since last request: 0.000016 seconds.
  path: Assets/FreeButtonSet/Textures/icons/32x32/pause.png
  artifactKey: Guid(8eb9669081de23044bab500123db153d) Importer(2089858483,b0f066a214c2f5e87bad3c948f4d605d)
Start importing Assets/FreeButtonSet/Textures/icons/32x32/pause.png using Guid(8eb9669081de23044bab500123db153d) Importer(2089858483,b0f066a214c2f5e87bad3c948f4d605d) (ScriptedImporter) -> (artifact id: '9d98a98c30807d97cbd9b877305817f1') in 0.0292343 seconds
Number of updated asset objects reloaded before import = 0Number of asset objects unloaded after import = 3

========================================================================
Received Import Request.
  Time since last request: 0.000030 seconds.
  path: Assets/Prefabs/UI/Hardness.prefab
  artifactKey: Guid(5a3bccb3ad72f354595fe19187d3d67f) Importer(2089858483,b0f066a214c2f5e87bad3c948f4d605d)
Start importing Assets/Prefabs/UI/Hardness.prefab using Guid(5a3bccb3ad72f354595fe19187d3d67f) Importer(2089858483,b0f066a214c2f5e87bad3c948f4d605d) (ScriptedImporter) -> (artifact id: '3e6adf08e00e1b398d62656bbaf427f3') in 0.0335059 seconds
Number of updated asset objects reloaded before import = 0Number of asset objects unloaded after import = 25

========================================================================
Received Import Request.
  Time since last request: 0.000018 seconds.
  path: Assets/Models/GIraffe/13.png
  artifactKey: Guid(ef9a57132ab48b042b624069bdca4fe1) Importer(2089858483,b0f066a214c2f5e87bad3c948f4d605d)
Start importing Assets/Models/GIraffe/13.png using Guid(ef9a57132ab48b042b624069bdca4fe1) Importer(2089858483,b0f066a214c2f5e87bad3c948f4d605d) (ScriptedImporter) -> (artifact id: 'e930841bd49e9f6f0526a8bc25f81b3a') in 0.025096 seconds
Number of updated asset objects reloaded before import = 0Number of asset objects unloaded after import = 3

========================================================================
Received Import Request.
  Time since last request: 0.000015 seconds.
  path: Assets/Models/GIraffe/4.png
  artifactKey: Guid(740f24a52f6e39643a0165977730ad2b) Importer(2089858483,b0f066a214c2f5e87bad3c948f4d605d)
Start importing Assets/Models/GIraffe/4.png using Guid(740f24a52f6e39643a0165977730ad2b) Importer(2089858483,b0f066a214c2f5e87bad3c948f4d605d) (ScriptedImporter) -> (artifact id: '29cd5996e395e48891867b4bac419b36') in 0.0246928 seconds
Number of updated asset objects reloaded before import = 0Number of asset objects unloaded after import = 3

========================================================================
Received Import Request.
  Time since last request: 0.000017 seconds.
  path: Assets/Sprites/Puzzle/star.png
  artifactKey: Guid(d35aaf9dbd48e0c49b3ab66383070576) Importer(2089858483,b0f066a214c2f5e87bad3c948f4d605d)
Start importing Assets/Sprites/Puzzle/star.png using Guid(d35aaf9dbd48e0c49b3ab66383070576) Importer(2089858483,b0f066a214c2f5e87bad3c948f4d605d) (ScriptedImporter) -> (artifact id: '640759e02ed03091c94f0aaf2766f910') in 0.0257628 seconds
Number of updated asset objects reloaded before import = 0Number of asset objects unloaded after import = 3

========================================================================
Received Import Request.
  Time since last request: 0.000026 seconds.
  path: Assets/FreeButtonSet/Textures/icons/128x128/menu.png
  artifactKey: Guid(ec694ac45cee4c34a93f4caf3ab4f155) Importer(2089858483,b0f066a214c2f5e87bad3c948f4d605d)
Start importing Assets/FreeButtonSet/Textures/icons/128x128/menu.png using Guid(ec694ac45cee4c34a93f4caf3ab4f155) Importer(2089858483,b0f066a214c2f5e87bad3c948f4d605d) (ScriptedImporter) -> (artifact id: '34d81f89ea46f1f3808fed3a5376d9ac') in 0.0263858 seconds
Number of updated asset objects reloaded before import = 0Number of asset objects unloaded after import = 3

========================================================================
Received Import Request.
  Time since last request: 0.000018 seconds.
  path: Assets/Samples/Shader Graph/7.1.8/Procedural Patterns/Brick.ShaderSubGraph
  artifactKey: Guid(aa594629bd691e649abe52f379f329b1) Importer(2089858483,b0f066a214c2f5e87bad3c948f4d605d)
Start importing Assets/Samples/Shader Graph/7.1.8/Procedural Patterns/Brick.ShaderSubGraph using Guid(aa594629bd691e649abe52f379f329b1) Importer(2089858483,b0f066a214c2f5e87bad3c948f4d605d) (ScriptedImporter) -> (artifact id: 'd650704f606b186345edf12abc727a2f') in 0.0120296 seconds
Number of updated asset objects reloaded before import = 0Number of asset objects unloaded after import = 1

========================================================================
Received Import Request.
  Time since last request: 0.000044 seconds.
  path: Assets/FullTiltBoogie/Materials/Textures/starMedium.png
  artifactKey: Guid(e937a3ffbc2554948831ecbd288f0239) Importer(2089858483,b0f066a214c2f5e87bad3c948f4d605d)
Start importing Assets/FullTiltBoogie/Materials/Textures/starMedium.png using Guid(e937a3ffbc2554948831ecbd288f0239) Importer(2089858483,b0f066a214c2f5e87bad3c948f4d605d) (ScriptedImporter) -> (artifact id: '0f740b4f61322632bc22bba17232796e') in 0.0324276 seconds
Number of updated asset objects reloaded before import = 0Number of asset objects unloaded after import = 1

========================================================================
Received Import Request.
  Time since last request: 0.000027 seconds.
  path: Assets/Models/Misiu/16.png
  artifactKey: Guid(66d6049753fa9874d8b18fc804f0bbdf) Importer(2089858483,b0f066a214c2f5e87bad3c948f4d605d)
Start importing Assets/Models/Misiu/16.png using Guid(66d6049753fa9874d8b18fc804f0bbdf) Importer(2089858483,b0f066a214c2f5e87bad3c948f4d605d) (ScriptedImporter) -> (artifact id: '11d4e3bf16ed3573735c4d3149952c09') in 0.0237761 seconds
Number of updated asset objects reloaded before import = 0Number of asset objects unloaded after import = 3

========================================================================
Received Import Request.
  Time since last request: 0.000019 seconds.
  path: Assets/Scenes/PaintingModels/Giraffe.unity
  artifactKey: Guid(df3ff64c868799d43a05cf769a2cbd95) Importer(2089858483,b0f066a214c2f5e87bad3c948f4d605d)
Start importing Assets/Scenes/PaintingModels/Giraffe.unity using Guid(df3ff64c868799d43a05cf769a2cbd95) Importer(2089858483,b0f066a214c2f5e87bad3c948f4d605d) (ScriptedImporter) -> (artifact id: 'ea6d5cec7a335b925f238eeff30cb421') in 0.0111264 seconds
Number of updated asset objects reloaded before import = 0Number of asset objects unloaded after import = 1

========================================================================
Received Import Request.
  Time since last request: 0.000047 seconds.
  path: Assets/FreeButtonSet/Textures/icons/64x64/minus.png
  artifactKey: Guid(8d3f1901246a92d4e9ba3f2a8b1c1c2c) Importer(2089858483,b0f066a214c2f5e87bad3c948f4d605d)
Start importing Assets/FreeButtonSet/Textures/icons/64x64/minus.png using Guid(8d3f1901246a92d4e9ba3f2a8b1c1c2c) Importer(2089858483,b0f066a214c2f5e87bad3c948f4d605d) (ScriptedImporter) -> (artifact id: '22898f7d7697d1979663212641028f6e') in 0.0185633 seconds
Number of updated asset objects reloaded before import = 0Number of asset objects unloaded after import = 3

========================================================================
Received Import Request.
  Time since last request: 0.000014 seconds.
  path: Assets/FullTiltBoogie/Prefabs/TopScoreParticles.prefab
  artifactKey: Guid(2af58d6e034bbd5418f0f768d94e90b1) Importer(2089858483,b0f066a214c2f5e87bad3c948f4d605d)
Start importing Assets/FullTiltBoogie/Prefabs/TopScoreParticles.prefab using Guid(2af58d6e034bbd5418f0f768d94e90b1) Importer(2089858483,b0f066a214c2f5e87bad3c948f4d605d) (ScriptedImporter) -> (artifact id: 'f42a097231179bf77519d02b67c939f7') in 0.0642155 seconds
Number of updated asset objects reloaded before import = 0Number of asset objects unloaded after import = 7

========================================================================
Received Import Request.
  Time since last request: 0.000021 seconds.
  path: Assets/FullTiltBoogie/Materials/Textures/smash-cracks.png
  artifactKey: Guid(3695884b63ed141c78d7bf2ad884ca8e) Importer(2089858483,b0f066a214c2f5e87bad3c948f4d605d)
Start importing Assets/FullTiltBoogie/Materials/Textures/smash-cracks.png using Guid(3695884b63ed141c78d7bf2ad884ca8e) Importer(2089858483,b0f066a214c2f5e87bad3c948f4d605d) (ScriptedImporter) -> (artifact id: 'd47f371af8f8342feed29efcbe0db06e') in 0.0389875 seconds
Number of updated asset objects reloaded before import = 0Number of asset objects unloaded after import = 1

========================================================================
Received Import Request.
  Time since last request: 0.000044 seconds.
  path: Assets/FullTiltBoogie/Materials/Textures/hex.png
  artifactKey: Guid(c58f8e89fc22a4aa6b53f4c0a7f2a228) Importer(2089858483,b0f066a214c2f5e87bad3c948f4d605d)
Start importing Assets/FullTiltBoogie/Materials/Textures/hex.png using Guid(c58f8e89fc22a4aa6b53f4c0a7f2a228) Importer(2089858483,b0f066a214c2f5e87bad3c948f4d605d) (ScriptedImporter) -> (artifact id: 'f9ccd606948751d33dbe480fd3d833a9') in 0.0279807 seconds
Number of updated asset objects reloaded before import = 0Number of asset objects unloaded after import = 1

========================================================================
Received Import Request.
  Time since last request: 0.000019 seconds.
  path: Assets/FreeButtonSet/Textures/controls/universal_panel_20.png
  artifactKey: Guid(953de0a59c3f3c7498ecb7496a450d69) Importer(2089858483,b0f066a214c2f5e87bad3c948f4d605d)
Start importing Assets/FreeButtonSet/Textures/controls/universal_panel_20.png using Guid(953de0a59c3f3c7498ecb7496a450d69) Importer(2089858483,b0f066a214c2f5e87bad3c948f4d605d) (ScriptedImporter) -> (artifact id: '4b1f571f21457b2b783198b816f32f21') in 0.026082 seconds
Number of updated asset objects reloaded before import = 0Number of asset objects unloaded after import = 3

========================================================================
Received Import Request.
  Time since last request: 0.000019 seconds.
  path: Assets/FullTiltBoogie/Materials/Textures/dust-circ.png
  artifactKey: Guid(a28bc555dc8a64f99b3a20d572057df7) Importer(2089858483,b0f066a214c2f5e87bad3c948f4d605d)
Start importing Assets/FullTiltBoogie/Materials/Textures/dust-circ.png using Guid(a28bc555dc8a64f99b3a20d572057df7) Importer(2089858483,b0f066a214c2f5e87bad3c948f4d605d) (ScriptedImporter) -> (artifact id: '24d083fd97dde653216e770014101f57') in 0.0279854 seconds
Number of updated asset objects reloaded before import = 0Number of asset objects unloaded after import = 1

========================================================================
Received Import Request.
  Time since last request: 0.000040 seconds.
  path: Assets/Prefabs/UI/PaintingModelUI.prefab
  artifactKey: Guid(ff8268a30bdb0b94c94904887c0223c9) Importer(2089858483,b0f066a214c2f5e87bad3c948f4d605d)
Start importing Assets/Prefabs/UI/PaintingModelUI.prefab using Guid(ff8268a30bdb0b94c94904887c0223c9) Importer(2089858483,b0f066a214c2f5e87bad3c948f4d605d) (ScriptedImporter) -> (artifact id: '7ce554a259e520e49fa22efdd97a0130') in 0.0383196 seconds
Number of updated asset objects reloaded before import = 0Number of asset objects unloaded after import = 102

========================================================================
Received Prepare
Begin MonoManager ReloadAssembly
ADTM: Control thread waiting for realtime thread timed out, have to lock...
- Loaded All Assemblies, in  1.441 seconds
Refreshing native plugins compatible for Editor in 0.58 ms, found 2 plugins.
Native extension for Android target not found
Native extension for WindowsStandalone target not found
Native extension for WebGL target not found
[Package Manager] Failed to launch server process. Reason: Unity was launched with the -noUpm command-line argument
[Package Manager] Unable to send message (not connected to server process).
[Package Manager] Cannot connect to Unity Package Manager local server
ScheduleIndexationOnStartup MainProcess:False IndexOnStartup:True
Mono: successfully reloaded assembly
- Finished resetting the current domain, in  0.520 seconds
Domain Reload Profiling: 1960ms
	BeginReloadAssembly (1185ms)
		ExecutionOrderSort (0ms)
		DisableScriptedObjects (7ms)
		BackupInstance (0ms)
		ReleaseScriptingObjects (0ms)
		CreateAndSetChildDomain (1051ms)
	RebuildCommonClasses (31ms)
	RebuildNativeTypeToScriptingClass (11ms)
	initialDomainReloadingComplete (21ms)
	LoadAllAssembliesAndSetupDomain (190ms)
		LoadAssemblies (221ms)
		RebuildTransferFunctionScriptingTraits (0ms)
		AnalyzeDomain (57ms)
			TypeCache.Refresh (5ms)
				TypeCache.ScanAssembly (0ms)
			BuildScriptInfoCaches (47ms)
			ResolveRequiredComponents (2ms)
	FinalizeReload (521ms)
		ReleaseScriptCaches (0ms)
		RebuildScriptCaches (0ms)
		SetupLoadedEditorAssemblies (423ms)
			LogAssemblyErrors (0ms)
			InitializePlatformSupportModulesInManaged (9ms)
			SetLoadedEditorAssemblies (4ms)
			BeforeProcessingInitializeOnLoad (115ms)
			ProcessInitializeOnLoadAttributes (249ms)
			ProcessInitializeOnLoadMethodAttributes (41ms)
			AfterProcessingInitializeOnLoad (4ms)
			EditorAssembliesLoaded (0ms)
		ExecutionOrderSort2 (0ms)
		AwakeInstancesAfterBackupRestoration (7ms)
Refreshing native plugins compatible for Editor in 0.58 ms, found 2 plugins.
Preloading 0 native plugins for Editor in 0.00 ms.
Unloading 0 Unused Serialized files (Serialized files now loaded: 0)
Unloading 1955 unused Assets / (0.5 MB). Loaded Objects now: 2561.
Memory consumption went from 81.2 MB to 80.7 MB.
Total: 4.618800 ms (FindLiveObjects: 0.175300 ms CreateObjectMapping: 0.075400 ms MarkObjects: 3.994900 ms  DeleteObjects: 0.372600 ms)

Prepare: number of updated asset objects reloaded= 0
========================================================================
Received Prepare
Begin MonoManager ReloadAssembly
ADTM: Control thread waiting for realtime thread timed out, have to lock...
- Loaded All Assemblies, in  1.413 seconds
Refreshing native plugins compatible for Editor in 0.56 ms, found 2 plugins.
Native extension for Android target not found
Native extension for WindowsStandalone target not found
Native extension for WebGL target not found
[Package Manager] Failed to launch server process. Reason: Unity was launched with the -noUpm command-line argument
[Package Manager] Unable to send message (not connected to server process).
[Package Manager] Cannot connect to Unity Package Manager local server
ScheduleIndexationOnStartup MainProcess:False IndexOnStartup:True
Mono: successfully reloaded assembly
- Finished resetting the current domain, in  0.523 seconds
Domain Reload Profiling: 1935ms
	BeginReloadAssembly (1159ms)
		ExecutionOrderSort (0ms)
		DisableScriptedObjects (7ms)
		BackupInstance (0ms)
		ReleaseScriptingObjects (0ms)
		CreateAndSetChildDomain (1035ms)
	RebuildCommonClasses (31ms)
	RebuildNativeTypeToScriptingClass (11ms)
	initialDomainReloadingComplete (20ms)
	LoadAllAssembliesAndSetupDomain (191ms)
		LoadAssemblies (209ms)
		RebuildTransferFunctionScriptingTraits (0ms)
		AnalyzeDomain (62ms)
			TypeCache.Refresh (6ms)
				TypeCache.ScanAssembly (1ms)
			BuildScriptInfoCaches (49ms)
			ResolveRequiredComponents (3ms)
	FinalizeReload (523ms)
		ReleaseScriptCaches (0ms)
		RebuildScriptCaches (0ms)
		SetupLoadedEditorAssemblies (424ms)
			LogAssemblyErrors (0ms)
			InitializePlatformSupportModulesInManaged (9ms)
			SetLoadedEditorAssemblies (4ms)
			BeforeProcessingInitializeOnLoad (117ms)
			ProcessInitializeOnLoadAttributes (248ms)
			ProcessInitializeOnLoadMethodAttributes (41ms)
			AfterProcessingInitializeOnLoad (4ms)
			EditorAssembliesLoaded (0ms)
		ExecutionOrderSort2 (0ms)
		AwakeInstancesAfterBackupRestoration (6ms)
Refreshing native plugins compatible for Editor in 0.59 ms, found 2 plugins.
Preloading 0 native plugins for Editor in 0.00 ms.
Unloading 0 Unused Serialized files (Serialized files now loaded: 0)
Unloading 1950 unused Assets / (419.6 KB). Loaded Objects now: 2562.
Memory consumption went from 81.1 MB to 80.7 MB.
Total: 4.604100 ms (FindLiveObjects: 0.173200 ms CreateObjectMapping: 0.074500 ms MarkObjects: 4.037600 ms  DeleteObjects: 0.318300 ms)

Prepare: number of updated asset objects reloaded= 0
========================================================================
Received Prepare
[Licensing::Client] Successfully resolved entitlement details
[Licensing::Module] License group:
  Id: F4-764U-JDE6-AHCT-U6ZM-XXXX
  Product: Unity Personal
  Type: ULF
  Expiration: Unlimited
[Licensing::Module] License group:
  Id: 9071118640825-UnityPersXXXX
  Product: Unity Personal
  Type: Assigned
  Expiration: Unlimited
Begin MonoManager ReloadAssembly
[Licensing::Client] Successfully resolved entitlement details
[Licensing::Module] License group:
  Id: F4-764U-JDE6-AHCT-U6ZM-XXXX
  Product: Unity Personal
  Type: ULF
  Expiration: Unlimited
[Licensing::Module] License group:
  Id: 9071118640825-UnityPersXXXX
  Product: Unity Personal
  Type: Assigned
  Expiration: Unlimited
ADTM: Control thread waiting for realtime thread timed out, have to lock...
- Loaded All Assemblies, in  1.418 seconds
Refreshing native plugins compatible for Editor in 0.59 ms, found 2 plugins.
Native extension for Android target not found
Native extension for WindowsStandalone target not found
Native extension for WebGL target not found
ScheduleIndexationOnStartup MainProcess:False IndexOnStartup:True
Mono: successfully reloaded assembly
- Finished resetting the current domain, in  0.527 seconds
Domain Reload Profiling: 1943ms
	BeginReloadAssembly (1169ms)
		ExecutionOrderSort (0ms)
		DisableScriptedObjects (7ms)
		BackupInstance (0ms)
		ReleaseScriptingObjects (0ms)
		CreateAndSetChildDomain (1034ms)
	RebuildCommonClasses (32ms)
	RebuildNativeTypeToScriptingClass (11ms)
	initialDomainReloadingComplete (21ms)
	LoadAllAssembliesAndSetupDomain (184ms)
		LoadAssemblies (215ms)
		RebuildTransferFunctionScriptingTraits (0ms)
		AnalyzeDomain (54ms)
			TypeCache.Refresh (5ms)
				TypeCache.ScanAssembly (0ms)
			BuildScriptInfoCaches (45ms)
			ResolveRequiredComponents (2ms)
	FinalizeReload (527ms)
		ReleaseScriptCaches (0ms)
		RebuildScriptCaches (0ms)
		SetupLoadedEditorAssemblies (428ms)
			LogAssemblyErrors (0ms)
			InitializePlatformSupportModulesInManaged (9ms)
			SetLoadedEditorAssemblies (4ms)
			BeforeProcessingInitializeOnLoad (120ms)
			ProcessInitializeOnLoadAttributes (250ms)
			ProcessInitializeOnLoadMethodAttributes (40ms)
			AfterProcessingInitializeOnLoad (4ms)
			EditorAssembliesLoaded (0ms)
		ExecutionOrderSort2 (0ms)
		AwakeInstancesAfterBackupRestoration (6ms)
Refreshing native plugins compatible for Editor in 0.61 ms, found 2 plugins.
Preloading 0 native plugins for Editor in 0.00 ms.
Unloading 0 Unused Serialized files (Serialized files now loaded: 0)
Unloading 1593 unused Assets / (339.6 KB). Loaded Objects now: 2206.
Memory consumption went from 80.0 MB to 79.6 MB.
Total: 4.294200 ms (FindLiveObjects: 0.161700 ms CreateObjectMapping: 0.062100 ms MarkObjects: 3.802900 ms  DeleteObjects: 0.266800 ms)

Prepare: number of updated asset objects reloaded= 0
========================================================================
Received Prepare
Begin MonoManager ReloadAssembly
ADTM: Control thread waiting for realtime thread timed out, have to lock...
- Loaded All Assemblies, in  1.421 seconds
Refreshing native plugins compatible for Editor in 0.64 ms, found 2 plugins.
Native extension for Android target not found
Native extension for WindowsStandalone target not found
Native extension for WebGL target not found
ScheduleIndexationOnStartup MainProcess:False IndexOnStartup:True
Mono: successfully reloaded assembly
- Finished resetting the current domain, in  0.531 seconds
Domain Reload Profiling: 1950ms
	BeginReloadAssembly (1173ms)
		ExecutionOrderSort (0ms)
		DisableScriptedObjects (6ms)
		BackupInstance (0ms)
		ReleaseScriptingObjects (0ms)
		CreateAndSetChildDomain (1047ms)
	RebuildCommonClasses (30ms)
	RebuildNativeTypeToScriptingClass (12ms)
	initialDomainReloadingComplete (21ms)
	LoadAllAssembliesAndSetupDomain (183ms)
		LoadAssemblies (210ms)
		RebuildTransferFunctionScriptingTraits (0ms)
		AnalyzeDomain (55ms)
			TypeCache.Refresh (10ms)
				TypeCache.ScanAssembly (5ms)
			BuildScriptInfoCaches (41ms)
			ResolveRequiredComponents (2ms)
	FinalizeReload (531ms)
		ReleaseScriptCaches (0ms)
		RebuildScriptCaches (0ms)
		SetupLoadedEditorAssemblies (431ms)
			LogAssemblyErrors (0ms)
			InitializePlatformSupportModulesInManaged (10ms)
			SetLoadedEditorAssemblies (5ms)
			BeforeProcessingInitializeOnLoad (123ms)
			ProcessInitializeOnLoadAttributes (248ms)
			ProcessInitializeOnLoadMethodAttributes (42ms)
			AfterProcessingInitializeOnLoad (4ms)
			EditorAssembliesLoaded (0ms)
		ExecutionOrderSort2 (0ms)
		AwakeInstancesAfterBackupRestoration (7ms)
Refreshing native plugins compatible for Editor in 0.62 ms, found 2 plugins.
Preloading 0 native plugins for Editor in 0.00 ms.
Unloading 0 Unused Serialized files (Serialized files now loaded: 0)
Unloading 1593 unused Assets / (376.1 KB). Loaded Objects now: 2207.
Memory consumption went from 79.9 MB to 79.5 MB.
Total: 4.545000 ms (FindLiveObjects: 0.162300 ms CreateObjectMapping: 0.062800 ms MarkObjects: 4.013000 ms  DeleteObjects: 0.306400 ms)

Prepare: number of updated asset objects reloaded= 0
========================================================================
Received Prepare
Begin MonoManager ReloadAssembly
ADTM: Control thread waiting for realtime thread timed out, have to lock...
- Loaded All Assemblies, in  1.420 seconds
Refreshing native plugins compatible for Editor in 0.63 ms, found 2 plugins.
Native extension for Android target not found
Native extension for WindowsStandalone target not found
Native extension for WebGL target not found
ScheduleIndexationOnStartup MainProcess:False IndexOnStartup:True
Mono: successfully reloaded assembly
- Finished resetting the current domain, in  0.521 seconds
Domain Reload Profiling: 1940ms
	BeginReloadAssembly (1172ms)
		ExecutionOrderSort (0ms)
		DisableScriptedObjects (6ms)
		BackupInstance (0ms)
		ReleaseScriptingObjects (0ms)
		CreateAndSetChildDomain (1045ms)
	RebuildCommonClasses (30ms)
	RebuildNativeTypeToScriptingClass (11ms)
	initialDomainReloadingComplete (22ms)
	LoadAllAssembliesAndSetupDomain (184ms)
		LoadAssemblies (212ms)
		RebuildTransferFunctionScriptingTraits (0ms)
		AnalyzeDomain (53ms)
			TypeCache.Refresh (7ms)
				TypeCache.ScanAssembly (1ms)
			BuildScriptInfoCaches (42ms)
			ResolveRequiredComponents (2ms)
	FinalizeReload (521ms)
		ReleaseScriptCaches (0ms)
		RebuildScriptCaches (0ms)
		SetupLoadedEditorAssemblies (422ms)
			LogAssemblyErrors (0ms)
			InitializePlatformSupportModulesInManaged (9ms)
			SetLoadedEditorAssemblies (4ms)
			BeforeProcessingInitializeOnLoad (116ms)
			ProcessInitializeOnLoadAttributes (246ms)
			ProcessInitializeOnLoadMethodAttributes (42ms)
			AfterProcessingInitializeOnLoad (5ms)
			EditorAssembliesLoaded (0ms)
		ExecutionOrderSort2 (0ms)
		AwakeInstancesAfterBackupRestoration (7ms)
Refreshing native plugins compatible for Editor in 0.63 ms, found 2 plugins.
Preloading 0 native plugins for Editor in 0.00 ms.
Unloading 0 Unused Serialized files (Serialized files now loaded: 0)
Unloading 1593 unused Assets / (359.8 KB). Loaded Objects now: 2208.
Memory consumption went from 79.9 MB to 79.5 MB.
Total: 4.665300 ms (FindLiveObjects: 0.174400 ms CreateObjectMapping: 0.081800 ms MarkObjects: 4.081600 ms  DeleteObjects: 0.327000 ms)

Prepare: number of updated asset objects reloaded= 0
========================================================================
Received Prepare
Begin MonoManager ReloadAssembly
ADTM: Control thread waiting for realtime thread timed out, have to lock...
- Loaded All Assemblies, in  1.453 seconds
Refreshing native plugins compatible for Editor in 0.69 ms, found 2 plugins.
Native extension for Android target not found
Native extension for WindowsStandalone target not found
Native extension for WebGL target not found
ScheduleIndexationOnStartup MainProcess:False IndexOnStartup:True
Mono: successfully reloaded assembly
- Finished resetting the current domain, in  0.579 seconds
Domain Reload Profiling: 2030ms
	BeginReloadAssembly (1182ms)
		ExecutionOrderSort (0ms)
		DisableScriptedObjects (7ms)
		BackupInstance (0ms)
		ReleaseScriptingObjects (0ms)
		CreateAndSetChildDomain (1049ms)
	RebuildCommonClasses (33ms)
	RebuildNativeTypeToScriptingClass (12ms)
	initialDomainReloadingComplete (23ms)
	LoadAllAssembliesAndSetupDomain (201ms)
		LoadAssemblies (231ms)
		RebuildTransferFunctionScriptingTraits (0ms)
		AnalyzeDomain (59ms)
			TypeCache.Refresh (4ms)
				TypeCache.ScanAssembly (0ms)
			BuildScriptInfoCaches (50ms)
			ResolveRequiredComponents (3ms)
	FinalizeReload (579ms)
		ReleaseScriptCaches (0ms)
		RebuildScriptCaches (0ms)
		SetupLoadedEditorAssemblies (471ms)
			LogAssemblyErrors (0ms)
			InitializePlatformSupportModulesInManaged (11ms)
			SetLoadedEditorAssemblies (4ms)
			BeforeProcessingInitializeOnLoad (138ms)
			ProcessInitializeOnLoadAttributes (267ms)
			ProcessInitializeOnLoadMethodAttributes (45ms)
			AfterProcessingInitializeOnLoad (5ms)
			EditorAssembliesLoaded (0ms)
		ExecutionOrderSort2 (0ms)
		AwakeInstancesAfterBackupRestoration (7ms)
Refreshing native plugins compatible for Editor in 0.61 ms, found 2 plugins.
Preloading 0 native plugins for Editor in 0.00 ms.
Unloading 0 Unused Serialized files (Serialized files now loaded: 0)
Unloading 1593 unused Assets / (324.1 KB). Loaded Objects now: 2209.
Memory consumption went from 79.9 MB to 79.6 MB.
Total: 5.798800 ms (FindLiveObjects: 0.172600 ms CreateObjectMapping: 0.065200 ms MarkObjects: 5.231500 ms  DeleteObjects: 0.328500 ms)

Prepare: number of updated asset objects reloaded= 0
========================================================================
Received Import Request.
  Time since last request: 159.449572 seconds.
  path: Assets/FullTiltBoogie/Materials/BokehHex.mat
  artifactKey: Guid(dfdb41e90bb4440d98b876cfc2acae2e) Importer(815301076,1909f56bfc062723c751e8b465ee728b)
Start importing Assets/FullTiltBoogie/Materials/BokehHex.mat using Guid(dfdb41e90bb4440d98b876cfc2acae2e) Importer(815301076,1909f56bfc062723c751e8b465ee728b) (PreviewImporter) -> (artifact id: 'a174620208fc001c4cca58df7a6dee61') in 0.1139999 seconds
Number of updated asset objects reloaded before import = 0Number of asset objects unloaded after import = 2

========================================================================
Received Import Request.
  Time since last request: 0.000017 seconds.
  path: Assets/Materials/MAT.mat
  artifactKey: Guid(24111e586583a1d4f91c2300d4881ffa) Importer(815301076,1909f56bfc062723c751e8b465ee728b)
Start importing Assets/Materials/MAT.mat using Guid(24111e586583a1d4f91c2300d4881ffa) Importer(815301076,1909f56bfc062723c751e8b465ee728b) (PreviewImporter) -> (artifact id: '1a43c42cf751be1afdf1178aaf52244c') in 0.1169589 seconds
Number of updated asset objects reloaded before import = 0Number of asset objects unloaded after import = 4

========================================================================
Received Import Request.
  Time since last request: 0.000017 seconds.
  path: Assets/FullTiltBoogie/Materials/DustCircle.mat
  artifactKey: Guid(9e5d479eb81bb449eada47cc65734c3a) Importer(815301076,1909f56bfc062723c751e8b465ee728b)
Start importing Assets/FullTiltBoogie/Materials/DustCircle.mat using Guid(9e5d479eb81bb449eada47cc65734c3a) Importer(815301076,1909f56bfc062723c751e8b465ee728b) (PreviewImporter) -> (artifact id: 'c93b953bc68e9e9aa1ebf5becd1cd69f') in 0.0511572 seconds
Number of updated asset objects reloaded before import = 0Number of asset objects unloaded after import = 2

========================================================================
Received Import Request.
  Time since last request: 0.000022 seconds.
  path: Assets/FullTiltBoogie/Materials/CamFlash.mat
  artifactKey: Guid(a4bf31caa01e8489e9715de95b7b9522) Importer(815301076,1909f56bfc062723c751e8b465ee728b)
Start importing Assets/FullTiltBoogie/Materials/CamFlash.mat using Guid(a4bf31caa01e8489e9715de95b7b9522) Importer(815301076,1909f56bfc062723c751e8b465ee728b) (PreviewImporter) -> (artifact id: '6c191bf493fe8b9d764dabaf783f548b') in 0.0249571 seconds
Number of updated asset objects reloaded before import = 0Number of asset objects unloaded after import = 2

========================================================================
Received Import Request.
  Time since last request: 0.000014 seconds.
  path: Assets/FullTiltBoogie/Materials/SmokePuffs2.mat
  artifactKey: Guid(80e18054a2d9246a89ee4af89ba542f6) Importer(815301076,1909f56bfc062723c751e8b465ee728b)
Start importing Assets/FullTiltBoogie/Materials/SmokePuffs2.mat using Guid(80e18054a2d9246a89ee4af89ba542f6) Importer(815301076,1909f56bfc062723c751e8b465ee728b) (PreviewImporter) -> (artifact id: '1061d0179a34c6834a0864d1adb2f372') in 0.0254599 seconds
Number of updated asset objects reloaded before import = 0Number of asset objects unloaded after import = 2

========================================================================
Received Import Request.
  Time since last request: 0.000013 seconds.
  path: Assets/FullTiltBoogie/Materials/StarThin.mat
  artifactKey: Guid(ca1f31fbb1fe84c9e9d96da0efe26114) Importer(815301076,1909f56bfc062723c751e8b465ee728b)
Start importing Assets/FullTiltBoogie/Materials/StarThin.mat using Guid(ca1f31fbb1fe84c9e9d96da0efe26114) Importer(815301076,1909f56bfc062723c751e8b465ee728b) (PreviewImporter) -> (artifact id: '883fdbeb0687fc854a2a9e40b00ff780') in 0.0221732 seconds
Number of updated asset objects reloaded before import = 0Number of asset objects unloaded after import = 2

========================================================================
Received Import Request.
  Time since last request: 0.000014 seconds.
  path: Assets/FullTiltBoogie/Materials/Star4Points.mat
  artifactKey: Guid(f1aeb8687f38547958241cf8c252e7d2) Importer(815301076,1909f56bfc062723c751e8b465ee728b)
Start importing Assets/FullTiltBoogie/Materials/Star4Points.mat using Guid(f1aeb8687f38547958241cf8c252e7d2) Importer(815301076,1909f56bfc062723c751e8b465ee728b) (PreviewImporter) -> (artifact id: '12b8dae63c50bcd0fb08f095b0f454c4') in 0.0208329 seconds
Number of updated asset objects reloaded before import = 0Number of asset objects unloaded after import = 2

========================================================================
Received Import Request.
  Time since last request: 0.000014 seconds.
  path: Assets/FullTiltBoogie/Materials/SmashCracksMat.mat
  artifactKey: Guid(c47160a4437d84aedb3c9d12fef8ae67) Importer(815301076,1909f56bfc062723c751e8b465ee728b)
Start importing Assets/FullTiltBoogie/Materials/SmashCracksMat.mat using Guid(c47160a4437d84aedb3c9d12fef8ae67) Importer(815301076,1909f56bfc062723c751e8b465ee728b) (PreviewImporter) -> (artifact id: 'e34e8ee5abf594094d93a8eae8953d00') in 0.0515101 seconds
Number of updated asset objects reloaded before import = 0Number of asset objects unloaded after import = 3

========================================================================
Received Import Request.
  Time since last request: 0.000015 seconds.
  path: Assets/Font/LuckiestGuy.ttf
  artifactKey: Guid(ab2cfde409d710b47b0b502877abb479) Importer(815301076,1909f56bfc062723c751e8b465ee728b)
Start importing Assets/Font/LuckiestGuy.ttf using Guid(ab2cfde409d710b47b0b502877abb479) Importer(815301076,1909f56bfc062723c751e8b465ee728b) (PreviewImporter) -> (artifact id: '549effd77f2588b8a848f4ce548a8a6c') in 0.0313805 seconds
Number of updated asset objects reloaded before import = 0Number of asset objects unloaded after import = 4

========================================================================
Received Import Request.
  Time since last request: 0.000016 seconds.
  path: Assets/FullTiltBoogie/Materials/SmokePuffs1.mat
  artifactKey: Guid(77f3d6625c44647da8e5c503bea7d4c6) Importer(815301076,1909f56bfc062723c751e8b465ee728b)
Start importing Assets/FullTiltBoogie/Materials/SmokePuffs1.mat using Guid(77f3d6625c44647da8e5c503bea7d4c6) Importer(815301076,1909f56bfc062723c751e8b465ee728b) (PreviewImporter) -> (artifact id: '8ff83d9ea0e233a7fb6c28d966d32661') in 0.0209078 seconds
Number of updated asset objects reloaded before import = 0Number of asset objects unloaded after import = 2

========================================================================
Received Import Request.
  Time since last request: 0.000015 seconds.
  path: Assets/FullTiltBoogie/Materials/CopperSpark.mat
  artifactKey: Guid(fcc145699d3464fa187899b93a68bffd) Importer(815301076,1909f56bfc062723c751e8b465ee728b)
Start importing Assets/FullTiltBoogie/Materials/CopperSpark.mat using Guid(fcc145699d3464fa187899b93a68bffd) Importer(815301076,1909f56bfc062723c751e8b465ee728b) (PreviewImporter) -> (artifact id: 'd0bfce0b1108772dd7a5e76fe6614475') in 0.0195375 seconds
Number of updated asset objects reloaded before import = 0Number of asset objects unloaded after import = 2

========================================================================
Received Prepare
[Licensing::Client] Successfully resolved entitlement details
[Licensing::Module] License group:
  Id: F4-764U-JDE6-AHCT-U6ZM-XXXX
  Product: Unity Personal
  Type: ULF
  Expiration: Unlimited
[Licensing::Module] License group:
  Id: 9071118640825-UnityPersXXXX
  Product: Unity Personal
  Type: Assigned
  Expiration: Unlimited
Begin MonoManager ReloadAssembly
[Licensing::Client] Successfully resolved entitlement details
[Licensing::Module] License group:
  Id: F4-764U-JDE6-AHCT-U6ZM-XXXX
  Product: Unity Personal
  Type: ULF
  Expiration: Unlimited
[Licensing::Module] License group:
  Id: 9071118640825-UnityPersXXXX
  Product: Unity Personal
  Type: Assigned
  Expiration: Unlimited
ADTM: Control thread waiting for realtime thread timed out, have to lock...
- Loaded All Assemblies, in  1.411 seconds
Refreshing native plugins compatible for Editor in 0.55 ms, found 2 plugins.
Native extension for Android target not found
Native extension for WindowsStandalone target not found
Native extension for WebGL target not found
ScheduleIndexationOnStartup MainProcess:False IndexOnStartup:True
Mono: successfully reloaded assembly
- Finished resetting the current domain, in  0.526 seconds
Domain Reload Profiling: 1934ms
	BeginReloadAssembly (1168ms)
		ExecutionOrderSort (0ms)
		DisableScriptedObjects (6ms)
		BackupInstance (0ms)
		ReleaseScriptingObjects (0ms)
		CreateAndSetChildDomain (1041ms)
	RebuildCommonClasses (31ms)
	RebuildNativeTypeToScriptingClass (10ms)
	initialDomainReloadingComplete (21ms)
	LoadAllAssembliesAndSetupDomain (177ms)
		LoadAssemblies (208ms)
		RebuildTransferFunctionScriptingTraits (0ms)
		AnalyzeDomain (51ms)
			TypeCache.Refresh (3ms)
				TypeCache.ScanAssembly (0ms)
			BuildScriptInfoCaches (44ms)
			ResolveRequiredComponents (2ms)
	FinalizeReload (526ms)
		ReleaseScriptCaches (0ms)
		RebuildScriptCaches (0ms)
		SetupLoadedEditorAssemblies (426ms)
			LogAssemblyErrors (0ms)
			InitializePlatformSupportModulesInManaged (9ms)
			SetLoadedEditorAssemblies (5ms)
			BeforeProcessingInitializeOnLoad (119ms)
			ProcessInitializeOnLoadAttributes (248ms)
			ProcessInitializeOnLoadMethodAttributes (41ms)
			AfterProcessingInitializeOnLoad (5ms)
			EditorAssembliesLoaded (0ms)
		ExecutionOrderSort2 (0ms)
		AwakeInstancesAfterBackupRestoration (6ms)
Refreshing native plugins compatible for Editor in 0.63 ms, found 2 plugins.
Preloading 0 native plugins for Editor in 0.00 ms.
Unloading 0 Unused Serialized files (Serialized files now loaded: 0)
Unloading 1593 unused Assets / (321.3 KB). Loaded Objects now: 2255.
Memory consumption went from 80.6 MB to 80.3 MB.
Total: 4.537200 ms (FindLiveObjects: 0.222600 ms CreateObjectMapping: 0.071100 ms MarkObjects: 3.923100 ms  DeleteObjects: 0.319500 ms)

Prepare: number of updated asset objects reloaded= 0
========================================================================
Received Import Request.
  Time since last request: 166.692489 seconds.
  path: Assets/Materials/_DrawMat.mat
  artifactKey: Guid(3e3b85cc5651b4d4f9413f945f52b458) Importer(815301076,1909f56bfc062723c751e8b465ee728b)
Start importing Assets/Materials/_DrawMat.mat using Guid(3e3b85cc5651b4d4f9413f945f52b458) Importer(815301076,1909f56bfc062723c751e8b465ee728b) (PreviewImporter) -> (artifact id: 'bcf7425b700362f2d28d5f213fe09dde') in 0.0585137 seconds
Number of updated asset objects reloaded before import = 0Number of asset objects unloaded after import = 1

========================================================================
Received Import Request.
  Time since last request: 7.853143 seconds.
  path: Assets/Shaders/Draw.shader
  artifactKey: Guid(555d52b9c0c7b57468f14fdb92ecaca0) Importer(815301076,1909f56bfc062723c751e8b465ee728b)
Start importing Assets/Shaders/Draw.shader using Guid(555d52b9c0c7b57468f14fdb92ecaca0) Importer(815301076,1909f56bfc062723c751e8b465ee728b) (PreviewImporter) -> (artifact id: '7aa246d5b0f69310e3e29afe4b9166c8') in 0.0006521 seconds
Number of updated asset objects reloaded before import = 0Number of asset objects unloaded after import = 0

========================================================================
Received Import Request.
  Time since last request: 7.588812 seconds.
  path: Assets/Shaders/Painter.shader
  artifactKey: Guid(59c35d77191d5254ab8d0f81027b4ebe) Importer(815301076,1909f56bfc062723c751e8b465ee728b)
Start importing Assets/Shaders/Painter.shader using Guid(59c35d77191d5254ab8d0f81027b4ebe) Importer(815301076,1909f56bfc062723c751e8b465ee728b) (PreviewImporter) -> (artifact id: 'acd233727fadfa262eda063c1e843319') in 0.0007885 seconds
Number of updated asset objects reloaded before import = 0Number of asset objects unloaded after import = 0

========================================================================
Received Prepare
[Licensing::Client] Successfully resolved entitlement details
[Licensing::Module] License group:
  Id: F4-764U-JDE6-AHCT-U6ZM-XXXX
  Product: Unity Personal
  Type: ULF
  Expiration: Unlimited
[Licensing::Module] License group:
  Id: 9071118640825-UnityPersXXXX
  Product: Unity Personal
  Type: Assigned
  Expiration: Unlimited
Begin MonoManager ReloadAssembly
[Licensing::Client] Successfully resolved entitlement details
[Licensing::Module] License group:
  Id: F4-764U-JDE6-AHCT-U6ZM-XXXX
  Product: Unity Personal
  Type: ULF
  Expiration: Unlimited
[Licensing::Module] License group:
  Id: 9071118640825-UnityPersXXXX
  Product: Unity Personal
  Type: Assigned
  Expiration: Unlimited
ADTM: Control thread waiting for realtime thread timed out, have to lock...
- Loaded All Assemblies, in  1.412 seconds
Refreshing native plugins compatible for Editor in 0.63 ms, found 2 plugins.
Native extension for Android target not found
Native extension for WindowsStandalone target not found
Native extension for WebGL target not found
ScheduleIndexationOnStartup MainProcess:False IndexOnStartup:True
Mono: successfully reloaded assembly
- Finished resetting the current domain, in  0.529 seconds
Domain Reload Profiling: 1940ms
	BeginReloadAssembly (1171ms)
		ExecutionOrderSort (0ms)
		DisableScriptedObjects (6ms)
		BackupInstance (0ms)
		ReleaseScriptingObjects (0ms)
		CreateAndSetChildDomain (1042ms)
	RebuildCommonClasses (30ms)
	RebuildNativeTypeToScriptingClass (11ms)
	initialDomainReloadingComplete (21ms)
	LoadAllAssembliesAndSetupDomain (178ms)
		LoadAssemblies (209ms)
		RebuildTransferFunctionScriptingTraits (0ms)
		AnalyzeDomain (51ms)
			TypeCache.Refresh (3ms)
				TypeCache.ScanAssembly (0ms)
			BuildScriptInfoCaches (44ms)
			ResolveRequiredComponents (2ms)
	FinalizeReload (530ms)
		ReleaseScriptCaches (0ms)
		RebuildScriptCaches (0ms)
		SetupLoadedEditorAssemblies (431ms)
			LogAssemblyErrors (0ms)
			InitializePlatformSupportModulesInManaged (10ms)
			SetLoadedEditorAssemblies (4ms)
			BeforeProcessingInitializeOnLoad (122ms)
			ProcessInitializeOnLoadAttributes (249ms)
			ProcessInitializeOnLoadMethodAttributes (41ms)
			AfterProcessingInitializeOnLoad (5ms)
			EditorAssembliesLoaded (0ms)
		ExecutionOrderSort2 (0ms)
		AwakeInstancesAfterBackupRestoration (6ms)
Refreshing native plugins compatible for Editor in 0.61 ms, found 2 plugins.
Preloading 0 native plugins for Editor in 0.00 ms.
Unloading 0 Unused Serialized files (Serialized files now loaded: 0)
Unloading 1593 unused Assets / (352.8 KB). Loaded Objects now: 2256.
Memory consumption went from 80.7 MB to 80.3 MB.
Total: 4.917100 ms (FindLiveObjects: 0.157400 ms CreateObjectMapping: 0.064100 ms MarkObjects: 4.403500 ms  DeleteObjects: 0.291400 ms)

Prepare: number of updated asset objects reloaded= 0
========================================================================
Received Prepare
[Licensing::Client] Successfully resolved entitlement details
[Licensing::Module] License group:
  Id: F4-764U-JDE6-AHCT-U6ZM-XXXX
  Product: Unity Personal
  Type: ULF
  Expiration: Unlimited
[Licensing::Module] License group:
  Id: 9071118640825-UnityPersXXXX
  Product: Unity Personal
  Type: Assigned
  Expiration: Unlimited
Begin MonoManager ReloadAssembly
[Licensing::Client] Successfully resolved entitlement details
[Licensing::Module] License group:
  Id: F4-764U-JDE6-AHCT-U6ZM-XXXX
  Product: Unity Personal
  Type: ULF
  Expiration: Unlimited
[Licensing::Module] License group:
  Id: 9071118640825-UnityPersXXXX
  Product: Unity Personal
  Type: Assigned
  Expiration: Unlimited
ADTM: Control thread waiting for realtime thread timed out, have to lock...
- Loaded All Assemblies, in  1.404 seconds
Refreshing native plugins compatible for Editor in 0.54 ms, found 2 plugins.
Native extension for Android target not found
Native extension for WindowsStandalone target not found
Native extension for WebGL target not found
ScheduleIndexationOnStartup MainProcess:False IndexOnStartup:True
Mono: successfully reloaded assembly
- Finished resetting the current domain, in  0.513 seconds
Domain Reload Profiling: 1915ms
	BeginReloadAssembly (1165ms)
		ExecutionOrderSort (0ms)
		DisableScriptedObjects (6ms)
		BackupInstance (0ms)
		ReleaseScriptingObjects (0ms)
		CreateAndSetChildDomain (1039ms)
	RebuildCommonClasses (29ms)
	RebuildNativeTypeToScriptingClass (11ms)
	initialDomainReloadingComplete (20ms)
	LoadAllAssembliesAndSetupDomain (176ms)
		LoadAssemblies (203ms)
		RebuildTransferFunctionScriptingTraits (0ms)
		AnalyzeDomain (52ms)
			TypeCache.Refresh (5ms)
				TypeCache.ScanAssembly (0ms)
			BuildScriptInfoCaches (43ms)
			ResolveRequiredComponents (2ms)
	FinalizeReload (513ms)
		ReleaseScriptCaches (0ms)
		RebuildScriptCaches (0ms)
		SetupLoadedEditorAssemblies (416ms)
			LogAssemblyErrors (0ms)
			InitializePlatformSupportModulesInManaged (10ms)
			SetLoadedEditorAssemblies (4ms)
			BeforeProcessingInitializeOnLoad (117ms)
			ProcessInitializeOnLoadAttributes (240ms)
			ProcessInitializeOnLoadMethodAttributes (40ms)
			AfterProcessingInitializeOnLoad (5ms)
			EditorAssembliesLoaded (0ms)
		ExecutionOrderSort2 (0ms)
		AwakeInstancesAfterBackupRestoration (6ms)
Refreshing native plugins compatible for Editor in 0.60 ms, found 2 plugins.
Preloading 0 native plugins for Editor in 0.00 ms.
Unloading 0 Unused Serialized files (Serialized files now loaded: 0)
Unloading 1593 unused Assets / (307.6 KB). Loaded Objects now: 2257.
Memory consumption went from 80.7 MB to 80.4 MB.
Total: 4.333300 ms (FindLiveObjects: 0.156500 ms CreateObjectMapping: 0.065800 ms MarkObjects: 3.854500 ms  DeleteObjects: 0.255900 ms)

Prepare: number of updated asset objects reloaded= 0
========================================================================
Received Prepare
Refreshing native plugins compatible for Editor in 0.97 ms, found 2 plugins.
Preloading 0 native plugins for Editor in 0.00 ms.
Unloading 0 Unused Serialized files (Serialized files now loaded: 0)
Unloading 1588 unused Assets / (331.8 KB). Loaded Objects now: 2257.
Memory consumption went from 80.9 MB to 80.6 MB.
Total: 6.265500 ms (FindLiveObjects: 0.321200 ms CreateObjectMapping: 0.074800 ms MarkObjects: 5.491600 ms  DeleteObjects: 0.376900 ms)

Prepare: number of updated asset objects reloaded= 0
========================================================================
Received Prepare
[Licensing::Client] Successfully resolved entitlement details
[Licensing::Module] License group:
  Id: F4-764U-JDE6-AHCT-U6ZM-XXXX
  Product: Unity Personal
  Type: ULF
  Expiration: Unlimited
[Licensing::Module] License group:
  Id: 9071118640825-UnityPersXXXX
  Product: Unity Personal
  Type: Assigned
  Expiration: Unlimited
Begin MonoManager ReloadAssembly
[Licensing::Client] Successfully resolved entitlement details
[Licensing::Module] License group:
  Id: F4-764U-JDE6-AHCT-U6ZM-XXXX
  Product: Unity Personal
  Type: ULF
  Expiration: Unlimited
[Licensing::Module] License group:
  Id: 9071118640825-UnityPersXXXX
  Product: Unity Personal
  Type: Assigned
  Expiration: Unlimited
ADTM: Control thread waiting for realtime thread timed out, have to lock...
- Loaded All Assemblies, in  1.413 seconds
Refreshing native plugins compatible for Editor in 0.58 ms, found 2 plugins.
Native extension for Android target not found
Native extension for WindowsStandalone target not found
Native extension for WebGL target not found
ScheduleIndexationOnStartup MainProcess:False IndexOnStartup:True
Mono: successfully reloaded assembly
- Finished resetting the current domain, in  0.497 seconds
Domain Reload Profiling: 1908ms
	BeginReloadAssembly (1178ms)
		ExecutionOrderSort (0ms)
		DisableScriptedObjects (8ms)
		BackupInstance (0ms)
		ReleaseScriptingObjects (0ms)
		CreateAndSetChildDomain (1044ms)
	RebuildCommonClasses (30ms)
	RebuildNativeTypeToScriptingClass (10ms)
	initialDomainReloadingComplete (20ms)
	LoadAllAssembliesAndSetupDomain (173ms)
		LoadAssemblies (198ms)
		RebuildTransferFunctionScriptingTraits (0ms)
		AnalyzeDomain (52ms)
			TypeCache.Refresh (5ms)
				TypeCache.ScanAssembly (0ms)
			BuildScriptInfoCaches (43ms)
			ResolveRequiredComponents (2ms)
	FinalizeReload (497ms)
		ReleaseScriptCaches (0ms)
		RebuildScriptCaches (0ms)
		SetupLoadedEditorAssemblies (405ms)
			LogAssemblyErrors (0ms)
			InitializePlatformSupportModulesInManaged (9ms)
			SetLoadedEditorAssemblies (4ms)
			BeforeProcessingInitializeOnLoad (112ms)
			ProcessInitializeOnLoadAttributes (236ms)
			ProcessInitializeOnLoadMethodAttributes (39ms)
			AfterProcessingInitializeOnLoad (5ms)
			EditorAssembliesLoaded (0ms)
		ExecutionOrderSort2 (0ms)
		AwakeInstancesAfterBackupRestoration (6ms)
Refreshing native plugins compatible for Editor in 0.60 ms, found 2 plugins.
Preloading 0 native plugins for Editor in 0.00 ms.
Unloading 0 Unused Serialized files (Serialized files now loaded: 0)
Unloading 1593 unused Assets / (309.5 KB). Loaded Objects now: 2258.
Memory consumption went from 80.7 MB to 80.4 MB.
Total: 4.326300 ms (FindLiveObjects: 0.147100 ms CreateObjectMapping: 0.061900 ms MarkObjects: 3.850500 ms  DeleteObjects: 0.266300 ms)

Prepare: number of updated asset objects reloaded= 0
========================================================================
Received Prepare
Begin MonoManager ReloadAssembly
ADTM: Control thread waiting for realtime thread timed out, have to lock...
- Loaded All Assemblies, in  1.417 seconds
Refreshing native plugins compatible for Editor in 0.56 ms, found 2 plugins.
Native extension for Android target not found
Native extension for WindowsStandalone target not found
Native extension for WebGL target not found
ScheduleIndexationOnStartup MainProcess:False IndexOnStartup:True
Mono: successfully reloaded assembly
- Finished resetting the current domain, in  0.537 seconds
Domain Reload Profiling: 1952ms
	BeginReloadAssembly (1173ms)
		ExecutionOrderSort (0ms)
		DisableScriptedObjects (6ms)
		BackupInstance (0ms)
		ReleaseScriptingObjects (0ms)
		CreateAndSetChildDomain (1044ms)
	RebuildCommonClasses (30ms)
	RebuildNativeTypeToScriptingClass (11ms)
	initialDomainReloadingComplete (21ms)
	LoadAllAssembliesAndSetupDomain (179ms)
		LoadAssemblies (210ms)
		RebuildTransferFunctionScriptingTraits (0ms)
		AnalyzeDomain (53ms)
			TypeCache.Refresh (4ms)
				TypeCache.ScanAssembly (0ms)
			BuildScriptInfoCaches (46ms)
			ResolveRequiredComponents (2ms)
	FinalizeReload (538ms)
		ReleaseScriptCaches (0ms)
		RebuildScriptCaches (0ms)
		SetupLoadedEditorAssemblies (437ms)
			LogAssemblyErrors (0ms)
			InitializePlatformSupportModulesInManaged (10ms)
			SetLoadedEditorAssemblies (4ms)
			BeforeProcessingInitializeOnLoad (129ms)
			ProcessInitializeOnLoadAttributes (248ms)
			ProcessInitializeOnLoadMethodAttributes (41ms)
			AfterProcessingInitializeOnLoad (5ms)
			EditorAssembliesLoaded (0ms)
		ExecutionOrderSort2 (0ms)
		AwakeInstancesAfterBackupRestoration (7ms)
Refreshing native plugins compatible for Editor in 0.65 ms, found 2 plugins.
Preloading 0 native plugins for Editor in 0.00 ms.
Unloading 0 Unused Serialized files (Serialized files now loaded: 0)
Unloading 1593 unused Assets / (310.5 KB). Loaded Objects now: 2259.
Memory consumption went from 80.7 MB to 80.4 MB.
Total: 4.723100 ms (FindLiveObjects: 0.154200 ms CreateObjectMapping: 0.083800 ms MarkObjects: 4.207000 ms  DeleteObjects: 0.277500 ms)

Prepare: number of updated asset objects reloaded= 0
