Using pre-set license
Built from 'trunk' branch; Version is '6000.0.3f1 (019aa96b6ed9) revision 105129'; Using compiler version '193933522'; Build Type 'Release'
OS: 'Windows 11  (10.0.26100) 64bit Core' Language: 'pl' Physical Memory: 49077 MB
BatchMode: 1, IsHumanControllingUs: 0, StartBugReporterOnCrash: 0, Is64bit: 1, IsPro: 1

COMMAND LINE ARGUMENTS:
C:\Program Files\Unity\Hub\Editor\6000.0.3f1\Editor\Unity.exe
-adb2
-batchMode
-noUpm
-name
AssetImportWorker1
-projectPath
C:/Users/Piotr/Documents/GitHub/Malowanki
-logFile
Logs/AssetImportWorker1.log
-srvPort
51234
-job-worker-count
5
-background-job-worker-count
8
-asset-garbage-collectors
1
Successfully changed project path to: C:/Users/Piotr/Documents/GitHub/Malowanki
C:/Users/Piotr/Documents/GitHub/Malowanki
[UnityMemory] Configuration Parameters - Can be set up in boot.config
    "memorysetup-bucket-allocator-granularity=16"
    "memorysetup-bucket-allocator-bucket-count=8"
    "memorysetup-bucket-allocator-block-size=33554432"
    "memorysetup-bucket-allocator-block-count=8"
    "memorysetup-main-allocator-block-size=16777216"
    "memorysetup-thread-allocator-block-size=16777216"
    "memorysetup-gfx-main-allocator-block-size=16777216"
    "memorysetup-gfx-thread-allocator-block-size=16777216"
    "memorysetup-cache-allocator-block-size=4194304"
    "memorysetup-typetree-allocator-block-size=2097152"
    "memorysetup-profiler-bucket-allocator-granularity=16"
    "memorysetup-profiler-bucket-allocator-bucket-count=8"
    "memorysetup-profiler-bucket-allocator-block-size=33554432"
    "memorysetup-profiler-bucket-allocator-block-count=8"
    "memorysetup-profiler-allocator-block-size=16777216"
    "memorysetup-profiler-editor-allocator-block-size=1048576"
    "memorysetup-temp-allocator-size-main=16777216"
    "memorysetup-job-temp-allocator-block-size=2097152"
    "memorysetup-job-temp-allocator-block-size-background=1048576"
    "memorysetup-job-temp-allocator-reduction-small-platforms=262144"
    "memorysetup-allocator-temp-initial-block-size-main=262144"
    "memorysetup-allocator-temp-initial-block-size-worker=262144"
    "memorysetup-temp-allocator-size-background-worker=32768"
    "memorysetup-temp-allocator-size-job-worker=262144"
    "memorysetup-temp-allocator-size-preload-manager=33554432"
    "memorysetup-temp-allocator-size-nav-mesh-worker=65536"
    "memorysetup-temp-allocator-size-audio-worker=65536"
    "memorysetup-temp-allocator-size-cloud-worker=32768"
    "memorysetup-temp-allocator-size-gi-baking-worker=262144"
    "memorysetup-temp-allocator-size-gi-baking-worker=262144"
    "memorysetup-temp-allocator-size-gi-baking-worker=262144"
    "memorysetup-temp-allocator-size-gi-baking-worker=262144"
    "memorysetup-temp-allocator-size-gi-baking-worker=262144"
    "memorysetup-temp-allocator-size-gfx=262144"
Player connection [27876]  Target information:

Player connection [27876]  * "[IP] 192.168.0.104 [Port] 0 [Flags] 2 [Guid] 2210580213 [EditorId] 2210580213 [Version] 1048832 [Id] WindowsEditor(7,Piotr-Omen) [Debug] 1 [PackageName] WindowsEditor [ProjectName] Editor" 

Player connection [27876] Host joined multi-casting on [225.0.0.222:54997]...
Player connection [27876] Host joined alternative multi-casting on [225.0.0.222:34997]...
JobSystem: Creating JobQueue using job-worker-count value 5
Library Redirect Path: Library/
[PhysX] Initialized MultithreadedTaskDispatcher with 6 workers.
Refreshing native plugins compatible for Editor in 1.07 ms, found 2 plugins.
Preloading 0 native plugins for Editor in 0.00 ms.
Initialize engine version: 6000.0.3f1 (019aa96b6ed9)
[Subsystems] Discovering subsystems at path C:/Program Files/Unity/Hub/Editor/6000.0.3f1/Editor/Data/Resources/UnitySubsystems
[Subsystems] Discovering subsystems at path C:/Users/Piotr/Documents/GitHub/Malowanki/Assets
GfxDevice: creating device client; kGfxThreadingModeNonThreaded
Direct3D:
    Version:  Direct3D 11.0 [level 11.1]
    Renderer: Radeon RX 580 Series (ID=0x67df)
    Vendor:   ATI
    VRAM:     8135 MB
    Driver:   31.0.21921.1000
Initialize mono
Mono path[0] = 'C:/Program Files/Unity/Hub/Editor/6000.0.3f1/Editor/Data/Managed'
Mono path[1] = 'C:/Program Files/Unity/Hub/Editor/6000.0.3f1/Editor/Data/MonoBleedingEdge/lib/mono/unityjit-win32'
Mono config path = 'C:/Program Files/Unity/Hub/Editor/6000.0.3f1/Editor/Data/MonoBleedingEdge/etc'
Using monoOptions --debugger-agent=transport=dt_socket,embedding=1,server=y,suspend=n,address=127.0.0.1:56152
Begin MonoManager ReloadAssembly
Registering precompiled unity dll's ...
Register platform support module: C:/Program Files/Unity/Hub/Editor/6000.0.3f1/Editor/Data/PlaybackEngines/WindowsStandaloneSupport/UnityEditor.WindowsStandalone.Extensions.dll
Registered in 0.002196 seconds.
- Loaded All Assemblies, in  0.349 seconds
Native extension for WindowsStandalone target not found
Mono: successfully reloaded assembly
- Finished resetting the current domain, in  0.429 seconds
Domain Reload Profiling: 776ms
	BeginReloadAssembly (110ms)
		ExecutionOrderSort (0ms)
		DisableScriptedObjects (0ms)
		BackupInstance (0ms)
		ReleaseScriptingObjects (0ms)
		CreateAndSetChildDomain (1ms)
	RebuildCommonClasses (32ms)
	RebuildNativeTypeToScriptingClass (13ms)
	initialDomainReloadingComplete (45ms)
	LoadAllAssembliesAndSetupDomain (147ms)
		LoadAssemblies (107ms)
		RebuildTransferFunctionScriptingTraits (0ms)
		AnalyzeDomain (145ms)
			TypeCache.Refresh (144ms)
				TypeCache.ScanAssembly (133ms)
			BuildScriptInfoCaches (0ms)
			ResolveRequiredComponents (0ms)
	FinalizeReload (429ms)
		ReleaseScriptCaches (0ms)
		RebuildScriptCaches (0ms)
		SetupLoadedEditorAssemblies (375ms)
			LogAssemblyErrors (0ms)
			InitializePlatformSupportModulesInManaged (30ms)
			SetLoadedEditorAssemblies (5ms)
			BeforeProcessingInitializeOnLoad (5ms)
			ProcessInitializeOnLoadAttributes (149ms)
			ProcessInitializeOnLoadMethodAttributes (187ms)
			AfterProcessingInitializeOnLoad (0ms)
			EditorAssembliesLoaded (0ms)
		ExecutionOrderSort2 (0ms)
		AwakeInstancesAfterBackupRestoration (0ms)
========================================================================
Worker process is ready to serve import requests
Import Worker Mode flag is 0x00
Begin MonoManager ReloadAssembly
- Loaded All Assemblies, in  0.783 seconds
Refreshing native plugins compatible for Editor in 0.66 ms, found 2 plugins.
Native extension for WindowsStandalone target not found
Mono: successfully reloaded assembly
- Finished resetting the current domain, in  0.799 seconds
Domain Reload Profiling: 1580ms
	BeginReloadAssembly (360ms)
		ExecutionOrderSort (0ms)
		DisableScriptedObjects (6ms)
		BackupInstance (0ms)
		ReleaseScriptingObjects (0ms)
		CreateAndSetChildDomain (27ms)
	RebuildCommonClasses (33ms)
	RebuildNativeTypeToScriptingClass (10ms)
	initialDomainReloadingComplete (33ms)
	LoadAllAssembliesAndSetupDomain (346ms)
		LoadAssemblies (231ms)
		RebuildTransferFunctionScriptingTraits (0ms)
		AnalyzeDomain (201ms)
			TypeCache.Refresh (183ms)
				TypeCache.ScanAssembly (169ms)
			BuildScriptInfoCaches (15ms)
			ResolveRequiredComponents (2ms)
	FinalizeReload (799ms)
		ReleaseScriptCaches (0ms)
		RebuildScriptCaches (0ms)
		SetupLoadedEditorAssemblies (596ms)
			LogAssemblyErrors (0ms)
			InitializePlatformSupportModulesInManaged (2ms)
			SetLoadedEditorAssemblies (5ms)
			BeforeProcessingInitializeOnLoad (49ms)
			ProcessInitializeOnLoadAttributes (333ms)
			ProcessInitializeOnLoadMethodAttributes (200ms)
			AfterProcessingInitializeOnLoad (7ms)
			EditorAssembliesLoaded (0ms)
		ExecutionOrderSort2 (0ms)
		AwakeInstancesAfterBackupRestoration (11ms)
Launched and connected shader compiler UnityShaderCompiler.exe after 0.01 seconds
Refreshing native plugins compatible for Editor in 0.71 ms, found 2 plugins.
Preloading 0 native plugins for Editor in 0.00 ms.
Unloading 14 Unused Serialized files (Serialized files now loaded: 0)
Unloading 1688 unused Assets / (468.6 KB). Loaded Objects now: 2289.
Memory consumption went from 96.1 MB to 95.6 MB.
Total: 5.889000 ms (FindLiveObjects: 0.168300 ms CreateObjectMapping: 0.063400 ms MarkObjects: 5.150500 ms  DeleteObjects: 0.505800 ms)

========================================================================
Received Prepare
Refreshing native plugins compatible for Editor in 0.67 ms, found 2 plugins.
Preloading 0 native plugins for Editor in 0.00 ms.
Unloading 0 Unused Serialized files (Serialized files now loaded: 0)
Unloading 1674 unused Assets / (336.3 KB). Loaded Objects now: 2283.
Memory consumption went from 91.5 MB to 91.2 MB.
Total: 4.645200 ms (FindLiveObjects: 0.167400 ms CreateObjectMapping: 0.062100 ms MarkObjects: 4.084600 ms  DeleteObjects: 0.330300 ms)

Prepare: number of updated asset objects reloaded= 0
========================================================================
Received Prepare
Refreshing native plugins compatible for Editor in 0.93 ms, found 2 plugins.
Preloading 0 native plugins for Editor in 0.00 ms.
Unloading 0 Unused Serialized files (Serialized files now loaded: 0)
Unloading 1676 unused Assets / (320.8 KB). Loaded Objects now: 2285.
Memory consumption went from 91.5 MB to 91.2 MB.
Total: 3.927400 ms (FindLiveObjects: 0.166900 ms CreateObjectMapping: 0.061500 ms MarkObjects: 3.428900 ms  DeleteObjects: 0.269500 ms)

Prepare: number of updated asset objects reloaded= 0
========================================================================
Received Import Request.
  Time since last request: 816.887184 seconds.
  path: Assets/WSATestCertificate.pfx
  artifactKey: Guid(80f3a922e12b96045bc5218aa9670522) Importer(2089858483,192608db42251d675da83286b1cce702)
Start importing Assets/WSATestCertificate.pfx using Guid(80f3a922e12b96045bc5218aa9670522) Importer(2089858483,192608db42251d675da83286b1cce702) (ScriptedImporter)[PhysX] Initialized MultithreadedTaskDispatcher with 6 workers.
 -> (artifact id: '4a2568c7f4ade58c8bb8945ae6bdb4d0') in 0.0650603 seconds
Number of updated asset objects reloaded before import = 0Number of asset objects unloaded after import = 1

========================================================================
Received Import Request.
  Time since last request: 0.000018 seconds.
  path: Assets/Sprites/RT.renderTexture
  artifactKey: Guid(ea0de33b023aad94f91b4923387b9f50) Importer(2089858483,192608db42251d675da83286b1cce702)
Start importing Assets/Sprites/RT.renderTexture using Guid(ea0de33b023aad94f91b4923387b9f50) Importer(2089858483,192608db42251d675da83286b1cce702) (ScriptedImporter)[PhysX] Initialized MultithreadedTaskDispatcher with 6 workers.
 -> (artifact id: '88a7c8a3e795e5bd3b75d6ef7fb38ee5') in 0.0368814 seconds
Number of updated asset objects reloaded before import = 0Number of asset objects unloaded after import = 1

========================================================================
Received Import Request.
  Time since last request: 0.000037 seconds.
  path: Assets/Prefabs/UniversalRenderPipelineAsset.asset
  artifactKey: Guid(6bf223d4a9f2e384e8a3f77a75837b82) Importer(2089858483,192608db42251d675da83286b1cce702)
Start importing Assets/Prefabs/UniversalRenderPipelineAsset.asset using Guid(6bf223d4a9f2e384e8a3f77a75837b82) Importer(2089858483,192608db42251d675da83286b1cce702) (ScriptedImporter)[PhysX] Initialized MultithreadedTaskDispatcher with 6 workers.
 -> (artifact id: 'd78bf1605b95249e5c87d0dd21f88beb') in 0.012443 seconds
Number of updated asset objects reloaded before import = 0Number of asset objects unloaded after import = 1

========================================================================
Received Import Request.
  Time since last request: 0.000018 seconds.
  path: Assets/Shaders/MatShader.shader
  artifactKey: Guid(8849ea142dad4e94dbec6d4c115fecce) Importer(2089858483,192608db42251d675da83286b1cce702)
Start importing Assets/Shaders/MatShader.shader using Guid(8849ea142dad4e94dbec6d4c115fecce) Importer(2089858483,192608db42251d675da83286b1cce702) (ScriptedImporter)[PhysX] Initialized MultithreadedTaskDispatcher with 6 workers.
 -> (artifact id: 'e50b10131993476dc14b349ffe01cfe6') in 0.0184649 seconds
Number of updated asset objects reloaded before import = 0Number of asset objects unloaded after import = 1

========================================================================
Received Import Request.
  Time since last request: 0.000018 seconds.
  path: Assets/FullTiltBoogie/Materials/BokehHex.mat
  artifactKey: Guid(dfdb41e90bb4440d98b876cfc2acae2e) Importer(2089858483,192608db42251d675da83286b1cce702)
Start importing Assets/FullTiltBoogie/Materials/BokehHex.mat using Guid(dfdb41e90bb4440d98b876cfc2acae2e) Importer(2089858483,192608db42251d675da83286b1cce702) (ScriptedImporter)[PhysX] Initialized MultithreadedTaskDispatcher with 6 workers.
 -> (artifact id: '9e297e81f69e9c8c187175bf1eaede1a') in 0.0209302 seconds
Number of updated asset objects reloaded before import = 0Number of asset objects unloaded after import = 2

========================================================================
Received Import Request.
  Time since last request: 0.000019 seconds.
  path: Assets/FullTiltBoogie/Materials/BokehHexAlpha.mat
  artifactKey: Guid(4927e5dcc23164c0988f0c23c461cbe0) Importer(2089858483,192608db42251d675da83286b1cce702)
Start importing Assets/FullTiltBoogie/Materials/BokehHexAlpha.mat using Guid(4927e5dcc23164c0988f0c23c461cbe0) Importer(2089858483,192608db42251d675da83286b1cce702) (ScriptedImporter)[PhysX] Initialized MultithreadedTaskDispatcher with 6 workers.
 -> (artifact id: 'ee10f8a13a67b323481511348fa7d2c7') in 0.012765 seconds
Number of updated asset objects reloaded before import = 0Number of asset objects unloaded after import = 2

========================================================================
Received Import Request.
  Time since last request: 0.000014 seconds.
  path: Assets/FullTiltBoogie/Prefabs/TopScoreParticles.prefab
  artifactKey: Guid(2af58d6e034bbd5418f0f768d94e90b1) Importer(2089858483,192608db42251d675da83286b1cce702)
Start importing Assets/FullTiltBoogie/Prefabs/TopScoreParticles.prefab using Guid(2af58d6e034bbd5418f0f768d94e90b1) Importer(2089858483,192608db42251d675da83286b1cce702) (ScriptedImporter)[PhysX] Initialized MultithreadedTaskDispatcher with 6 workers.
 -> (artifact id: 'f81f687a0171168202f5abb90d572b95') in 0.1134051 seconds
Number of updated asset objects reloaded before import = 0Number of asset objects unloaded after import = 7

========================================================================
Received Import Request.
  Time since last request: 0.000015 seconds.
  path: Assets/Scripts/PaintingModels.cs
  artifactKey: Guid(92f98cee28992be47ac15c7154e5a5bb) Importer(2089858483,192608db42251d675da83286b1cce702)
Start importing Assets/Scripts/PaintingModels.cs using Guid(92f98cee28992be47ac15c7154e5a5bb) Importer(2089858483,192608db42251d675da83286b1cce702) (ScriptedImporter)[PhysX] Initialized MultithreadedTaskDispatcher with 6 workers.
 -> (artifact id: '7c1491c4b8284dc3e79fd13e77f0b5bf') in 0.0099131 seconds
Number of updated asset objects reloaded before import = 0Number of asset objects unloaded after import = 0

========================================================================
Received Import Request.
  Time since last request: 0.000056 seconds.
  path: Assets/Scripts/ScoreView.cs
  artifactKey: Guid(2cf8bacc390511d40ada272e7f73ed28) Importer(2089858483,192608db42251d675da83286b1cce702)
Start importing Assets/Scripts/ScoreView.cs using Guid(2cf8bacc390511d40ada272e7f73ed28) Importer(2089858483,192608db42251d675da83286b1cce702) (ScriptedImporter)[PhysX] Initialized MultithreadedTaskDispatcher with 6 workers.
 -> (artifact id: '1861b77ce383c8ae319456c362b92412') in 0.0110123 seconds
Number of updated asset objects reloaded before import = 0Number of asset objects unloaded after import = 0

========================================================================
Received Import Request.
  Time since last request: 0.000052 seconds.
  path: Assets/FullTiltBoogie/RotateFlareHolder.cs
  artifactKey: Guid(84a8ea0020eb04481ab62f01d84cf5d9) Importer(2089858483,192608db42251d675da83286b1cce702)
Start importing Assets/FullTiltBoogie/RotateFlareHolder.cs using Guid(84a8ea0020eb04481ab62f01d84cf5d9) Importer(2089858483,192608db42251d675da83286b1cce702) (ScriptedImporter)[PhysX] Initialized MultithreadedTaskDispatcher with 6 workers.
 -> (artifact id: 'c6f98a190258b59c5f51c97728b2d7c9') in 0.0107474 seconds
Number of updated asset objects reloaded before import = 0Number of asset objects unloaded after import = 0

========================================================================
Received Import Request.
  Time since last request: 0.000053 seconds.
  path: Assets/Shaders/FixIlsandEdges.shader
  artifactKey: Guid(74ee5375b10b65e4eb4c870ac758eafd) Importer(2089858483,192608db42251d675da83286b1cce702)
Start importing Assets/Shaders/FixIlsandEdges.shader using Guid(74ee5375b10b65e4eb4c870ac758eafd) Importer(2089858483,192608db42251d675da83286b1cce702) (ScriptedImporter)[PhysX] Initialized MultithreadedTaskDispatcher with 6 workers.
 -> (artifact id: 'a45e60a93df7d986068bc6077ed1c892') in 0.0100485 seconds
Number of updated asset objects reloaded before import = 0Number of asset objects unloaded after import = 1

========================================================================
Received Import Request.
  Time since last request: 0.000051 seconds.
  path: Assets/Scripts/MainMenu.cs
  artifactKey: Guid(66b0dd056a88afc4cb409bb797caff3e) Importer(2089858483,192608db42251d675da83286b1cce702)
Start importing Assets/Scripts/MainMenu.cs using Guid(66b0dd056a88afc4cb409bb797caff3e) Importer(2089858483,192608db42251d675da83286b1cce702) (ScriptedImporter)[PhysX] Initialized MultithreadedTaskDispatcher with 6 workers.
 -> (artifact id: '70d72283514c67e2bb986a46ea109c65') in 0.0121883 seconds
Number of updated asset objects reloaded before import = 0Number of asset objects unloaded after import = 0

========================================================================
Received Import Request.
  Time since last request: 0.000057 seconds.
  path: Assets/Sprites/FreePaint.png
  artifactKey: Guid(a9339a0ece2daaa41b1fa1ed446154de) Importer(2089858483,192608db42251d675da83286b1cce702)
Start importing Assets/Sprites/FreePaint.png using Guid(a9339a0ece2daaa41b1fa1ed446154de) Importer(2089858483,192608db42251d675da83286b1cce702) (ScriptedImporter)[PhysX] Initialized MultithreadedTaskDispatcher with 6 workers.
 -> (artifact id: '6b298b5d6dacd56feee293fc0c33da0b') in 0.0594717 seconds
Number of updated asset objects reloaded before import = 0Number of asset objects unloaded after import = 1

========================================================================
Received Import Request.
  Time since last request: 0.000019 seconds.
  path: Assets/Prefabs/Sphere.prefab
  artifactKey: Guid(7ad346619e06f554d912474b43193f9f) Importer(2089858483,192608db42251d675da83286b1cce702)
Start importing Assets/Prefabs/Sphere.prefab using Guid(7ad346619e06f554d912474b43193f9f) Importer(2089858483,192608db42251d675da83286b1cce702) (ScriptedImporter)[PhysX] Initialized MultithreadedTaskDispatcher with 6 workers.
 -> (artifact id: '3942ce194708df8a0ed591e0ac931751') in 0.0184663 seconds
Number of updated asset objects reloaded before import = 0Number of asset objects unloaded after import = 6

========================================================================
Received Import Request.
  Time since last request: 0.000013 seconds.
  path: Assets/Sprites/Main.png
  artifactKey: Guid(a646b8442faf0f7428248787f78524df) Importer(2089858483,192608db42251d675da83286b1cce702)
Start importing Assets/Sprites/Main.png using Guid(a646b8442faf0f7428248787f78524df) Importer(2089858483,192608db42251d675da83286b1cce702) (ScriptedImporter)[PhysX] Initialized MultithreadedTaskDispatcher with 6 workers.
 -> (artifact id: '9c62d858dd7d845ceb18c0b66ef24924') in 0.0197218 seconds
Number of updated asset objects reloaded before import = 0Number of asset objects unloaded after import = 1

========================================================================
Received Import Request.
  Time since last request: 0.000031 seconds.
  path: Assets/FullTiltBoogie/Materials/SmashCracksMat.mat
  artifactKey: Guid(c47160a4437d84aedb3c9d12fef8ae67) Importer(2089858483,192608db42251d675da83286b1cce702)
Start importing Assets/FullTiltBoogie/Materials/SmashCracksMat.mat using Guid(c47160a4437d84aedb3c9d12fef8ae67) Importer(2089858483,192608db42251d675da83286b1cce702) (ScriptedImporter)[PhysX] Initialized MultithreadedTaskDispatcher with 6 workers.
 -> (artifact id: '9bd60a478faece528af4280b2236ca7c') in 0.0141583 seconds
Number of updated asset objects reloaded before import = 0Number of asset objects unloaded after import = 2

========================================================================
Received Import Request.
  Time since last request: 0.000014 seconds.
  path: Assets/Prefabs/3DCameraWithPivotPoint.prefab
  artifactKey: Guid(ac08afb4db223a340a8bbadcc72fea22) Importer(2089858483,192608db42251d675da83286b1cce702)
Start importing Assets/Prefabs/3DCameraWithPivotPoint.prefab using Guid(ac08afb4db223a340a8bbadcc72fea22) Importer(2089858483,192608db42251d675da83286b1cce702) (ScriptedImporter)[PhysX] Initialized MultithreadedTaskDispatcher with 6 workers.
 -> (artifact id: '3b8f657a57889b3dfce1d94e6100d3e7') in 0.0141202 seconds
Number of updated asset objects reloaded before import = 0Number of asset objects unloaded after import = 11

========================================================================
Received Import Request.
  Time since last request: 0.000014 seconds.
  path: Assets/UI/literki.jpg
  artifactKey: Guid(c7a28ea53dd6ac34389487c502b07eee) Importer(2089858483,192608db42251d675da83286b1cce702)
Start importing Assets/UI/literki.jpg using Guid(c7a28ea53dd6ac34389487c502b07eee) Importer(2089858483,192608db42251d675da83286b1cce702) (ScriptedImporter)[PhysX] Initialized MultithreadedTaskDispatcher with 6 workers.
 -> (artifact id: '29d5a52f09704d9fbcae43a391d751a6') in 0.0249574 seconds
Number of updated asset objects reloaded before import = 0Number of asset objects unloaded after import = 3

========================================================================
Received Import Request.
  Time since last request: 0.000017 seconds.
  path: Assets/UI/balloons-298144_1280.png
  artifactKey: Guid(29eb3ae23bafa6b4b9e3f5b02f973728) Importer(2089858483,192608db42251d675da83286b1cce702)
Start importing Assets/UI/balloons-298144_1280.png using Guid(29eb3ae23bafa6b4b9e3f5b02f973728) Importer(2089858483,192608db42251d675da83286b1cce702) (ScriptedImporter)[PhysX] Initialized MultithreadedTaskDispatcher with 6 workers.
 -> (artifact id: '60a780b1f8b9a6edefa4d9cf47840311') in 0.0269123 seconds
Number of updated asset objects reloaded before import = 0Number of asset objects unloaded after import = 3

========================================================================
Received Import Request.
  Time since last request: 0.000015 seconds.
  path: Assets/Models/Chunk0_Normal.png
  artifactKey: Guid(23a015825731908488d94c9805be0211) Importer(2089858483,192608db42251d675da83286b1cce702)
Start importing Assets/Models/Chunk0_Normal.png using Guid(23a015825731908488d94c9805be0211) Importer(2089858483,192608db42251d675da83286b1cce702) (ScriptedImporter)[PhysX] Initialized MultithreadedTaskDispatcher with 6 workers.
 -> (artifact id: '1afd45de8e1889d866f1bde857ff1d67') in 0.0201583 seconds
Number of updated asset objects reloaded before import = 0Number of asset objects unloaded after import = 1

========================================================================
Received Import Request.
  Time since last request: 0.000029 seconds.
  path: Assets/Models/GIraffe/18.png
  artifactKey: Guid(23a4b6b7c4515d441ae8158f22d0d078) Importer(2089858483,192608db42251d675da83286b1cce702)
Start importing Assets/Models/GIraffe/18.png using Guid(23a4b6b7c4515d441ae8158f22d0d078) Importer(2089858483,192608db42251d675da83286b1cce702) (ScriptedImporter)[PhysX] Initialized MultithreadedTaskDispatcher with 6 workers.
 -> (artifact id: '9f82c64fd8a81b8873e066992876b8cf') in 0.0224751 seconds
Number of updated asset objects reloaded before import = 0Number of asset objects unloaded after import = 3

========================================================================
Received Import Request.
  Time since last request: 0.000014 seconds.
  path: Assets/FullTiltBoogie/SCENES/Example.unity
  artifactKey: Guid(fc7471c908cd74346aa0d6a8cf155212) Importer(2089858483,192608db42251d675da83286b1cce702)
Start importing Assets/FullTiltBoogie/SCENES/Example.unity using Guid(fc7471c908cd74346aa0d6a8cf155212) Importer(2089858483,192608db42251d675da83286b1cce702) (ScriptedImporter)[PhysX] Initialized MultithreadedTaskDispatcher with 6 workers.
 -> (artifact id: 'f7bc3a7eba2858124b20d76ce9ddf16f') in 0.0090198 seconds
Number of updated asset objects reloaded before import = 0Number of asset objects unloaded after import = 1

========================================================================
Received Import Request.
  Time since last request: 0.000028 seconds.
  path: Assets/FullTiltBoogie/Prefabs/VfxBrightSparks.prefab
  artifactKey: Guid(2a16ccf2b8a7d4b64a6db61ab16a891f) Importer(2089858483,192608db42251d675da83286b1cce702)
Start importing Assets/FullTiltBoogie/Prefabs/VfxBrightSparks.prefab using Guid(2a16ccf2b8a7d4b64a6db61ab16a891f) Importer(2089858483,192608db42251d675da83286b1cce702) (ScriptedImporter)[PhysX] Initialized MultithreadedTaskDispatcher with 6 workers.
 -> (artifact id: '7b31f7811041f248a35f4cdb55979dec') in 0.0514403 seconds
Number of updated asset objects reloaded before import = 0Number of asset objects unloaded after import = 6

========================================================================
Received Import Request.
  Time since last request: 0.000013 seconds.
  path: Assets/FullTiltBoogie/Prefabs/VfxParticleLoResDust.prefab
  artifactKey: Guid(b886a92db5d5e4816856f7e8c0b7f053) Importer(2089858483,192608db42251d675da83286b1cce702)
Start importing Assets/FullTiltBoogie/Prefabs/VfxParticleLoResDust.prefab using Guid(b886a92db5d5e4816856f7e8c0b7f053) Importer(2089858483,192608db42251d675da83286b1cce702) (ScriptedImporter)[PhysX] Initialized MultithreadedTaskDispatcher with 6 workers.
 -> (artifact id: 'cf28941315ffe9daf8747cf49bc4d31b') in 0.0540923 seconds
Number of updated asset objects reloaded before import = 0Number of asset objects unloaded after import = 6

========================================================================
Received Import Request.
  Time since last request: 0.000017 seconds.
  path: Assets/Photos/screen_1920x1080_2020-02-18_19-58-12.png
  artifactKey: Guid(157979f1388469e4587425738a3cf778) Importer(2089858483,192608db42251d675da83286b1cce702)
Start importing Assets/Photos/screen_1920x1080_2020-02-18_19-58-12.png using Guid(157979f1388469e4587425738a3cf778) Importer(2089858483,192608db42251d675da83286b1cce702) (ScriptedImporter)[PhysX] Initialized MultithreadedTaskDispatcher with 6 workers.
 -> (artifact id: '5bd810fb42a3f0bf956ce493a65b2b17') in 0.0225309 seconds
Number of updated asset objects reloaded before import = 0Number of asset objects unloaded after import = 1

========================================================================
Received Import Request.
  Time since last request: 0.000037 seconds.
  path: Assets/FullTiltBoogie/Materials/BokehQuint.mat
  artifactKey: Guid(2457b0d8c738e419ca3b1ad562f48fe0) Importer(2089858483,192608db42251d675da83286b1cce702)
Start importing Assets/FullTiltBoogie/Materials/BokehQuint.mat using Guid(2457b0d8c738e419ca3b1ad562f48fe0) Importer(2089858483,192608db42251d675da83286b1cce702) (ScriptedImporter)[PhysX] Initialized MultithreadedTaskDispatcher with 6 workers.
 -> (artifact id: '3c7ec0366b9e53a3a690b04b09e9dc84') in 0.0133708 seconds
Number of updated asset objects reloaded before import = 0Number of asset objects unloaded after import = 2

========================================================================
Received Import Request.
  Time since last request: 0.000108 seconds.
  path: Assets/Models/GIraffe/22.png
  artifactKey: Guid(66174a8b898dff949a336e9718ba81df) Importer(2089858483,192608db42251d675da83286b1cce702)
Start importing Assets/Models/GIraffe/22.png using Guid(66174a8b898dff949a336e9718ba81df) Importer(2089858483,192608db42251d675da83286b1cce702) (ScriptedImporter)[PhysX] Initialized MultithreadedTaskDispatcher with 6 workers.
 -> (artifact id: 'ead0f8e0ce130e540b8860f0539284dc') in 0.0200739 seconds
Number of updated asset objects reloaded before import = 0Number of asset objects unloaded after import = 3

========================================================================
Received Import Request.
  Time since last request: 0.000014 seconds.
  path: Assets/Shaders/Draw.cs
  artifactKey: Guid(0182d3b1a5710ce4fa1bad1363fce03b) Importer(2089858483,192608db42251d675da83286b1cce702)
Start importing Assets/Shaders/Draw.cs using Guid(0182d3b1a5710ce4fa1bad1363fce03b) Importer(2089858483,192608db42251d675da83286b1cce702) (ScriptedImporter)[PhysX] Initialized MultithreadedTaskDispatcher with 6 workers.
 -> (artifact id: 'eab9684c3edadad3b2c993e28acdf295') in 0.0115998 seconds
Number of updated asset objects reloaded before import = 0Number of asset objects unloaded after import = 0

========================================================================
Received Import Request.
  Time since last request: 0.000068 seconds.
  path: Assets/Scripts/PaintableTexture.cs
  artifactKey: Guid(5121bbf9a55a7054ca0679c86a7dc41f) Importer(2089858483,192608db42251d675da83286b1cce702)
Start importing Assets/Scripts/PaintableTexture.cs using Guid(5121bbf9a55a7054ca0679c86a7dc41f) Importer(2089858483,192608db42251d675da83286b1cce702) (ScriptedImporter)[PhysX] Initialized MultithreadedTaskDispatcher with 6 workers.
 -> (artifact id: '42996e7d2eecf9d67aba141de0044144') in 0.0115048 seconds
Number of updated asset objects reloaded before import = 0Number of asset objects unloaded after import = 0

========================================================================
Received Import Request.
  Time since last request: 0.000021 seconds.
  path: Assets/FullTiltBoogie/Materials/SmokePuffs2.mat
  artifactKey: Guid(80e18054a2d9246a89ee4af89ba542f6) Importer(2089858483,192608db42251d675da83286b1cce702)
Start importing Assets/FullTiltBoogie/Materials/SmokePuffs2.mat using Guid(80e18054a2d9246a89ee4af89ba542f6) Importer(2089858483,192608db42251d675da83286b1cce702) (ScriptedImporter)[PhysX] Initialized MultithreadedTaskDispatcher with 6 workers.
 -> (artifact id: '06ebcbe5761fa2cccb96e313fd33c809') in 0.0139305 seconds
Number of updated asset objects reloaded before import = 0Number of asset objects unloaded after import = 2

========================================================================
Received Import Request.
  Time since last request: 0.000013 seconds.
  path: Assets/Models/GIraffe/2.png
  artifactKey: Guid(2079800d6461e764b82a2b7104ce0e74) Importer(2089858483,192608db42251d675da83286b1cce702)
Start importing Assets/Models/GIraffe/2.png using Guid(2079800d6461e764b82a2b7104ce0e74) Importer(2089858483,192608db42251d675da83286b1cce702) (ScriptedImporter)[PhysX] Initialized MultithreadedTaskDispatcher with 6 workers.
 -> (artifact id: '51e60604d9e3533430d4cd2bf3c7e9b4') in 0.0281785 seconds
Number of updated asset objects reloaded before import = 0Number of asset objects unloaded after import = 3

========================================================================
Received Import Request.
  Time since last request: 0.000015 seconds.
  path: Assets/Models/GIraffe/21.png
  artifactKey: Guid(6d4e61be20af87b49a6a1d5674fac807) Importer(2089858483,192608db42251d675da83286b1cce702)
Start importing Assets/Models/GIraffe/21.png using Guid(6d4e61be20af87b49a6a1d5674fac807) Importer(2089858483,192608db42251d675da83286b1cce702) (ScriptedImporter)[PhysX] Initialized MultithreadedTaskDispatcher with 6 workers.
 -> (artifact id: 'abe68242d3471bbc8f575fe30c6f3bec') in 0.0238321 seconds
Number of updated asset objects reloaded before import = 0Number of asset objects unloaded after import = 3

========================================================================
Received Import Request.
  Time since last request: 0.000017 seconds.
  path: Assets/FullTiltBoogie/Materials/LightningBoltsAlpha.mat
  artifactKey: Guid(bf0cfc1c08fb4e64f996747d421f246d) Importer(2089858483,192608db42251d675da83286b1cce702)
Start importing Assets/FullTiltBoogie/Materials/LightningBoltsAlpha.mat using Guid(bf0cfc1c08fb4e64f996747d421f246d) Importer(2089858483,192608db42251d675da83286b1cce702) (ScriptedImporter)[PhysX] Initialized MultithreadedTaskDispatcher with 6 workers.
 -> (artifact id: '924647e3e88e6d30fc657d653032729b') in 0.0147275 seconds
Number of updated asset objects reloaded before import = 0Number of asset objects unloaded after import = 2

========================================================================
Received Import Request.
  Time since last request: 0.000013 seconds.
  path: Assets/Models/GIraffe/23.png
  artifactKey: Guid(73dccb225e26c0b43b2acbcc2e4edaa9) Importer(2089858483,192608db42251d675da83286b1cce702)
Start importing Assets/Models/GIraffe/23.png using Guid(73dccb225e26c0b43b2acbcc2e4edaa9) Importer(2089858483,192608db42251d675da83286b1cce702) (ScriptedImporter)[PhysX] Initialized MultithreadedTaskDispatcher with 6 workers.
 -> (artifact id: 'af8d1a81b6722aa08d35095170e33318') in 0.0223978 seconds
Number of updated asset objects reloaded before import = 0Number of asset objects unloaded after import = 3

========================================================================
Received Import Request.
  Time since last request: 0.000021 seconds.
  path: Assets/Scripts/TexturePaint.cs
  artifactKey: Guid(4538f4e35f68ae44da77934a78df5160) Importer(2089858483,192608db42251d675da83286b1cce702)
Start importing Assets/Scripts/TexturePaint.cs using Guid(4538f4e35f68ae44da77934a78df5160) Importer(2089858483,192608db42251d675da83286b1cce702) (ScriptedImporter)[PhysX] Initialized MultithreadedTaskDispatcher with 6 workers.
 -> (artifact id: '27bdde830ecd7ce02edffc35b449a1b6') in 0.0126577 seconds
Number of updated asset objects reloaded before import = 0Number of asset objects unloaded after import = 0

========================================================================
Received Import Request.
  Time since last request: 0.000045 seconds.
  path: Assets/FullTiltBoogie/Prefabs/VfxParticleBokeh2.prefab
  artifactKey: Guid(b4eba8cf0176141a59205670e3828ce7) Importer(2089858483,192608db42251d675da83286b1cce702)
Start importing Assets/FullTiltBoogie/Prefabs/VfxParticleBokeh2.prefab using Guid(b4eba8cf0176141a59205670e3828ce7) Importer(2089858483,192608db42251d675da83286b1cce702) (ScriptedImporter)[PhysX] Initialized MultithreadedTaskDispatcher with 6 workers.
 -> (artifact id: '2b94eb37c25f4aca45dce0c1044ee412') in 0.0629717 seconds
Number of updated asset objects reloaded before import = 0Number of asset objects unloaded after import = 6

========================================================================
Received Import Request.
  Time since last request: 0.000017 seconds.
  path: Assets/Animations/Play.controller
  artifactKey: Guid(bc23a274eb0f6e942b89eb7e263df9d3) Importer(2089858483,192608db42251d675da83286b1cce702)
Start importing Assets/Animations/Play.controller using Guid(bc23a274eb0f6e942b89eb7e263df9d3) Importer(2089858483,192608db42251d675da83286b1cce702) (ScriptedImporter)[PhysX] Initialized MultithreadedTaskDispatcher with 6 workers.
 -> (artifact id: '98558518fbe0de5a24ed4b7e5c020b8b') in 0.0147888 seconds
Number of updated asset objects reloaded before import = 0Number of asset objects unloaded after import = 4

========================================================================
Received Import Request.
  Time since last request: 0.000017 seconds.
  path: Assets/Sprites/S1.psd
  artifactKey: Guid(bff6a981d523d5247b2f6c1f54b8972b) Importer(2089858483,192608db42251d675da83286b1cce702)
Start importing Assets/Sprites/S1.psd using Guid(bff6a981d523d5247b2f6c1f54b8972b) Importer(2089858483,192608db42251d675da83286b1cce702) (ScriptedImporter)[PhysX] Initialized MultithreadedTaskDispatcher with 6 workers.
 -> (artifact id: '2f10a947897fab4fc06202ecb2d62f84') in 0.0231777 seconds
Number of updated asset objects reloaded before import = 0Number of asset objects unloaded after import = 3

========================================================================
Received Import Request.
  Time since last request: 0.000016 seconds.
  path: Assets/Models/GIraffe/20.png
  artifactKey: Guid(fe61eb8cda514c84e848790f26f1bc37) Importer(2089858483,192608db42251d675da83286b1cce702)
Start importing Assets/Models/GIraffe/20.png using Guid(fe61eb8cda514c84e848790f26f1bc37) Importer(2089858483,192608db42251d675da83286b1cce702) (ScriptedImporter)[PhysX] Initialized MultithreadedTaskDispatcher with 6 workers.
 -> (artifact id: '63f979beb526136ce23401835de5ef1a') in 0.0230433 seconds
Number of updated asset objects reloaded before import = 0Number of asset objects unloaded after import = 3

========================================================================
Received Import Request.
  Time since last request: 0.000020 seconds.
  path: Assets/Photos/screen_1920x1080_2020-02-23_09-14-28.png
  artifactKey: Guid(839056cf4bee2b745b17bd8e38d2c396) Importer(2089858483,192608db42251d675da83286b1cce702)
Start importing Assets/Photos/screen_1920x1080_2020-02-23_09-14-28.png using Guid(839056cf4bee2b745b17bd8e38d2c396) Importer(2089858483,192608db42251d675da83286b1cce702) (ScriptedImporter)[PhysX] Initialized MultithreadedTaskDispatcher with 6 workers.
 -> (artifact id: 'f9b59d7871f5fd1f68839de39558ccff') in 0.0212464 seconds
Number of updated asset objects reloaded before import = 0Number of asset objects unloaded after import = 1

========================================================================
Received Import Request.
  Time since last request: 0.000022 seconds.
  path: Assets/FullTiltBoogie/Materials/SmokePuff3Alpha.mat
  artifactKey: Guid(d1a40a4c96c7244d8b85f624de7618bd) Importer(2089858483,192608db42251d675da83286b1cce702)
Start importing Assets/FullTiltBoogie/Materials/SmokePuff3Alpha.mat using Guid(d1a40a4c96c7244d8b85f624de7618bd) Importer(2089858483,192608db42251d675da83286b1cce702) (ScriptedImporter)[PhysX] Initialized MultithreadedTaskDispatcher with 6 workers.
 -> (artifact id: '1e7e5d4c40640c70659048e50fc016ba') in 0.0115773 seconds
Number of updated asset objects reloaded before import = 0Number of asset objects unloaded after import = 1

========================================================================
Received Import Request.
  Time since last request: 0.000017 seconds.
  path: Assets/Models/Misiu/14.png
  artifactKey: Guid(a4f905924539a6e47a74a527c364e291) Importer(2089858483,192608db42251d675da83286b1cce702)
Start importing Assets/Models/Misiu/14.png using Guid(a4f905924539a6e47a74a527c364e291) Importer(2089858483,192608db42251d675da83286b1cce702) (ScriptedImporter)[PhysX] Initialized MultithreadedTaskDispatcher with 6 workers.
 -> (artifact id: 'bb71d5fe2243f92fff5747c2444a307d') in 0.0245122 seconds
Number of updated asset objects reloaded before import = 0Number of asset objects unloaded after import = 3

========================================================================
Received Import Request.
  Time since last request: 0.000013 seconds.
  path: Assets/Models/Misiu/16.png
  artifactKey: Guid(66d6049753fa9874d8b18fc804f0bbdf) Importer(2089858483,192608db42251d675da83286b1cce702)
Start importing Assets/Models/Misiu/16.png using Guid(66d6049753fa9874d8b18fc804f0bbdf) Importer(2089858483,192608db42251d675da83286b1cce702) (ScriptedImporter)[PhysX] Initialized MultithreadedTaskDispatcher with 6 workers.
 -> (artifact id: 'ffec8462ed32d7523d4f2564a3e3761d') in 0.0242063 seconds
Number of updated asset objects reloaded before import = 0Number of asset objects unloaded after import = 3

========================================================================
Received Import Request.
  Time since last request: 0.000014 seconds.
  path: Assets/Models/Misiu/23.png
  artifactKey: Guid(0d6d47ca1ea267746a9aa020a2bb230e) Importer(2089858483,192608db42251d675da83286b1cce702)
Start importing Assets/Models/Misiu/23.png using Guid(0d6d47ca1ea267746a9aa020a2bb230e) Importer(2089858483,192608db42251d675da83286b1cce702) (ScriptedImporter)[PhysX] Initialized MultithreadedTaskDispatcher with 6 workers.
 -> (artifact id: '404d1525dc24f431618bd1b5f333d107') in 0.0210439 seconds
Number of updated asset objects reloaded before import = 0Number of asset objects unloaded after import = 3

========================================================================
Received Import Request.
  Time since last request: 0.000013 seconds.
  path: Assets/Models/GIraffe/27.png
  artifactKey: Guid(904738cfd14e74f43b65d26edb3dc253) Importer(2089858483,192608db42251d675da83286b1cce702)
Start importing Assets/Models/GIraffe/27.png using Guid(904738cfd14e74f43b65d26edb3dc253) Importer(2089858483,192608db42251d675da83286b1cce702) (ScriptedImporter)[PhysX] Initialized MultithreadedTaskDispatcher with 6 workers.
 -> (artifact id: 'e00f6313165b10423063dff9dc87e782') in 0.0252064 seconds
Number of updated asset objects reloaded before import = 0Number of asset objects unloaded after import = 3

========================================================================
Received Import Request.
  Time since last request: 0.000014 seconds.
  path: Assets/Models/GIraffe/30.png
  artifactKey: Guid(9946d23d7a1e9ef4a929d60cde1e4287) Importer(2089858483,192608db42251d675da83286b1cce702)
Start importing Assets/Models/GIraffe/30.png using Guid(9946d23d7a1e9ef4a929d60cde1e4287) Importer(2089858483,192608db42251d675da83286b1cce702) (ScriptedImporter)[PhysX] Initialized MultithreadedTaskDispatcher with 6 workers.
 -> (artifact id: '46336210d7a7f706063c8ab77a779dc5') in 0.0217143 seconds
Number of updated asset objects reloaded before import = 0Number of asset objects unloaded after import = 3

========================================================================
Received Import Request.
  Time since last request: 0.000013 seconds.
  path: Assets/Models/Misiu/20.png
  artifactKey: Guid(a146550916b73ce43892ae34443af2a9) Importer(2089858483,192608db42251d675da83286b1cce702)
Start importing Assets/Models/Misiu/20.png using Guid(a146550916b73ce43892ae34443af2a9) Importer(2089858483,192608db42251d675da83286b1cce702) (ScriptedImporter)[PhysX] Initialized MultithreadedTaskDispatcher with 6 workers.
 -> (artifact id: 'f50bbb14fe0dc72618fb73bee2621584') in 0.0239636 seconds
Number of updated asset objects reloaded before import = 0Number of asset objects unloaded after import = 3

========================================================================
Received Import Request.
  Time since last request: 0.000029 seconds.
  path: Assets/Models/GIraffe/8.png
  artifactKey: Guid(e6d5c3115c5756e448967fe4e8739613) Importer(2089858483,192608db42251d675da83286b1cce702)
Start importing Assets/Models/GIraffe/8.png using Guid(e6d5c3115c5756e448967fe4e8739613) Importer(2089858483,192608db42251d675da83286b1cce702) (ScriptedImporter)[PhysX] Initialized MultithreadedTaskDispatcher with 6 workers.
 -> (artifact id: 'bd011668aadbe34552b9b74f2457c6ef') in 0.0214797 seconds
Number of updated asset objects reloaded before import = 0Number of asset objects unloaded after import = 3

========================================================================
Received Import Request.
  Time since last request: 0.000013 seconds.
  path: Assets/Models/Misiu/17.png
  artifactKey: Guid(102dd743a3645354e8600ab5e97f40da) Importer(2089858483,192608db42251d675da83286b1cce702)
Start importing Assets/Models/Misiu/17.png using Guid(102dd743a3645354e8600ab5e97f40da) Importer(2089858483,192608db42251d675da83286b1cce702) (ScriptedImporter)[PhysX] Initialized MultithreadedTaskDispatcher with 6 workers.
 -> (artifact id: '32e29140db8dc85f34125af77c10ba30') in 0.019504 seconds
Number of updated asset objects reloaded before import = 0Number of asset objects unloaded after import = 3

========================================================================
Received Import Request.
  Time since last request: 0.000014 seconds.
  path: Assets/Models/Misiu/19.png
  artifactKey: Guid(dbff20ea6e9401e4b8b6ecdc11e95c7c) Importer(2089858483,192608db42251d675da83286b1cce702)
Start importing Assets/Models/Misiu/19.png using Guid(dbff20ea6e9401e4b8b6ecdc11e95c7c) Importer(2089858483,192608db42251d675da83286b1cce702) (ScriptedImporter)[PhysX] Initialized MultithreadedTaskDispatcher with 6 workers.
 -> (artifact id: 'c06d67f19f79e9d6af56c5e9b4dfe61d') in 0.0200143 seconds
Number of updated asset objects reloaded before import = 0Number of asset objects unloaded after import = 3

========================================================================
Received Import Request.
  Time since last request: 0.000021 seconds.
  path: Assets/Models/Misiu/26.png
  artifactKey: Guid(152347e277224a04caaa546d6eea8b1a) Importer(2089858483,192608db42251d675da83286b1cce702)
Start importing Assets/Models/Misiu/26.png using Guid(152347e277224a04caaa546d6eea8b1a) Importer(2089858483,192608db42251d675da83286b1cce702) (ScriptedImporter)[PhysX] Initialized MultithreadedTaskDispatcher with 6 workers.
 -> (artifact id: '9a2c4bfe3288a51570a18b1d43880242') in 0.021472 seconds
Number of updated asset objects reloaded before import = 0Number of asset objects unloaded after import = 3

========================================================================
Received Import Request.
  Time since last request: 0.000013 seconds.
  path: Assets/Models/Misiu/22.png
  artifactKey: Guid(2a170d70818c37c42ae80602dcc023d9) Importer(2089858483,192608db42251d675da83286b1cce702)
Start importing Assets/Models/Misiu/22.png using Guid(2a170d70818c37c42ae80602dcc023d9) Importer(2089858483,192608db42251d675da83286b1cce702) (ScriptedImporter)[PhysX] Initialized MultithreadedTaskDispatcher with 6 workers.
 -> (artifact id: 'bd050b8b80ad6e47e458203a51643bb0') in 0.0228437 seconds
Number of updated asset objects reloaded before import = 0Number of asset objects unloaded after import = 3

========================================================================
Received Import Request.
  Time since last request: 0.000013 seconds.
  path: Assets/Models/GIraffe/28.png
  artifactKey: Guid(4c7e6613f3b69864cb25a0d13b3a48f8) Importer(2089858483,192608db42251d675da83286b1cce702)
Start importing Assets/Models/GIraffe/28.png using Guid(4c7e6613f3b69864cb25a0d13b3a48f8) Importer(2089858483,192608db42251d675da83286b1cce702) (ScriptedImporter)[PhysX] Initialized MultithreadedTaskDispatcher with 6 workers.
 -> (artifact id: '618a0cd62db12daf54e9f60ca48f53fe') in 0.0230132 seconds
Number of updated asset objects reloaded before import = 0Number of asset objects unloaded after import = 3

========================================================================
Received Import Request.
  Time since last request: 0.000014 seconds.
  path: Assets/FullTiltBoogie/Prefabs/ParticleLoops.prefab
  artifactKey: Guid(fca85770e18d846bfb02e19852a35a54) Importer(2089858483,192608db42251d675da83286b1cce702)
Start importing Assets/FullTiltBoogie/Prefabs/ParticleLoops.prefab using Guid(fca85770e18d846bfb02e19852a35a54) Importer(2089858483,192608db42251d675da83286b1cce702) (ScriptedImporter)[PhysX] Initialized MultithreadedTaskDispatcher with 6 workers.
 -> (artifact id: '6e589ba554dd9a025f0caac80b919963') in 0.0560827 seconds
Number of updated asset objects reloaded before import = 0Number of asset objects unloaded after import = 6

========================================================================
Received Import Request.
  Time since last request: 0.000019 seconds.
  path: Assets/Scenes/Coloring.unity
  artifactKey: Guid(99c9720ab356a0642a771bea13969a05) Importer(2089858483,192608db42251d675da83286b1cce702)
Start importing Assets/Scenes/Coloring.unity using Guid(99c9720ab356a0642a771bea13969a05) Importer(2089858483,192608db42251d675da83286b1cce702) (ScriptedImporter)[PhysX] Initialized MultithreadedTaskDispatcher with 6 workers.
 -> (artifact id: 'a1231f67698b5b34243e5577aa7e3580') in 0.0112348 seconds
Number of updated asset objects reloaded before import = 0Number of asset objects unloaded after import = 1

========================================================================
Received Import Request.
  Time since last request: 0.000051 seconds.
  path: Assets/Models/GIraffe/31.png
  artifactKey: Guid(8c2eb257cc8b08c4e97deede2da8f4cb) Importer(2089858483,192608db42251d675da83286b1cce702)
Start importing Assets/Models/GIraffe/31.png using Guid(8c2eb257cc8b08c4e97deede2da8f4cb) Importer(2089858483,192608db42251d675da83286b1cce702) (ScriptedImporter)[PhysX] Initialized MultithreadedTaskDispatcher with 6 workers.
 -> (artifact id: '31e15c6c145fe86dc10fb224924dd805') in 0.0228187 seconds
Number of updated asset objects reloaded before import = 0Number of asset objects unloaded after import = 3

========================================================================
Received Import Request.
  Time since last request: 0.000013 seconds.
  path: Assets/FullTiltBoogie/Prefabs/VfxHitSparks.prefab
  artifactKey: Guid(bad4a586d8c2b4fc1adb20c80b9b13a1) Importer(2089858483,192608db42251d675da83286b1cce702)
Start importing Assets/FullTiltBoogie/Prefabs/VfxHitSparks.prefab using Guid(bad4a586d8c2b4fc1adb20c80b9b13a1) Importer(2089858483,192608db42251d675da83286b1cce702) (ScriptedImporter)[PhysX] Initialized MultithreadedTaskDispatcher with 6 workers.
 -> (artifact id: '67942423de570cb6488af6181b0bf258') in 0.0537406 seconds
Number of updated asset objects reloaded before import = 0Number of asset objects unloaded after import = 6

========================================================================
Received Import Request.
  Time since last request: 0.000019 seconds.
  path: Assets/FullTiltBoogie/Materials/SmokePuffs3.mat
  artifactKey: Guid(0e614e05d1c7a4bcdbbe24547504eeb9) Importer(2089858483,192608db42251d675da83286b1cce702)
Start importing Assets/FullTiltBoogie/Materials/SmokePuffs3.mat using Guid(0e614e05d1c7a4bcdbbe24547504eeb9) Importer(2089858483,192608db42251d675da83286b1cce702) (ScriptedImporter)[PhysX] Initialized MultithreadedTaskDispatcher with 6 workers.
 -> (artifact id: '756457aa10ef1237f6d0cb3f06547ef5') in 0.0142031 seconds
Number of updated asset objects reloaded before import = 0Number of asset objects unloaded after import = 2

========================================================================
Received Import Request.
  Time since last request: 0.000021 seconds.
  path: Assets/Models/GIraffe/0.png
  artifactKey: Guid(1302a76c3f6409c47a582ce4bae18189) Importer(2089858483,192608db42251d675da83286b1cce702)
Start importing Assets/Models/GIraffe/0.png using Guid(1302a76c3f6409c47a582ce4bae18189) Importer(2089858483,192608db42251d675da83286b1cce702) (ScriptedImporter)[PhysX] Initialized MultithreadedTaskDispatcher with 6 workers.
 -> (artifact id: 'd006aa0f1c9ee9c70a122ef4a367cdc8') in 0.0213882 seconds
Number of updated asset objects reloaded before import = 0Number of asset objects unloaded after import = 3

========================================================================
Received Import Request.
  Time since last request: 0.000014 seconds.
  path: Assets/Shaders/Painter.shader
  artifactKey: Guid(59c35d77191d5254ab8d0f81027b4ebe) Importer(2089858483,192608db42251d675da83286b1cce702)
Start importing Assets/Shaders/Painter.shader using Guid(59c35d77191d5254ab8d0f81027b4ebe) Importer(2089858483,192608db42251d675da83286b1cce702) (ScriptedImporter)[PhysX] Initialized MultithreadedTaskDispatcher with 6 workers.
 -> (artifact id: '4e2972659d91b307e2e3995386473bbc') in 0.0123662 seconds
Number of updated asset objects reloaded before import = 0Number of asset objects unloaded after import = 1

========================================================================
Received Import Request.
  Time since last request: 0.000029 seconds.
  path: Assets/Models/GIraffe/19.png
  artifactKey: Guid(4504c4dc9775158439d2275ea2b8ce20) Importer(2089858483,192608db42251d675da83286b1cce702)
Start importing Assets/Models/GIraffe/19.png using Guid(4504c4dc9775158439d2275ea2b8ce20) Importer(2089858483,192608db42251d675da83286b1cce702) (ScriptedImporter)[PhysX] Initialized MultithreadedTaskDispatcher with 6 workers.
 -> (artifact id: 'e6ce823cd86c936aa223604f317800f4') in 0.0263925 seconds
Number of updated asset objects reloaded before import = 0Number of asset objects unloaded after import = 3

========================================================================
Received Import Request.
  Time since last request: 0.000013 seconds.
  path: Assets/Models/Misiu/36.png
  artifactKey: Guid(fa92ebd90ca4ac745ad6c6c19f8ca057) Importer(2089858483,192608db42251d675da83286b1cce702)
Start importing Assets/Models/Misiu/36.png using Guid(fa92ebd90ca4ac745ad6c6c19f8ca057) Importer(2089858483,192608db42251d675da83286b1cce702) (ScriptedImporter)[PhysX] Initialized MultithreadedTaskDispatcher with 6 workers.
 -> (artifact id: '50e7ff7fac41e111269b126a4dae15c1') in 0.0222021 seconds
Number of updated asset objects reloaded before import = 0Number of asset objects unloaded after import = 3

========================================================================
Received Import Request.
  Time since last request: 0.000014 seconds.
  path: Assets/Models/Motyl/24.png
  artifactKey: Guid(3d32fbc0af769a04caefd2962f39c33a) Importer(2089858483,192608db42251d675da83286b1cce702)
Start importing Assets/Models/Motyl/24.png using Guid(3d32fbc0af769a04caefd2962f39c33a) Importer(2089858483,192608db42251d675da83286b1cce702) (ScriptedImporter)[PhysX] Initialized MultithreadedTaskDispatcher with 6 workers.
 -> (artifact id: 'c7f9e0e04fe26d4605bb2993f593cb67') in 0.021397 seconds
Number of updated asset objects reloaded before import = 0Number of asset objects unloaded after import = 3

========================================================================
Received Import Request.
  Time since last request: 0.000013 seconds.
  path: Assets/Models/Misiu/7.png
  artifactKey: Guid(a06f21ff32769ea409ad6fb38f176ff4) Importer(2089858483,192608db42251d675da83286b1cce702)
Start importing Assets/Models/Misiu/7.png using Guid(a06f21ff32769ea409ad6fb38f176ff4) Importer(2089858483,192608db42251d675da83286b1cce702) (ScriptedImporter)[PhysX] Initialized MultithreadedTaskDispatcher with 6 workers.
 -> (artifact id: 'e8ca0c510cc0554c5b2f6cdfdb8cda93') in 0.027812 seconds
Number of updated asset objects reloaded before import = 0Number of asset objects unloaded after import = 3

========================================================================
Received Import Request.
  Time since last request: 0.000015 seconds.
  path: Assets/Models/Misiu/mis.prefab
  artifactKey: Guid(77ac26be68f06794dacbf0718ec46a6b) Importer(2089858483,192608db42251d675da83286b1cce702)
Start importing Assets/Models/Misiu/mis.prefab using Guid(77ac26be68f06794dacbf0718ec46a6b) Importer(2089858483,192608db42251d675da83286b1cce702) (ScriptedImporter)[PhysX] Initialized MultithreadedTaskDispatcher with 6 workers.
 -> (artifact id: '16dc26355801b3003d15eae026bdfac0') in 0.0390219 seconds
Number of updated asset objects reloaded before import = 0Number of asset objects unloaded after import = 255

========================================================================
Received Import Request.
  Time since last request: 0.000018 seconds.
  path: Assets/Models/Misiu/32.png
  artifactKey: Guid(f75a12779cdd0d54994611da4397c11c) Importer(2089858483,192608db42251d675da83286b1cce702)
Start importing Assets/Models/Misiu/32.png using Guid(f75a12779cdd0d54994611da4397c11c) Importer(2089858483,192608db42251d675da83286b1cce702) (ScriptedImporter)[PhysX] Initialized MultithreadedTaskDispatcher with 6 workers.
 -> (artifact id: '954215835d42440c2bc55ece127f5c7a') in 0.0222811 seconds
Number of updated asset objects reloaded before import = 0Number of asset objects unloaded after import = 3

========================================================================
Received Import Request.
  Time since last request: 0.000014 seconds.
  path: Assets/Models/Misiu/31.png
  artifactKey: Guid(dcd32952128676742a422e68712cbc93) Importer(2089858483,192608db42251d675da83286b1cce702)
Start importing Assets/Models/Misiu/31.png using Guid(dcd32952128676742a422e68712cbc93) Importer(2089858483,192608db42251d675da83286b1cce702) (ScriptedImporter)[PhysX] Initialized MultithreadedTaskDispatcher with 6 workers.
 -> (artifact id: '2bc1981dda9dfe0b9cd10d269706a6ad') in 0.0261709 seconds
Number of updated asset objects reloaded before import = 0Number of asset objects unloaded after import = 3

========================================================================
Received Import Request.
  Time since last request: 0.000018 seconds.
  path: Assets/Models/Motyl/18.png
  artifactKey: Guid(a65d269ac6fa1d447b069be498a787ae) Importer(2089858483,192608db42251d675da83286b1cce702)
Start importing Assets/Models/Motyl/18.png using Guid(a65d269ac6fa1d447b069be498a787ae) Importer(2089858483,192608db42251d675da83286b1cce702) (ScriptedImporter)[PhysX] Initialized MultithreadedTaskDispatcher with 6 workers.
 -> (artifact id: '8a4569da23db11da152d92c490a86478') in 0.0254871 seconds
Number of updated asset objects reloaded before import = 0Number of asset objects unloaded after import = 3

========================================================================
Received Import Request.
  Time since last request: 0.000021 seconds.
  path: Assets/Models/Misiu/30.png
  artifactKey: Guid(c7ab35949e4c1d64d8d4ca0abe1c9ba7) Importer(2089858483,192608db42251d675da83286b1cce702)
Start importing Assets/Models/Misiu/30.png using Guid(c7ab35949e4c1d64d8d4ca0abe1c9ba7) Importer(2089858483,192608db42251d675da83286b1cce702) (ScriptedImporter)[PhysX] Initialized MultithreadedTaskDispatcher with 6 workers.
 -> (artifact id: '7b83df6c44055012f8bc1e2c9d13f21b') in 0.020682 seconds
Number of updated asset objects reloaded before import = 0Number of asset objects unloaded after import = 3

========================================================================
Received Import Request.
  Time since last request: 0.000012 seconds.
  path: Assets/Models/Misiu/misiu0.png
  artifactKey: Guid(766fa307f16e129468798cd67c7350da) Importer(2089858483,192608db42251d675da83286b1cce702)
Start importing Assets/Models/Misiu/misiu0.png using Guid(766fa307f16e129468798cd67c7350da) Importer(2089858483,192608db42251d675da83286b1cce702) (ScriptedImporter)[PhysX] Initialized MultithreadedTaskDispatcher with 6 workers.
 -> (artifact id: '70dad3ea16b614818093927230867bd3') in 0.0245565 seconds
Number of updated asset objects reloaded before import = 0Number of asset objects unloaded after import = 3

========================================================================
Received Import Request.
  Time since last request: 0.000015 seconds.
  path: Assets/Models/Motyl/11.png
  artifactKey: Guid(d03b7195796eb034fbc19ca9bcef9208) Importer(2089858483,192608db42251d675da83286b1cce702)
Start importing Assets/Models/Motyl/11.png using Guid(d03b7195796eb034fbc19ca9bcef9208) Importer(2089858483,192608db42251d675da83286b1cce702) (ScriptedImporter)[PhysX] Initialized MultithreadedTaskDispatcher with 6 workers.
 -> (artifact id: 'ca9d816ceb2a71d84639136313c244f1') in 0.0226024 seconds
Number of updated asset objects reloaded before import = 0Number of asset objects unloaded after import = 3

========================================================================
Received Import Request.
  Time since last request: 0.000013 seconds.
  path: Assets/Models/Motyl/12.png
  artifactKey: Guid(afb1497c7c556ad46b0220b769a69edf) Importer(2089858483,192608db42251d675da83286b1cce702)
Start importing Assets/Models/Motyl/12.png using Guid(afb1497c7c556ad46b0220b769a69edf) Importer(2089858483,192608db42251d675da83286b1cce702) (ScriptedImporter)[PhysX] Initialized MultithreadedTaskDispatcher with 6 workers.
 -> (artifact id: 'a20d124b660588f03a96980b63ac4afb') in 0.0212442 seconds
Number of updated asset objects reloaded before import = 0Number of asset objects unloaded after import = 3

========================================================================
Received Import Request.
  Time since last request: 0.000013 seconds.
  path: Assets/Models/Misiu/39.png
  artifactKey: Guid(6413858f679cf034d97bf01738b3b887) Importer(2089858483,192608db42251d675da83286b1cce702)
Start importing Assets/Models/Misiu/39.png using Guid(6413858f679cf034d97bf01738b3b887) Importer(2089858483,192608db42251d675da83286b1cce702) (ScriptedImporter)[PhysX] Initialized MultithreadedTaskDispatcher with 6 workers.
 -> (artifact id: 'd14656b613e568e7137bda0e0790aceb') in 0.0204446 seconds
Number of updated asset objects reloaded before import = 0Number of asset objects unloaded after import = 3

========================================================================
Received Import Request.
  Time since last request: 0.000013 seconds.
  path: Assets/FullTiltBoogie/Helpers/readme.txt
  artifactKey: Guid(ea05a39535415442e896a3b6332ef6e5) Importer(2089858483,192608db42251d675da83286b1cce702)
Start importing Assets/FullTiltBoogie/Helpers/readme.txt using Guid(ea05a39535415442e896a3b6332ef6e5) Importer(2089858483,192608db42251d675da83286b1cce702) (ScriptedImporter)[PhysX] Initialized MultithreadedTaskDispatcher with 6 workers.
 -> (artifact id: '7969da201181677230d5da7c9a6d6596') in 0.0096259 seconds
Number of updated asset objects reloaded before import = 0Number of asset objects unloaded after import = 1

========================================================================
Received Import Request.
  Time since last request: 0.000023 seconds.
  path: Assets/Sounds/Wrong Buzzer Sound Effect.wav
  artifactKey: Guid(c0ce88a55a0e1764fb7af53f4fe5633d) Importer(2089858483,192608db42251d675da83286b1cce702)
Start importing Assets/Sounds/Wrong Buzzer Sound Effect.wav using Guid(c0ce88a55a0e1764fb7af53f4fe5633d) Importer(2089858483,192608db42251d675da83286b1cce702) (ScriptedImporter)[PhysX] Initialized MultithreadedTaskDispatcher with 6 workers.
 -> (artifact id: '5035ae74abeaacf9d60e2c0655cb76a7') in 0.0573282 seconds
Number of updated asset objects reloaded before import = 0Number of asset objects unloaded after import = 1

========================================================================
Received Import Request.
  Time since last request: 0.000013 seconds.
  path: Assets/Shaders/MarkIlsands.shader
  artifactKey: Guid(4a3366ea94671be4e86ed1233eae3534) Importer(2089858483,192608db42251d675da83286b1cce702)
Start importing Assets/Shaders/MarkIlsands.shader using Guid(4a3366ea94671be4e86ed1233eae3534) Importer(2089858483,192608db42251d675da83286b1cce702) (ScriptedImporter)[PhysX] Initialized MultithreadedTaskDispatcher with 6 workers.
 -> (artifact id: '4eba82277d09ae6e6360be199e5f0a4f') in 0.0087636 seconds
Number of updated asset objects reloaded before import = 0Number of asset objects unloaded after import = 1

========================================================================
Received Import Request.
  Time since last request: 0.000036 seconds.
  path: Assets/FullTiltBoogie/Prefabs/VfxStarWide.prefab
  artifactKey: Guid(d350ad29b27c64ecbad769fd1feff30a) Importer(2089858483,192608db42251d675da83286b1cce702)
Start importing Assets/FullTiltBoogie/Prefabs/VfxStarWide.prefab using Guid(d350ad29b27c64ecbad769fd1feff30a) Importer(2089858483,192608db42251d675da83286b1cce702) (ScriptedImporter)[PhysX] Initialized MultithreadedTaskDispatcher with 6 workers.
 -> (artifact id: '217a4e5a2ee64399cd572c65bfc5e293') in 0.051825 seconds
Number of updated asset objects reloaded before import = 0Number of asset objects unloaded after import = 6

========================================================================
Received Import Request.
  Time since last request: 0.000020 seconds.
  path: Assets/Photos/screen_1920x1080_2020-02-18_19-57-51.png
  artifactKey: Guid(e1640c0a8867cfa43956989dd35bd5da) Importer(2089858483,192608db42251d675da83286b1cce702)
Start importing Assets/Photos/screen_1920x1080_2020-02-18_19-57-51.png using Guid(e1640c0a8867cfa43956989dd35bd5da) Importer(2089858483,192608db42251d675da83286b1cce702) (ScriptedImporter)[PhysX] Initialized MultithreadedTaskDispatcher with 6 workers.
 -> (artifact id: '92083dd20e1dd89bb375d4c6611ca00d') in 0.0213569 seconds
Number of updated asset objects reloaded before import = 0Number of asset objects unloaded after import = 1

========================================================================
Received Import Request.
  Time since last request: 0.000029 seconds.
  path: Assets/FullTiltBoogie/Materials/StarThin.mat
  artifactKey: Guid(ca1f31fbb1fe84c9e9d96da0efe26114) Importer(2089858483,192608db42251d675da83286b1cce702)
Start importing Assets/FullTiltBoogie/Materials/StarThin.mat using Guid(ca1f31fbb1fe84c9e9d96da0efe26114) Importer(2089858483,192608db42251d675da83286b1cce702) (ScriptedImporter)[PhysX] Initialized MultithreadedTaskDispatcher with 6 workers.
 -> (artifact id: 'ef9e3743d68212bafb773c307ac5c485') in 0.0119986 seconds
Number of updated asset objects reloaded before import = 0Number of asset objects unloaded after import = 2

========================================================================
Received Import Request.
  Time since last request: 0.000135 seconds.
  path: Assets/FullTiltBoogie/Prefabs/VfxParticleBokeh1.prefab
  artifactKey: Guid(44f6201ba86c0441ab2eeb88adadce4f) Importer(2089858483,192608db42251d675da83286b1cce702)
Start importing Assets/FullTiltBoogie/Prefabs/VfxParticleBokeh1.prefab using Guid(44f6201ba86c0441ab2eeb88adadce4f) Importer(2089858483,192608db42251d675da83286b1cce702) (ScriptedImporter)[PhysX] Initialized MultithreadedTaskDispatcher with 6 workers.
 -> (artifact id: 'ef398adb2f916ce3f6d4225216b24a5e') in 0.0555438 seconds
Number of updated asset objects reloaded before import = 0Number of asset objects unloaded after import = 6

========================================================================
Received Import Request.
  Time since last request: 0.000015 seconds.
  path: Assets/Sprites/The Swineherd/S4.psd
  artifactKey: Guid(b15ddb72c9c2e5f4285c2e0178b901d5) Importer(2089858483,192608db42251d675da83286b1cce702)
Start importing Assets/Sprites/The Swineherd/S4.psd using Guid(b15ddb72c9c2e5f4285c2e0178b901d5) Importer(2089858483,192608db42251d675da83286b1cce702) (ScriptedImporter)[PhysX] Initialized MultithreadedTaskDispatcher with 6 workers.
 -> (artifact id: '008ddc7c9914ff494184b0c69aed9dfb') in 0.0231429 seconds
Number of updated asset objects reloaded before import = 0Number of asset objects unloaded after import = 3

========================================================================
Received Import Request.
  Time since last request: 0.000013 seconds.
  path: Assets/Prefabs/UI/Opacity.prefab
  artifactKey: Guid(61b0f93a64055154598fda1019055857) Importer(2089858483,192608db42251d675da83286b1cce702)
Start importing Assets/Prefabs/UI/Opacity.prefab using Guid(61b0f93a64055154598fda1019055857) Importer(2089858483,192608db42251d675da83286b1cce702) (ScriptedImporter)[PhysX] Initialized MultithreadedTaskDispatcher with 6 workers.
 -> (artifact id: 'bd340ab8ddf657ae84373dde9167add6') in 0.0530058 seconds
Number of updated asset objects reloaded before import = 0Number of asset objects unloaded after import = 25

========================================================================
Received Import Request.
  Time since last request: 0.000015 seconds.
  path: Assets/Sprites/The Swineherd/S3.psd
  artifactKey: Guid(cbd58c1e8e034444e859217e61af7032) Importer(2089858483,192608db42251d675da83286b1cce702)
Start importing Assets/Sprites/The Swineherd/S3.psd using Guid(cbd58c1e8e034444e859217e61af7032) Importer(2089858483,192608db42251d675da83286b1cce702) (ScriptedImporter)[PhysX] Initialized MultithreadedTaskDispatcher with 6 workers.
 -> (artifact id: 'a46a13fa40a1af89f6db95e8a96c947a') in 0.0234658 seconds
Number of updated asset objects reloaded before import = 0Number of asset objects unloaded after import = 3

========================================================================
Received Import Request.
  Time since last request: 0.000034 seconds.
  path: Assets/Prefabs/UI/Score.prefab
  artifactKey: Guid(8afbfc221a6f31e4d95040f221dd01db) Importer(2089858483,192608db42251d675da83286b1cce702)
Start importing Assets/Prefabs/UI/Score.prefab using Guid(8afbfc221a6f31e4d95040f221dd01db) Importer(2089858483,192608db42251d675da83286b1cce702) (ScriptedImporter)[PhysX] Initialized MultithreadedTaskDispatcher with 6 workers.
 -> (artifact id: '17b2e789f71548bfc1ae390a7dd17034') in 0.0312379 seconds
Number of updated asset objects reloaded before import = 0Number of asset objects unloaded after import = 13

========================================================================
Received Import Request.
  Time since last request: 0.000014 seconds.
  path: Assets/Scenes/PaintingModels/Bear.unity
  artifactKey: Guid(a373de5527a12734fb1af8408cdc21d9) Importer(2089858483,192608db42251d675da83286b1cce702)
Start importing Assets/Scenes/PaintingModels/Bear.unity using Guid(a373de5527a12734fb1af8408cdc21d9) Importer(2089858483,192608db42251d675da83286b1cce702) (ScriptedImporter)[PhysX] Initialized MultithreadedTaskDispatcher with 6 workers.
 -> (artifact id: 'eeaee5f384a36c32456059e2f3de55b3') in 0.0118614 seconds
Number of updated asset objects reloaded before import = 0Number of asset objects unloaded after import = 1

========================================================================
Received Import Request.
  Time since last request: 0.000031 seconds.
  path: Assets/Scenes/PaintingModels/Giraffe.unity
  artifactKey: Guid(df3ff64c868799d43a05cf769a2cbd95) Importer(2089858483,192608db42251d675da83286b1cce702)
Start importing Assets/Scenes/PaintingModels/Giraffe.unity using Guid(df3ff64c868799d43a05cf769a2cbd95) Importer(2089858483,192608db42251d675da83286b1cce702) (ScriptedImporter)[PhysX] Initialized MultithreadedTaskDispatcher with 6 workers.
 -> (artifact id: '2befecb085edf864e4b5ff7f7a173a24') in 0.0121844 seconds
Number of updated asset objects reloaded before import = 0Number of asset objects unloaded after import = 1

========================================================================
Received Import Request.
  Time since last request: 0.000051 seconds.
  path: Assets/Models/Motyl/5.png
  artifactKey: Guid(1acc7e2b2f4dfaa458388eb02e220a6b) Importer(2089858483,192608db42251d675da83286b1cce702)
Start importing Assets/Models/Motyl/5.png using Guid(1acc7e2b2f4dfaa458388eb02e220a6b) Importer(2089858483,192608db42251d675da83286b1cce702) (ScriptedImporter)[PhysX] Initialized MultithreadedTaskDispatcher with 6 workers.
 -> (artifact id: '6ba92db9b483cbfb826619c85777d6d5') in 0.0215564 seconds
Number of updated asset objects reloaded before import = 0Number of asset objects unloaded after import = 3

========================================================================
Received Import Request.
  Time since last request: 0.000015 seconds.
  path: Assets/Sprites/Puzzle/trojkat.png
  artifactKey: Guid(4b0840a93d773334ca7aecf0c40a27c5) Importer(2089858483,192608db42251d675da83286b1cce702)
Start importing Assets/Sprites/Puzzle/trojkat.png using Guid(4b0840a93d773334ca7aecf0c40a27c5) Importer(2089858483,192608db42251d675da83286b1cce702) (ScriptedImporter)[PhysX] Initialized MultithreadedTaskDispatcher with 6 workers.
 -> (artifact id: '4ff0518866f028cca605c46561b1128a') in 0.0221596 seconds
Number of updated asset objects reloaded before import = 0Number of asset objects unloaded after import = 3

========================================================================
Received Import Request.
  Time since last request: 0.000012 seconds.
  path: Assets/Models/Motyl/25.png
  artifactKey: Guid(4a279a2fd4c83b643af402b97f4653df) Importer(2089858483,192608db42251d675da83286b1cce702)
Start importing Assets/Models/Motyl/25.png using Guid(4a279a2fd4c83b643af402b97f4653df) Importer(2089858483,192608db42251d675da83286b1cce702) (ScriptedImporter)[PhysX] Initialized MultithreadedTaskDispatcher with 6 workers.
 -> (artifact id: '2d74a583a58f398e1eb09fd0d54088fd') in 0.0234477 seconds
Number of updated asset objects reloaded before import = 0Number of asset objects unloaded after import = 3

========================================================================
Received Import Request.
  Time since last request: 0.000028 seconds.
  path: Assets/Plugins/NativeGallery/NativeGallery.cs
  artifactKey: Guid(ce1403606c3629046a0147d3e705f7cc) Importer(2089858483,192608db42251d675da83286b1cce702)
Start importing Assets/Plugins/NativeGallery/NativeGallery.cs using Guid(ce1403606c3629046a0147d3e705f7cc) Importer(2089858483,192608db42251d675da83286b1cce702) (ScriptedImporter)[PhysX] Initialized MultithreadedTaskDispatcher with 6 workers.
 -> (artifact id: 'ee496a5d0ad3533cd6167ad9d7ee4e7b') in 0.0100708 seconds
Number of updated asset objects reloaded before import = 0Number of asset objects unloaded after import = 0

========================================================================
Received Import Request.
  Time since last request: 0.000060 seconds.
  path: Assets/FullTiltBoogie/Prefabs/VfxBoltLightning.prefab
  artifactKey: Guid(86bf5ea41080346548038b8102b367d0) Importer(2089858483,192608db42251d675da83286b1cce702)
Start importing Assets/FullTiltBoogie/Prefabs/VfxBoltLightning.prefab using Guid(86bf5ea41080346548038b8102b367d0) Importer(2089858483,192608db42251d675da83286b1cce702) (ScriptedImporter)[PhysX] Initialized MultithreadedTaskDispatcher with 6 workers.
 -> (artifact id: 'ee7b3e3e500332193fd0ac5cb1dac918') in 0.0575792 seconds
Number of updated asset objects reloaded before import = 0Number of asset objects unloaded after import = 18

========================================================================
Received Import Request.
  Time since last request: 0.000020 seconds.
  path: Assets/Models/GIraffe/5.png
  artifactKey: Guid(4d2e77d2e5e7dde41af20f59d9d57e18) Importer(2089858483,192608db42251d675da83286b1cce702)
Start importing Assets/Models/GIraffe/5.png using Guid(4d2e77d2e5e7dde41af20f59d9d57e18) Importer(2089858483,192608db42251d675da83286b1cce702) (ScriptedImporter)[PhysX] Initialized MultithreadedTaskDispatcher with 6 workers.
 -> (artifact id: '9c4934cd584b8b3b226569e92927506d') in 0.0243162 seconds
Number of updated asset objects reloaded before import = 0Number of asset objects unloaded after import = 3

========================================================================
Received Import Request.
  Time since last request: 0.000014 seconds.
  path: Assets/Models/Misiu/27.png
  artifactKey: Guid(a46befc0c5a525544b141d54459c7503) Importer(2089858483,192608db42251d675da83286b1cce702)
Start importing Assets/Models/Misiu/27.png using Guid(a46befc0c5a525544b141d54459c7503) Importer(2089858483,192608db42251d675da83286b1cce702) (ScriptedImporter)[PhysX] Initialized MultithreadedTaskDispatcher with 6 workers.
 -> (artifact id: 'dffb4cb4ea0b03075245f898d341c106') in 0.0231667 seconds
Number of updated asset objects reloaded before import = 0Number of asset objects unloaded after import = 3

========================================================================
Received Import Request.
  Time since last request: 0.000014 seconds.
  path: Assets/FullTiltBoogie/Materials/CopperSpark.mat
  artifactKey: Guid(fcc145699d3464fa187899b93a68bffd) Importer(2089858483,192608db42251d675da83286b1cce702)
Start importing Assets/FullTiltBoogie/Materials/CopperSpark.mat using Guid(fcc145699d3464fa187899b93a68bffd) Importer(2089858483,192608db42251d675da83286b1cce702) (ScriptedImporter)[PhysX] Initialized MultithreadedTaskDispatcher with 6 workers.
 -> (artifact id: '97fe2f62f47a3825b5c6acab504ff81c') in 0.012744 seconds
Number of updated asset objects reloaded before import = 0Number of asset objects unloaded after import = 2

========================================================================
Received Import Request.
  Time since last request: 0.000015 seconds.
  path: Assets/Models/Misiu/1.png
  artifactKey: Guid(05f6018a18af5a74da0dabe41b2adfab) Importer(2089858483,192608db42251d675da83286b1cce702)
Start importing Assets/Models/Misiu/1.png using Guid(05f6018a18af5a74da0dabe41b2adfab) Importer(2089858483,192608db42251d675da83286b1cce702) (ScriptedImporter)[PhysX] Initialized MultithreadedTaskDispatcher with 6 workers.
 -> (artifact id: '3cc552204509e516852f39b7da2651da') in 0.0248117 seconds
Number of updated asset objects reloaded before import = 0Number of asset objects unloaded after import = 3

========================================================================
Received Import Request.
  Time since last request: 0.000022 seconds.
  path: Assets/Models/Motyl/Motyl.prefab
  artifactKey: Guid(9b40d6aeef4f32a49ae52f8deb9dda88) Importer(2089858483,192608db42251d675da83286b1cce702)
Start importing Assets/Models/Motyl/Motyl.prefab using Guid(9b40d6aeef4f32a49ae52f8deb9dda88) Importer(2089858483,192608db42251d675da83286b1cce702) (ScriptedImporter)[PhysX] Initialized MultithreadedTaskDispatcher with 6 workers.
 -> (artifact id: '79191b20fa856bd40cc92fb78b614c7f') in 0.0261454 seconds
Number of updated asset objects reloaded before import = 0Number of asset objects unloaded after import = 159

========================================================================
Received Import Request.
  Time since last request: 0.000014 seconds.
  path: Assets/Models/Misiu/6.png
  artifactKey: Guid(b1fbebad51e382c4286277dfba302126) Importer(2089858483,192608db42251d675da83286b1cce702)
Start importing Assets/Models/Misiu/6.png using Guid(b1fbebad51e382c4286277dfba302126) Importer(2089858483,192608db42251d675da83286b1cce702) (ScriptedImporter)[PhysX] Initialized MultithreadedTaskDispatcher with 6 workers.
 -> (artifact id: '0208e527c1ba8011170de89a7872ffd3') in 0.021714 seconds
Number of updated asset objects reloaded before import = 0Number of asset objects unloaded after import = 3

========================================================================
Received Import Request.
  Time since last request: 0.000013 seconds.
  path: Assets/Models/Misiu/33.png
  artifactKey: Guid(d936b931e12dc73479e6fbd55a26d302) Importer(2089858483,192608db42251d675da83286b1cce702)
Start importing Assets/Models/Misiu/33.png using Guid(d936b931e12dc73479e6fbd55a26d302) Importer(2089858483,192608db42251d675da83286b1cce702) (ScriptedImporter)[PhysX] Initialized MultithreadedTaskDispatcher with 6 workers.
 -> (artifact id: '4c28a5f58df549f4c46320c9c73e344f') in 0.0231285 seconds
Number of updated asset objects reloaded before import = 0Number of asset objects unloaded after import = 3

========================================================================
Received Import Request.
  Time since last request: 0.000014 seconds.
  path: Assets/Models/Motyl/3.png
  artifactKey: Guid(80cfb2231a54ef04e894416c28eb6cbe) Importer(2089858483,192608db42251d675da83286b1cce702)
Start importing Assets/Models/Motyl/3.png using Guid(80cfb2231a54ef04e894416c28eb6cbe) Importer(2089858483,192608db42251d675da83286b1cce702) (ScriptedImporter)[PhysX] Initialized MultithreadedTaskDispatcher with 6 workers.
 -> (artifact id: '66dc1ca6ea89f421843be8475b2a864f') in 0.021628 seconds
Number of updated asset objects reloaded before import = 0Number of asset objects unloaded after import = 3

========================================================================
Received Import Request.
  Time since last request: 0.000025 seconds.
  path: Assets/Models/Motyl/21.png
  artifactKey: Guid(2a4bdae85090f8e428e3e9f15a645be2) Importer(2089858483,192608db42251d675da83286b1cce702)
Start importing Assets/Models/Motyl/21.png using Guid(2a4bdae85090f8e428e3e9f15a645be2) Importer(2089858483,192608db42251d675da83286b1cce702) (ScriptedImporter)[PhysX] Initialized MultithreadedTaskDispatcher with 6 workers.
 -> (artifact id: 'cf6793556233f23a1805fef0b119b84c') in 0.0243646 seconds
Number of updated asset objects reloaded before import = 0Number of asset objects unloaded after import = 3

========================================================================
Received Import Request.
  Time since last request: 0.000014 seconds.
  path: Assets/FreeButtonSet/Textures/controls/cross_03.png
  artifactKey: Guid(30d0c1f6e89bd9a4cb44dc43c24aab8c) Importer(2089858483,192608db42251d675da83286b1cce702)
Start importing Assets/FreeButtonSet/Textures/controls/cross_03.png using Guid(30d0c1f6e89bd9a4cb44dc43c24aab8c) Importer(2089858483,192608db42251d675da83286b1cce702) (ScriptedImporter)[PhysX] Initialized MultithreadedTaskDispatcher with 6 workers.
 -> (artifact id: 'd2477de38f7146df128c578d912b1742') in 0.0212882 seconds
Number of updated asset objects reloaded before import = 0Number of asset objects unloaded after import = 3

========================================================================
Received Import Request.
  Time since last request: 0.000016 seconds.
  path: Assets/FreeButtonSet/Textures/buttons/button_round_130.png
  artifactKey: Guid(0dcdf5b7debd4ba4492217e4975c965e) Importer(2089858483,192608db42251d675da83286b1cce702)
Start importing Assets/FreeButtonSet/Textures/buttons/button_round_130.png using Guid(0dcdf5b7debd4ba4492217e4975c965e) Importer(2089858483,192608db42251d675da83286b1cce702) (ScriptedImporter)[PhysX] Initialized MultithreadedTaskDispatcher with 6 workers.
 -> (artifact id: '081f75b6ee5c2d08b25136e8f449c264') in 0.0270627 seconds
Number of updated asset objects reloaded before import = 0Number of asset objects unloaded after import = 3

========================================================================
Received Import Request.
  Time since last request: 0.000013 seconds.
  path: Assets/FreeButtonSet/Textures/buttons/button_100.png
  artifactKey: Guid(47eaa4f43430bf14f996b113a313b0cc) Importer(2089858483,192608db42251d675da83286b1cce702)
Start importing Assets/FreeButtonSet/Textures/buttons/button_100.png using Guid(47eaa4f43430bf14f996b113a313b0cc) Importer(2089858483,192608db42251d675da83286b1cce702) (ScriptedImporter)[PhysX] Initialized MultithreadedTaskDispatcher with 6 workers.
 -> (artifact id: '1b21a0f727d46a97bc018832073462f8') in 0.0220685 seconds
Number of updated asset objects reloaded before import = 0Number of asset objects unloaded after import = 3

========================================================================
Received Import Request.
  Time since last request: 0.000015 seconds.
  path: Assets/UI/Pencils/Eraser.png
  artifactKey: Guid(9e1521f797ddd944381a0ce312a3df76) Importer(2089858483,192608db42251d675da83286b1cce702)
Start importing Assets/UI/Pencils/Eraser.png using Guid(9e1521f797ddd944381a0ce312a3df76) Importer(2089858483,192608db42251d675da83286b1cce702) (ScriptedImporter)[PhysX] Initialized MultithreadedTaskDispatcher with 6 workers.
 -> (artifact id: '647ac30d04bf738f12c1be0263bcb938') in 0.0225045 seconds
Number of updated asset objects reloaded before import = 0Number of asset objects unloaded after import = 3

========================================================================
Received Import Request.
  Time since last request: 0.000019 seconds.
  path: Assets/FreeButtonSet/Textures/controls/radio_60.png
  artifactKey: Guid(15c761738c04fb84f94247a1a932296d) Importer(2089858483,192608db42251d675da83286b1cce702)
Start importing Assets/FreeButtonSet/Textures/controls/radio_60.png using Guid(15c761738c04fb84f94247a1a932296d) Importer(2089858483,192608db42251d675da83286b1cce702) (ScriptedImporter)[PhysX] Initialized MultithreadedTaskDispatcher with 6 workers.
 -> (artifact id: '1e4eb974bb1110226a3a205106594f2a') in 0.0256547 seconds
Number of updated asset objects reloaded before import = 0Number of asset objects unloaded after import = 3

========================================================================
Received Import Request.
  Time since last request: 0.000021 seconds.
  path: Assets/FreeButtonSet/Textures/controls/radio_100.png
  artifactKey: Guid(6dc228d444644bf4aaa19d2692169a6f) Importer(2089858483,192608db42251d675da83286b1cce702)
Start importing Assets/FreeButtonSet/Textures/controls/radio_100.png using Guid(6dc228d444644bf4aaa19d2692169a6f) Importer(2089858483,192608db42251d675da83286b1cce702) (ScriptedImporter)[PhysX] Initialized MultithreadedTaskDispatcher with 6 workers.
 -> (artifact id: 'e9d2d1cf41a6331e3afcb4f4e9a88b0b') in 0.0253131 seconds
Number of updated asset objects reloaded before import = 0Number of asset objects unloaded after import = 3

========================================================================
Received Import Request.
  Time since last request: 0.000014 seconds.
  path: Assets/UI/Pencils/Red.png
  artifactKey: Guid(a107ecd3f1dd37d478f07ccea55f6dab) Importer(2089858483,192608db42251d675da83286b1cce702)
Start importing Assets/UI/Pencils/Red.png using Guid(a107ecd3f1dd37d478f07ccea55f6dab) Importer(2089858483,192608db42251d675da83286b1cce702) (ScriptedImporter)[PhysX] Initialized MultithreadedTaskDispatcher with 6 workers.
 -> (artifact id: '3ed3754768fae78ef078a8dff0878377') in 0.0250178 seconds
Number of updated asset objects reloaded before import = 0Number of asset objects unloaded after import = 3

========================================================================
Received Import Request.
  Time since last request: 0.000013 seconds.
  path: Assets/FreeButtonSet/Textures/controls/universal_panel_10.png
  artifactKey: Guid(3973caf801ba6864d98890213e90590b) Importer(2089858483,192608db42251d675da83286b1cce702)
Start importing Assets/FreeButtonSet/Textures/controls/universal_panel_10.png using Guid(3973caf801ba6864d98890213e90590b) Importer(2089858483,192608db42251d675da83286b1cce702) (ScriptedImporter)[PhysX] Initialized MultithreadedTaskDispatcher with 6 workers.
 -> (artifact id: 'd9c0c3e5b7086e98a3e9fc9daa6fb5c8') in 0.0192872 seconds
Number of updated asset objects reloaded before import = 0Number of asset objects unloaded after import = 3

========================================================================
Received Import Request.
  Time since last request: 0.000023 seconds.
  path: Assets/FreeButtonSet/Textures/buttons/button_round_400.png
  artifactKey: Guid(60c4dbe9e87500a4480a6214bdc5cc87) Importer(2089858483,192608db42251d675da83286b1cce702)
Start importing Assets/FreeButtonSet/Textures/buttons/button_round_400.png using Guid(60c4dbe9e87500a4480a6214bdc5cc87) Importer(2089858483,192608db42251d675da83286b1cce702) (ScriptedImporter)[PhysX] Initialized MultithreadedTaskDispatcher with 6 workers.
 -> (artifact id: '8aa8dd846aca6888d0c3bb82b9c06858') in 0.0225543 seconds
Number of updated asset objects reloaded before import = 0Number of asset objects unloaded after import = 3

========================================================================
Received Import Request.
  Time since last request: 0.000013 seconds.
  path: Assets/FullTiltBoogie/Materials/Textures/bolt.png
  artifactKey: Guid(eb9389f4f4f9747529a09efc84cc85d5) Importer(2089858483,192608db42251d675da83286b1cce702)
Start importing Assets/FullTiltBoogie/Materials/Textures/bolt.png using Guid(eb9389f4f4f9747529a09efc84cc85d5) Importer(2089858483,192608db42251d675da83286b1cce702) (ScriptedImporter)[PhysX] Initialized MultithreadedTaskDispatcher with 6 workers.
 -> (artifact id: '1a3b32a34f91e042bf0a4fb8f4aa2b11') in 0.0194953 seconds
Number of updated asset objects reloaded before import = 0Number of asset objects unloaded after import = 1

========================================================================
Received Import Request.
  Time since last request: 0.000029 seconds.
  path: Assets/UI/Pencils/Orange.png
  artifactKey: Guid(9d3d04434f15e0d43b95c00bc42518dd) Importer(2089858483,192608db42251d675da83286b1cce702)
Start importing Assets/UI/Pencils/Orange.png using Guid(9d3d04434f15e0d43b95c00bc42518dd) Importer(2089858483,192608db42251d675da83286b1cce702) (ScriptedImporter)[PhysX] Initialized MultithreadedTaskDispatcher with 6 workers.
 -> (artifact id: '23e030bd7a516f45917dce5ad498b035') in 0.0212999 seconds
Number of updated asset objects reloaded before import = 0Number of asset objects unloaded after import = 3

========================================================================
Received Import Request.
  Time since last request: 0.000013 seconds.
  path: Assets/FullTiltBoogie/Materials/Textures/bolts-spritesheet-1x6.png
  artifactKey: Guid(8aa4cd64adc624dc38bf04c423165aaa) Importer(2089858483,192608db42251d675da83286b1cce702)
Start importing Assets/FullTiltBoogie/Materials/Textures/bolts-spritesheet-1x6.png using Guid(8aa4cd64adc624dc38bf04c423165aaa) Importer(2089858483,192608db42251d675da83286b1cce702) (ScriptedImporter)[PhysX] Initialized MultithreadedTaskDispatcher with 6 workers.
 -> (artifact id: '0b93a902352e1b51796feab85be4a433') in 0.0203064 seconds
Number of updated asset objects reloaded before import = 0Number of asset objects unloaded after import = 1

========================================================================
Received Import Request.
  Time since last request: 0.000035 seconds.
  path: Assets/UI/Pencils/Gray.png
  artifactKey: Guid(80c89667ba1db554da90317372d5a630) Importer(2089858483,192608db42251d675da83286b1cce702)
Start importing Assets/UI/Pencils/Gray.png using Guid(80c89667ba1db554da90317372d5a630) Importer(2089858483,192608db42251d675da83286b1cce702) (ScriptedImporter)[PhysX] Initialized MultithreadedTaskDispatcher with 6 workers.
 -> (artifact id: 'cfe9b580ee22a4c05b005bdfef755119') in 0.0246097 seconds
Number of updated asset objects reloaded before import = 0Number of asset objects unloaded after import = 3

========================================================================
Received Import Request.
  Time since last request: 0.000013 seconds.
  path: Assets/Models/Misiu/28.png
  artifactKey: Guid(e4e335e66b70de243a0e31eae741fea1) Importer(2089858483,192608db42251d675da83286b1cce702)
Start importing Assets/Models/Misiu/28.png using Guid(e4e335e66b70de243a0e31eae741fea1) Importer(2089858483,192608db42251d675da83286b1cce702) (ScriptedImporter)[PhysX] Initialized MultithreadedTaskDispatcher with 6 workers.
 -> (artifact id: '3ec832945420252d7440a4f4a7f0f09d') in 0.0219986 seconds
Number of updated asset objects reloaded before import = 0Number of asset objects unloaded after import = 3

========================================================================
Received Import Request.
  Time since last request: 0.000013 seconds.
  path: Assets/UI/Pencils/DarkBlue.png
  artifactKey: Guid(f8e8f7207c49e8a4f8cd017c10acd19e) Importer(2089858483,192608db42251d675da83286b1cce702)
Start importing Assets/UI/Pencils/DarkBlue.png using Guid(f8e8f7207c49e8a4f8cd017c10acd19e) Importer(2089858483,192608db42251d675da83286b1cce702) (ScriptedImporter)[PhysX] Initialized MultithreadedTaskDispatcher with 6 workers.
 -> (artifact id: '9a382fb9f66d15bd7ac38707ba9caad7') in 0.0235393 seconds
Number of updated asset objects reloaded before import = 0Number of asset objects unloaded after import = 3

========================================================================
Received Import Request.
  Time since last request: 0.000016 seconds.
  path: Assets/Models/Misiu/8.png
  artifactKey: Guid(ab4992d439a06e44aa80baaddb433128) Importer(2089858483,192608db42251d675da83286b1cce702)
Start importing Assets/Models/Misiu/8.png using Guid(ab4992d439a06e44aa80baaddb433128) Importer(2089858483,192608db42251d675da83286b1cce702) (ScriptedImporter)[PhysX] Initialized MultithreadedTaskDispatcher with 6 workers.
 -> (artifact id: '48e8fccdf5af9a807f90f22c40294687') in 0.0224401 seconds
Number of updated asset objects reloaded before import = 0Number of asset objects unloaded after import = 3

========================================================================
Received Import Request.
  Time since last request: 0.000023 seconds.
  path: Assets/UI/Pencils/Brown.png
  artifactKey: Guid(dd81f67eecae62a4ba73647df8665396) Importer(2089858483,192608db42251d675da83286b1cce702)
Start importing Assets/UI/Pencils/Brown.png using Guid(dd81f67eecae62a4ba73647df8665396) Importer(2089858483,192608db42251d675da83286b1cce702) (ScriptedImporter)[PhysX] Initialized MultithreadedTaskDispatcher with 6 workers.
 -> (artifact id: '1b413c5d20374f7ec387fff9dd083112') in 0.0208192 seconds
Number of updated asset objects reloaded before import = 0Number of asset objects unloaded after import = 3

========================================================================
Received Import Request.
  Time since last request: 0.000024 seconds.
  path: Assets/Models/Misiu/3.png
  artifactKey: Guid(aa881a33ac1d1d84ba0f953764449f1e) Importer(2089858483,192608db42251d675da83286b1cce702)
Start importing Assets/Models/Misiu/3.png using Guid(aa881a33ac1d1d84ba0f953764449f1e) Importer(2089858483,192608db42251d675da83286b1cce702) (ScriptedImporter)[PhysX] Initialized MultithreadedTaskDispatcher with 6 workers.
 -> (artifact id: '7b04087178adac6d221d9fefbf877a53') in 0.0224185 seconds
Number of updated asset objects reloaded before import = 0Number of asset objects unloaded after import = 3

========================================================================
Received Import Request.
  Time since last request: 0.000013 seconds.
  path: Assets/FreeButtonSet/Textures/buttons/button_round_220.png
  artifactKey: Guid(9e8274c61673b8a458365832576005b4) Importer(2089858483,192608db42251d675da83286b1cce702)
Start importing Assets/FreeButtonSet/Textures/buttons/button_round_220.png using Guid(9e8274c61673b8a458365832576005b4) Importer(2089858483,192608db42251d675da83286b1cce702) (ScriptedImporter)[PhysX] Initialized MultithreadedTaskDispatcher with 6 workers.
 -> (artifact id: '6b1cbf1dc083504fff85465a81f7651d') in 0.0264532 seconds
Number of updated asset objects reloaded before import = 0Number of asset objects unloaded after import = 3

========================================================================
Received Import Request.
  Time since last request: 0.000017 seconds.
  path: Assets/FreeButtonSet/Textures/controls/slider_handle.png
  artifactKey: Guid(7bb453e60457740498a4615f241fd210) Importer(2089858483,192608db42251d675da83286b1cce702)
Start importing Assets/FreeButtonSet/Textures/controls/slider_handle.png using Guid(7bb453e60457740498a4615f241fd210) Importer(2089858483,192608db42251d675da83286b1cce702) (ScriptedImporter)[PhysX] Initialized MultithreadedTaskDispatcher with 6 workers.
 -> (artifact id: '3dd4ba40caf2009815a87d76010f55d0') in 0.0254503 seconds
Number of updated asset objects reloaded before import = 0Number of asset objects unloaded after import = 3

========================================================================
Received Import Request.
  Time since last request: 0.000014 seconds.
  path: Assets/FreeButtonSet/Textures/controls/cross_04.png
  artifactKey: Guid(0b723a187b246ad44ad90b0600b1e98e) Importer(2089858483,192608db42251d675da83286b1cce702)
Start importing Assets/FreeButtonSet/Textures/controls/cross_04.png using Guid(0b723a187b246ad44ad90b0600b1e98e) Importer(2089858483,192608db42251d675da83286b1cce702) (ScriptedImporter)[PhysX] Initialized MultithreadedTaskDispatcher with 6 workers.
 -> (artifact id: '62d6520df24c85f2ceea2f06a2be8c0c') in 0.0234673 seconds
Number of updated asset objects reloaded before import = 0Number of asset objects unloaded after import = 3

========================================================================
Received Import Request.
  Time since last request: 0.000015 seconds.
  path: Assets/Sprites/The Swineherd/S2.psd
  artifactKey: Guid(8028c6b89c784994db6b967b510a1bd3) Importer(2089858483,192608db42251d675da83286b1cce702)
Start importing Assets/Sprites/The Swineherd/S2.psd using Guid(8028c6b89c784994db6b967b510a1bd3) Importer(2089858483,192608db42251d675da83286b1cce702) (ScriptedImporter)[PhysX] Initialized MultithreadedTaskDispatcher with 6 workers.
 -> (artifact id: '8db01fd7ef1c7a2cb882432a4f9565ce') in 0.0242155 seconds
Number of updated asset objects reloaded before import = 0Number of asset objects unloaded after import = 3

========================================================================
Received Import Request.
  Time since last request: 0.000013 seconds.
  path: Assets/FullTiltBoogie/Materials/Textures/smash-cracks.png
  artifactKey: Guid(3695884b63ed141c78d7bf2ad884ca8e) Importer(2089858483,192608db42251d675da83286b1cce702)
Start importing Assets/FullTiltBoogie/Materials/Textures/smash-cracks.png using Guid(3695884b63ed141c78d7bf2ad884ca8e) Importer(2089858483,192608db42251d675da83286b1cce702) (ScriptedImporter)[PhysX] Initialized MultithreadedTaskDispatcher with 6 workers.
 -> (artifact id: 'abf9f3c8fa67e056c65512220a736962') in 0.0223755 seconds
Number of updated asset objects reloaded before import = 0Number of asset objects unloaded after import = 1

========================================================================
Received Import Request.
  Time since last request: 0.000041 seconds.
  path: Assets/FullTiltBoogie/Materials/Textures/starSixPointsThin.png
  artifactKey: Guid(357d42e34de2043329cb970594cc606d) Importer(2089858483,192608db42251d675da83286b1cce702)
Start importing Assets/FullTiltBoogie/Materials/Textures/starSixPointsThin.png using Guid(357d42e34de2043329cb970594cc606d) Importer(2089858483,192608db42251d675da83286b1cce702) (ScriptedImporter)[PhysX] Initialized MultithreadedTaskDispatcher with 6 workers.
 -> (artifact id: '1eefc263f3e26ab67e5330a2ce5efb04') in 0.0192356 seconds
Number of updated asset objects reloaded before import = 0Number of asset objects unloaded after import = 1

========================================================================
Received Import Request.
  Time since last request: 0.000051 seconds.
  path: Assets/FreeButtonSet/Textures/icons/128x128/heart.png
  artifactKey: Guid(6d9f5fb6855ea5f45abfe0b211851ed2) Importer(2089858483,192608db42251d675da83286b1cce702)
Start importing Assets/FreeButtonSet/Textures/icons/128x128/heart.png using Guid(6d9f5fb6855ea5f45abfe0b211851ed2) Importer(2089858483,192608db42251d675da83286b1cce702) (ScriptedImporter)[PhysX] Initialized MultithreadedTaskDispatcher with 6 workers.
 -> (artifact id: '6eaba7bb3e0563ea5bdaef4f6a1c666b') in 0.0257979 seconds
Number of updated asset objects reloaded before import = 0Number of asset objects unloaded after import = 3

========================================================================
Received Import Request.
  Time since last request: 0.000015 seconds.
  path: Assets/FreeButtonSet/Textures/icons/128x128/play.png
  artifactKey: Guid(adf19f966e0379040bb823cbe5375f3f) Importer(2089858483,192608db42251d675da83286b1cce702)
Start importing Assets/FreeButtonSet/Textures/icons/128x128/play.png using Guid(adf19f966e0379040bb823cbe5375f3f) Importer(2089858483,192608db42251d675da83286b1cce702) (ScriptedImporter)[PhysX] Initialized MultithreadedTaskDispatcher with 6 workers.
 -> (artifact id: '1871bccda3857d6f73cce585a4645518') in 0.0199885 seconds
Number of updated asset objects reloaded before import = 0Number of asset objects unloaded after import = 3

========================================================================
Received Import Request.
  Time since last request: 0.000019 seconds.
  path: Assets/FullTiltBoogie/Materials/Textures/starMedium.png
  artifactKey: Guid(e937a3ffbc2554948831ecbd288f0239) Importer(2089858483,192608db42251d675da83286b1cce702)
Start importing Assets/FullTiltBoogie/Materials/Textures/starMedium.png using Guid(e937a3ffbc2554948831ecbd288f0239) Importer(2089858483,192608db42251d675da83286b1cce702) (ScriptedImporter)[PhysX] Initialized MultithreadedTaskDispatcher with 6 workers.
 -> (artifact id: 'af32966aa0e704c54ec4fcb93beadcf8') in 0.0186038 seconds
Number of updated asset objects reloaded before import = 0Number of asset objects unloaded after import = 1

========================================================================
Received Import Request.
  Time since last request: 0.000025 seconds.
  path: Assets/FreeButtonSet/Textures/icons/128x128/menu.png
  artifactKey: Guid(ec694ac45cee4c34a93f4caf3ab4f155) Importer(2089858483,192608db42251d675da83286b1cce702)
Start importing Assets/FreeButtonSet/Textures/icons/128x128/menu.png using Guid(ec694ac45cee4c34a93f4caf3ab4f155) Importer(2089858483,192608db42251d675da83286b1cce702) (ScriptedImporter)[PhysX] Initialized MultithreadedTaskDispatcher with 6 workers.
 -> (artifact id: 'd64a81f3d2b1634704e4f3bb6bd06394') in 0.0258463 seconds
Number of updated asset objects reloaded before import = 0Number of asset objects unloaded after import = 3

========================================================================
Received Import Request.
  Time since last request: 0.000017 seconds.
  path: Assets/FullTiltBoogie/Materials/Textures/smash-cracks-normal.png
  artifactKey: Guid(a5f5cfa3ef5f7438a8599c9cf4098fc9) Importer(2089858483,192608db42251d675da83286b1cce702)
Start importing Assets/FullTiltBoogie/Materials/Textures/smash-cracks-normal.png using Guid(a5f5cfa3ef5f7438a8599c9cf4098fc9) Importer(2089858483,192608db42251d675da83286b1cce702) (ScriptedImporter)[PhysX] Initialized MultithreadedTaskDispatcher with 6 workers.
 -> (artifact id: '08e9ba6f2baf4995b3460ae64ef7aca5') in 0.0203704 seconds
Number of updated asset objects reloaded before import = 0Number of asset objects unloaded after import = 1

========================================================================
Received Import Request.
  Time since last request: 0.000035 seconds.
  path: Assets/FullTiltBoogie/Materials/Textures/starSixPoints.png
  artifactKey: Guid(052db63ea497845558470a33c99941fb) Importer(2089858483,192608db42251d675da83286b1cce702)
Start importing Assets/FullTiltBoogie/Materials/Textures/starSixPoints.png using Guid(052db63ea497845558470a33c99941fb) Importer(2089858483,192608db42251d675da83286b1cce702) (ScriptedImporter)[PhysX] Initialized MultithreadedTaskDispatcher with 6 workers.
 -> (artifact id: '702538ae7b80447ec82fba9157e515f6') in 0.0194532 seconds
Number of updated asset objects reloaded before import = 0Number of asset objects unloaded after import = 1

========================================================================
Received Import Request.
  Time since last request: 0.000034 seconds.
  path: Assets/FreeButtonSet/Textures/icons/128x128/star.png
  artifactKey: Guid(c45822dd0d148ae4c80084e497c39961) Importer(2089858483,192608db42251d675da83286b1cce702)
Start importing Assets/FreeButtonSet/Textures/icons/128x128/star.png using Guid(c45822dd0d148ae4c80084e497c39961) Importer(2089858483,192608db42251d675da83286b1cce702) (ScriptedImporter)[PhysX] Initialized MultithreadedTaskDispatcher with 6 workers.
 -> (artifact id: 'e5f279b0402716f2af1bd02785ae7a99') in 0.0242465 seconds
Number of updated asset objects reloaded before import = 0Number of asset objects unloaded after import = 3

========================================================================
Received Import Request.
  Time since last request: 0.000014 seconds.
  path: Assets/FreeButtonSet/Textures/icons/128x128/share.png
  artifactKey: Guid(0c3c788016f06db4fa4c39433fe3af6c) Importer(2089858483,192608db42251d675da83286b1cce702)
Start importing Assets/FreeButtonSet/Textures/icons/128x128/share.png using Guid(0c3c788016f06db4fa4c39433fe3af6c) Importer(2089858483,192608db42251d675da83286b1cce702) (ScriptedImporter)[PhysX] Initialized MultithreadedTaskDispatcher with 6 workers.
 -> (artifact id: '38af9fa6e54a1e992aaaba58cc6de867') in 0.0246685 seconds
Number of updated asset objects reloaded before import = 0Number of asset objects unloaded after import = 3

========================================================================
Received Import Request.
  Time since last request: 0.000014 seconds.
  path: Assets/Plugins/NativeGallery/Android/NGMediaReceiveCallbackAndroid.cs
  artifactKey: Guid(4c18d702b07a63945968db47201b95c9) Importer(2089858483,192608db42251d675da83286b1cce702)
Start importing Assets/Plugins/NativeGallery/Android/NGMediaReceiveCallbackAndroid.cs using Guid(4c18d702b07a63945968db47201b95c9) Importer(2089858483,192608db42251d675da83286b1cce702) (ScriptedImporter)[PhysX] Initialized MultithreadedTaskDispatcher with 6 workers.
 -> (artifact id: 'd32482f7de6ce76b0043710c8dcac7f9') in 0.0128247 seconds
Number of updated asset objects reloaded before import = 0Number of asset objects unloaded after import = 0

========================================================================
Received Import Request.
  Time since last request: 0.000049 seconds.
  path: Assets/FullTiltBoogie/Materials/Textures/pent.png
  artifactKey: Guid(bd70a7868204946509a58e70e0ea6780) Importer(2089858483,192608db42251d675da83286b1cce702)
Start importing Assets/FullTiltBoogie/Materials/Textures/pent.png using Guid(bd70a7868204946509a58e70e0ea6780) Importer(2089858483,192608db42251d675da83286b1cce702) (ScriptedImporter)[PhysX] Initialized MultithreadedTaskDispatcher with 6 workers.
 -> (artifact id: 'ef2ac534d51a2e4ddb8b1f0fcbb8734e') in 0.0197107 seconds
Number of updated asset objects reloaded before import = 0Number of asset objects unloaded after import = 1

========================================================================
Received Import Request.
  Time since last request: 0.000043 seconds.
  path: Assets/FreeButtonSet/Textures/icons/128x128/info.png
  artifactKey: Guid(ff8b06e19a717d14d9ff2546436de761) Importer(2089858483,192608db42251d675da83286b1cce702)
Start importing Assets/FreeButtonSet/Textures/icons/128x128/info.png using Guid(ff8b06e19a717d14d9ff2546436de761) Importer(2089858483,192608db42251d675da83286b1cce702) (ScriptedImporter)[PhysX] Initialized MultithreadedTaskDispatcher with 6 workers.
 -> (artifact id: 'cc3bf10f1c4cacf1813f96bf25c9b902') in 0.0227398 seconds
Number of updated asset objects reloaded before import = 0Number of asset objects unloaded after import = 3

========================================================================
Received Import Request.
  Time since last request: 0.000017 seconds.
  path: Assets/FullTiltBoogie/Materials/Textures/starThreePoints.png
  artifactKey: Guid(0bc1cc6dc33a948cb8127cf88b885008) Importer(2089858483,192608db42251d675da83286b1cce702)
Start importing Assets/FullTiltBoogie/Materials/Textures/starThreePoints.png using Guid(0bc1cc6dc33a948cb8127cf88b885008) Importer(2089858483,192608db42251d675da83286b1cce702) (ScriptedImporter)[PhysX] Initialized MultithreadedTaskDispatcher with 6 workers.
 -> (artifact id: '39a288d3afd5b721bdab6fd97d92a594') in 0.0220648 seconds
Number of updated asset objects reloaded before import = 0Number of asset objects unloaded after import = 1

========================================================================
Received Import Request.
  Time since last request: 0.000022 seconds.
  path: Assets/Sprites/Puzzle/round.png
  artifactKey: Guid(f59be862b0205a745be7f6e280808375) Importer(2089858483,192608db42251d675da83286b1cce702)
Start importing Assets/Sprites/Puzzle/round.png using Guid(f59be862b0205a745be7f6e280808375) Importer(2089858483,192608db42251d675da83286b1cce702) (ScriptedImporter)[PhysX] Initialized MultithreadedTaskDispatcher with 6 workers.
 -> (artifact id: '9f685efdf4b28989a9c5f5152d8570ed') in 0.0247071 seconds
Number of updated asset objects reloaded before import = 0Number of asset objects unloaded after import = 3

========================================================================
Received Import Request.
  Time since last request: 0.000020 seconds.
  path: Assets/Models/GIraffe/12.png
  artifactKey: Guid(5cd2425e89390ba4f996bb8eb100f50b) Importer(2089858483,192608db42251d675da83286b1cce702)
Start importing Assets/Models/GIraffe/12.png using Guid(5cd2425e89390ba4f996bb8eb100f50b) Importer(2089858483,192608db42251d675da83286b1cce702) (ScriptedImporter)[PhysX] Initialized MultithreadedTaskDispatcher with 6 workers.
 -> (artifact id: 'e3342f46c15b6dbce7cc98a017ecc29e') in 0.0233312 seconds
Number of updated asset objects reloaded before import = 0Number of asset objects unloaded after import = 3

========================================================================
Received Import Request.
  Time since last request: 0.000016 seconds.
  path: Assets/Models/GIraffe/7.png
  artifactKey: Guid(7a7c1b18cc767a041a67b5ed5198b7a4) Importer(2089858483,192608db42251d675da83286b1cce702)
Start importing Assets/Models/GIraffe/7.png using Guid(7a7c1b18cc767a041a67b5ed5198b7a4) Importer(2089858483,192608db42251d675da83286b1cce702) (ScriptedImporter)[PhysX] Initialized MultithreadedTaskDispatcher with 6 workers.
 -> (artifact id: '6a78c748729221c0ac36de0ee1958615') in 0.0286164 seconds
Number of updated asset objects reloaded before import = 0Number of asset objects unloaded after import = 3

========================================================================
Received Import Request.
  Time since last request: 0.000016 seconds.
  path: Assets/FullTiltBoogie/Materials/Textures/smokepuff1.png
  artifactKey: Guid(9d7bb81a87e8f4af0b7b243dd6610655) Importer(2089858483,192608db42251d675da83286b1cce702)
Start importing Assets/FullTiltBoogie/Materials/Textures/smokepuff1.png using Guid(9d7bb81a87e8f4af0b7b243dd6610655) Importer(2089858483,192608db42251d675da83286b1cce702) (ScriptedImporter)[PhysX] Initialized MultithreadedTaskDispatcher with 6 workers.
 -> (artifact id: '839ad0842c348b9b9b0a95e15a15014a') in 0.0205189 seconds
Number of updated asset objects reloaded before import = 0Number of asset objects unloaded after import = 1

========================================================================
Received Import Request.
  Time since last request: 0.000044 seconds.
  path: Assets/UI/Pencils/Black.png
  artifactKey: Guid(9d877533f8ac0c8438b44e47c6fdbc83) Importer(2089858483,192608db42251d675da83286b1cce702)
Start importing Assets/UI/Pencils/Black.png using Guid(9d877533f8ac0c8438b44e47c6fdbc83) Importer(2089858483,192608db42251d675da83286b1cce702) (ScriptedImporter)[PhysX] Initialized MultithreadedTaskDispatcher with 6 workers.
 -> (artifact id: '74d82490b99669afc91bf4fd0229a9d3') in 0.0261677 seconds
Number of updated asset objects reloaded before import = 0Number of asset objects unloaded after import = 3

========================================================================
Received Import Request.
  Time since last request: 0.000013 seconds.
  path: Assets/FreeButtonSet/Textures/icons/128x128/plus.png
  artifactKey: Guid(c1d5c0c9c2ed348448cf389548c36f28) Importer(2089858483,192608db42251d675da83286b1cce702)
Start importing Assets/FreeButtonSet/Textures/icons/128x128/plus.png using Guid(c1d5c0c9c2ed348448cf389548c36f28) Importer(2089858483,192608db42251d675da83286b1cce702) (ScriptedImporter)[PhysX] Initialized MultithreadedTaskDispatcher with 6 workers.
 -> (artifact id: '7ecd123be1b502b99ce79f41aad9851a') in 0.0238242 seconds
Number of updated asset objects reloaded before import = 0Number of asset objects unloaded after import = 3

========================================================================
Received Import Request.
  Time since last request: 0.000016 seconds.
  path: Assets/Models/Misiu/25.png
  artifactKey: Guid(fa108e003f530cb40b843865752e0a80) Importer(2089858483,192608db42251d675da83286b1cce702)
Start importing Assets/Models/Misiu/25.png using Guid(fa108e003f530cb40b843865752e0a80) Importer(2089858483,192608db42251d675da83286b1cce702) (ScriptedImporter)[PhysX] Initialized MultithreadedTaskDispatcher with 6 workers.
 -> (artifact id: '3c52f686a8c4ad59ae3babcce3182f2c') in 0.027058 seconds
Number of updated asset objects reloaded before import = 0Number of asset objects unloaded after import = 3

========================================================================
Received Import Request.
  Time since last request: 0.000015 seconds.
  path: Assets/Models/GIraffe/giraffe.prefab
  artifactKey: Guid(c391a116e37dae447815a795a8d287c6) Importer(2089858483,192608db42251d675da83286b1cce702)
Start importing Assets/Models/GIraffe/giraffe.prefab using Guid(c391a116e37dae447815a795a8d287c6) Importer(2089858483,192608db42251d675da83286b1cce702) (ScriptedImporter)[PhysX] Initialized MultithreadedTaskDispatcher with 6 workers.
 -> (artifact id: '08926c022566c920ac43d360555b5f40') in 0.0304869 seconds
Number of updated asset objects reloaded before import = 0Number of asset objects unloaded after import = 201

========================================================================
Received Import Request.
  Time since last request: 0.000020 seconds.
  path: Assets/FreeButtonSet/Textures/icons/64x64/menu.png
  artifactKey: Guid(eae15a34ba5cbdd40accbe87e85f2c40) Importer(2089858483,192608db42251d675da83286b1cce702)
Start importing Assets/FreeButtonSet/Textures/icons/64x64/menu.png using Guid(eae15a34ba5cbdd40accbe87e85f2c40) Importer(2089858483,192608db42251d675da83286b1cce702) (ScriptedImporter)[PhysX] Initialized MultithreadedTaskDispatcher with 6 workers.
 -> (artifact id: '9262a288d61b5a346fb5a95d2017ce6b') in 0.0240106 seconds
Number of updated asset objects reloaded before import = 0Number of asset objects unloaded after import = 3

========================================================================
Received Import Request.
  Time since last request: 0.000016 seconds.
  path: Assets/FreeButtonSet/Textures/icons/32x32/speaker.png
  artifactKey: Guid(967aab30d466613409c60a93eee109b8) Importer(2089858483,192608db42251d675da83286b1cce702)
Start importing Assets/FreeButtonSet/Textures/icons/32x32/speaker.png using Guid(967aab30d466613409c60a93eee109b8) Importer(2089858483,192608db42251d675da83286b1cce702) (ScriptedImporter)[PhysX] Initialized MultithreadedTaskDispatcher with 6 workers.
 -> (artifact id: 'c0df504f0ad209767ee59e62bdeff1ce') in 0.0219658 seconds
Number of updated asset objects reloaded before import = 0Number of asset objects unloaded after import = 3

========================================================================
Received Import Request.
  Time since last request: 0.000022 seconds.
  path: Assets/FreeButtonSet/Textures/icons/32x32/share.png
  artifactKey: Guid(f93fb28de2f7a5f4aa6babd1576b7828) Importer(2089858483,192608db42251d675da83286b1cce702)
Start importing Assets/FreeButtonSet/Textures/icons/32x32/share.png using Guid(f93fb28de2f7a5f4aa6babd1576b7828) Importer(2089858483,192608db42251d675da83286b1cce702) (ScriptedImporter)[PhysX] Initialized MultithreadedTaskDispatcher with 6 workers.
 -> (artifact id: '845b0eb5665f3400a5087f2c67833fa2') in 0.0218056 seconds
Number of updated asset objects reloaded before import = 0Number of asset objects unloaded after import = 3

========================================================================
Received Import Request.
  Time since last request: 0.000013 seconds.
  path: Assets/FreeButtonSet/Textures/icons/128x128/x.png
  artifactKey: Guid(321dfcc1c12d7cf42b0037754b1cdf9b) Importer(2089858483,192608db42251d675da83286b1cce702)
Start importing Assets/FreeButtonSet/Textures/icons/128x128/x.png using Guid(321dfcc1c12d7cf42b0037754b1cdf9b) Importer(2089858483,192608db42251d675da83286b1cce702) (ScriptedImporter)[PhysX] Initialized MultithreadedTaskDispatcher with 6 workers.
 -> (artifact id: '3bec2952386964339185268ca891263c') in 0.0233837 seconds
Number of updated asset objects reloaded before import = 0Number of asset objects unloaded after import = 3

========================================================================
Received Import Request.
  Time since last request: 0.000014 seconds.
  path: Assets/FreeButtonSet/Textures/icons/256x256/minus.png
  artifactKey: Guid(6d3df38cd65ff494387432fd56427bde) Importer(2089858483,192608db42251d675da83286b1cce702)
Start importing Assets/FreeButtonSet/Textures/icons/256x256/minus.png using Guid(6d3df38cd65ff494387432fd56427bde) Importer(2089858483,192608db42251d675da83286b1cce702) (ScriptedImporter)[PhysX] Initialized MultithreadedTaskDispatcher with 6 workers.
 -> (artifact id: '3c9cd4edab75d5a1bb0e7c27747fa223') in 0.0243566 seconds
Number of updated asset objects reloaded before import = 0Number of asset objects unloaded after import = 3

========================================================================
Received Import Request.
  Time since last request: 0.000015 seconds.
  path: Assets/FreeButtonSet/Textures/icons/64x64/settings.png
  artifactKey: Guid(15c763ef71e34a044933912d647cc1f9) Importer(2089858483,192608db42251d675da83286b1cce702)
Start importing Assets/FreeButtonSet/Textures/icons/64x64/settings.png using Guid(15c763ef71e34a044933912d647cc1f9) Importer(2089858483,192608db42251d675da83286b1cce702) (ScriptedImporter)[PhysX] Initialized MultithreadedTaskDispatcher with 6 workers.
 -> (artifact id: '92b694dd7efc01fde1722853401df056') in 0.0216341 seconds
Number of updated asset objects reloaded before import = 0Number of asset objects unloaded after import = 3

========================================================================
Received Import Request.
  Time since last request: 0.000015 seconds.
  path: Assets/FreeButtonSet/Textures/icons/32x32/arrow_up.png
  artifactKey: Guid(e79549f1ff9d02e49aec7ac82e66592a) Importer(2089858483,192608db42251d675da83286b1cce702)
Start importing Assets/FreeButtonSet/Textures/icons/32x32/arrow_up.png using Guid(e79549f1ff9d02e49aec7ac82e66592a) Importer(2089858483,192608db42251d675da83286b1cce702) (ScriptedImporter)[PhysX] Initialized MultithreadedTaskDispatcher with 6 workers.
 -> (artifact id: 'c5f1207021d788ccd5963dcad84f17c1') in 0.0211522 seconds
Number of updated asset objects reloaded before import = 0Number of asset objects unloaded after import = 3

========================================================================
Received Import Request.
  Time since last request: 0.000015 seconds.
  path: Assets/FreeButtonSet/Textures/icons/64x64/checkmark.png
  artifactKey: Guid(a1b36335edc21804d8483d19058e387c) Importer(2089858483,192608db42251d675da83286b1cce702)
Start importing Assets/FreeButtonSet/Textures/icons/64x64/checkmark.png using Guid(a1b36335edc21804d8483d19058e387c) Importer(2089858483,192608db42251d675da83286b1cce702) (ScriptedImporter)[PhysX] Initialized MultithreadedTaskDispatcher with 6 workers.
 -> (artifact id: '21e32f786802439b92baeb0777c7229f') in 0.0210301 seconds
Number of updated asset objects reloaded before import = 0Number of asset objects unloaded after import = 3

========================================================================
Received Import Request.
  Time since last request: 0.000018 seconds.
  path: Assets/FreeButtonSet/Textures/icons/256x256/arrow_down.png
  artifactKey: Guid(8e23a03b070b02343ae289c317c04cb8) Importer(2089858483,192608db42251d675da83286b1cce702)
Start importing Assets/FreeButtonSet/Textures/icons/256x256/arrow_down.png using Guid(8e23a03b070b02343ae289c317c04cb8) Importer(2089858483,192608db42251d675da83286b1cce702) (ScriptedImporter)[PhysX] Initialized MultithreadedTaskDispatcher with 6 workers.
 -> (artifact id: '7a2d28754a7de7e7e2d1d0d797bbd29d') in 0.0239405 seconds
Number of updated asset objects reloaded before import = 0Number of asset objects unloaded after import = 3

========================================================================
Received Import Request.
  Time since last request: 0.000014 seconds.
  path: Assets/FreeButtonSet/Textures/icons/32x32/arrow_left.png
  artifactKey: Guid(41bc5d0324757c7439b419ae5397a50e) Importer(2089858483,192608db42251d675da83286b1cce702)
Start importing Assets/FreeButtonSet/Textures/icons/32x32/arrow_left.png using Guid(41bc5d0324757c7439b419ae5397a50e) Importer(2089858483,192608db42251d675da83286b1cce702) (ScriptedImporter)[PhysX] Initialized MultithreadedTaskDispatcher with 6 workers.
 -> (artifact id: '31afd10e24f3d2ad5a001f74450d8327') in 0.0208636 seconds
Number of updated asset objects reloaded before import = 0Number of asset objects unloaded after import = 3

========================================================================
Received Import Request.
  Time since last request: 0.000012 seconds.
  path: Assets/FreeButtonSet/Textures/icons/64x64/arrow_up.png
  artifactKey: Guid(632776cb97988674c8daa001a86108a1) Importer(2089858483,192608db42251d675da83286b1cce702)
Start importing Assets/FreeButtonSet/Textures/icons/64x64/arrow_up.png using Guid(632776cb97988674c8daa001a86108a1) Importer(2089858483,192608db42251d675da83286b1cce702) (ScriptedImporter)[PhysX] Initialized MultithreadedTaskDispatcher with 6 workers.
 -> (artifact id: 'fd2307ef4940dcb1672dc872b656ef10') in 0.021402 seconds
Number of updated asset objects reloaded before import = 0Number of asset objects unloaded after import = 3

========================================================================
Received Import Request.
  Time since last request: 0.000013 seconds.
  path: Assets/FreeButtonSet/Textures/icons/64x64/heart.png
  artifactKey: Guid(8082c022c1e0e004c983dda20809df59) Importer(2089858483,192608db42251d675da83286b1cce702)
Start importing Assets/FreeButtonSet/Textures/icons/64x64/heart.png using Guid(8082c022c1e0e004c983dda20809df59) Importer(2089858483,192608db42251d675da83286b1cce702) (ScriptedImporter)[PhysX] Initialized MultithreadedTaskDispatcher with 6 workers.
 -> (artifact id: '3fceba60599b44f5cdd555aabcc3f846') in 0.023307 seconds
Number of updated asset objects reloaded before import = 0Number of asset objects unloaded after import = 3

========================================================================
Received Import Request.
  Time since last request: 0.000016 seconds.
  path: Assets/FreeButtonSet/Textures/icons/32x32/minus.png
  artifactKey: Guid(a13a11ae513fbe544ad52acf42a1eaa0) Importer(2089858483,192608db42251d675da83286b1cce702)
Start importing Assets/FreeButtonSet/Textures/icons/32x32/minus.png using Guid(a13a11ae513fbe544ad52acf42a1eaa0) Importer(2089858483,192608db42251d675da83286b1cce702) (ScriptedImporter)[PhysX] Initialized MultithreadedTaskDispatcher with 6 workers.
 -> (artifact id: '7e40c6e7a6c31921059f5e7745621f58') in 0.0221695 seconds
Number of updated asset objects reloaded before import = 0Number of asset objects unloaded after import = 3

========================================================================
Received Import Request.
  Time since last request: 0.000018 seconds.
  path: Assets/FreeButtonSet/Textures/icons/32x32/x.png
  artifactKey: Guid(9aeac1c0750d43d498b7e62859763888) Importer(2089858483,192608db42251d675da83286b1cce702)
Start importing Assets/FreeButtonSet/Textures/icons/32x32/x.png using Guid(9aeac1c0750d43d498b7e62859763888) Importer(2089858483,192608db42251d675da83286b1cce702) (ScriptedImporter)[PhysX] Initialized MultithreadedTaskDispatcher with 6 workers.
 -> (artifact id: '937aee745f84e5c1618e184be3b14c8b') in 0.0208957 seconds
Number of updated asset objects reloaded before import = 0Number of asset objects unloaded after import = 3

========================================================================
Received Import Request.
  Time since last request: 0.000015 seconds.
  path: Assets/FreeButtonSet/Textures/icons/32x32/star.png
  artifactKey: Guid(12451ffac05266542a4ec30187af9b6b) Importer(2089858483,192608db42251d675da83286b1cce702)
Start importing Assets/FreeButtonSet/Textures/icons/32x32/star.png using Guid(12451ffac05266542a4ec30187af9b6b) Importer(2089858483,192608db42251d675da83286b1cce702) (ScriptedImporter)[PhysX] Initialized MultithreadedTaskDispatcher with 6 workers.
 -> (artifact id: 'd6a84dc62ad7576d29713bd5c8e05dec') in 0.0228592 seconds
Number of updated asset objects reloaded before import = 0Number of asset objects unloaded after import = 3

========================================================================
Received Import Request.
  Time since last request: 0.000015 seconds.
  path: Assets/FreeButtonSet/Textures/icons/32x32/message.png
  artifactKey: Guid(858e29a9128a19c4182ce8b02b9c6683) Importer(2089858483,192608db42251d675da83286b1cce702)
Start importing Assets/FreeButtonSet/Textures/icons/32x32/message.png using Guid(858e29a9128a19c4182ce8b02b9c6683) Importer(2089858483,192608db42251d675da83286b1cce702) (ScriptedImporter)[PhysX] Initialized MultithreadedTaskDispatcher with 6 workers.
 -> (artifact id: 'd50cf00947c0ae5c74e57aadba83325a') in 0.0209543 seconds
Number of updated asset objects reloaded before import = 0Number of asset objects unloaded after import = 3

========================================================================
Received Import Request.
  Time since last request: 0.000015 seconds.
  path: Assets/FreeButtonSet/Textures/icons/32x32/settings.png
  artifactKey: Guid(3d29037700e86324989943cee8d473db) Importer(2089858483,192608db42251d675da83286b1cce702)
Start importing Assets/FreeButtonSet/Textures/icons/32x32/settings.png using Guid(3d29037700e86324989943cee8d473db) Importer(2089858483,192608db42251d675da83286b1cce702) (ScriptedImporter)[PhysX] Initialized MultithreadedTaskDispatcher with 6 workers.
 -> (artifact id: '024aff7770e32969eacea8c5a099b5f8') in 0.021325 seconds
Number of updated asset objects reloaded before import = 0Number of asset objects unloaded after import = 3

========================================================================
Received Import Request.
  Time since last request: 0.000025 seconds.
  path: Assets/FreeButtonSet/Textures/icons/256x256/menu.png
  artifactKey: Guid(508b7276e5631294ab35b053b5a7775c) Importer(2089858483,192608db42251d675da83286b1cce702)
Start importing Assets/FreeButtonSet/Textures/icons/256x256/menu.png using Guid(508b7276e5631294ab35b053b5a7775c) Importer(2089858483,192608db42251d675da83286b1cce702) (ScriptedImporter)[PhysX] Initialized MultithreadedTaskDispatcher with 6 workers.
 -> (artifact id: 'f4fdaf048b64006d5d553edbc2eb7d4f') in 0.0208198 seconds
Number of updated asset objects reloaded before import = 0Number of asset objects unloaded after import = 3

========================================================================
Received Import Request.
  Time since last request: 0.000013 seconds.
  path: Assets/FreeButtonSet/Textures/icons/256x256/arrow_right.png
  artifactKey: Guid(841ae3188ba4d9746ba4f4ed86597a98) Importer(2089858483,192608db42251d675da83286b1cce702)
Start importing Assets/FreeButtonSet/Textures/icons/256x256/arrow_right.png using Guid(841ae3188ba4d9746ba4f4ed86597a98) Importer(2089858483,192608db42251d675da83286b1cce702) (ScriptedImporter)[PhysX] Initialized MultithreadedTaskDispatcher with 6 workers.
 -> (artifact id: '5d05e1ca987375c653857a4003a9a005') in 0.0224451 seconds
Number of updated asset objects reloaded before import = 0Number of asset objects unloaded after import = 3

========================================================================
Received Import Request.
  Time since last request: 0.000013 seconds.
  path: Assets/Models/GIraffe/16.png
  artifactKey: Guid(45de0b60d66b7954e9cd06b69ad37208) Importer(2089858483,192608db42251d675da83286b1cce702)
Start importing Assets/Models/GIraffe/16.png using Guid(45de0b60d66b7954e9cd06b69ad37208) Importer(2089858483,192608db42251d675da83286b1cce702) (ScriptedImporter)[PhysX] Initialized MultithreadedTaskDispatcher with 6 workers.
 -> (artifact id: 'a678c7863e8eece139507976af30b434') in 0.0230689 seconds
Number of updated asset objects reloaded before import = 0Number of asset objects unloaded after import = 3

========================================================================
Received Import Request.
  Time since last request: 0.000014 seconds.
  path: Assets/Scripts/ScreenCapture.cs
  artifactKey: Guid(0bc09a81b21adfb4d819d1e49bccfbad) Importer(2089858483,192608db42251d675da83286b1cce702)
Start importing Assets/Scripts/ScreenCapture.cs using Guid(0bc09a81b21adfb4d819d1e49bccfbad) Importer(2089858483,192608db42251d675da83286b1cce702) (ScriptedImporter)[PhysX] Initialized MultithreadedTaskDispatcher with 6 workers.
 -> (artifact id: '6a8ff83114eca2de3259a68738dc3dbc') in 0.0109057 seconds
Number of updated asset objects reloaded before import = 0Number of asset objects unloaded after import = 0

========================================================================
Received Import Request.
  Time since last request: 0.000052 seconds.
  path: Assets/Models/Misiu/24.png
  artifactKey: Guid(ad4f2d9f88ce02e4eba08a397010a55b) Importer(2089858483,192608db42251d675da83286b1cce702)
Start importing Assets/Models/Misiu/24.png using Guid(ad4f2d9f88ce02e4eba08a397010a55b) Importer(2089858483,192608db42251d675da83286b1cce702) (ScriptedImporter)[PhysX] Initialized MultithreadedTaskDispatcher with 6 workers.
 -> (artifact id: 'dfb174dafba14e66f5491611f2a21723') in 0.0237587 seconds
Number of updated asset objects reloaded before import = 0Number of asset objects unloaded after import = 3

========================================================================
Received Import Request.
  Time since last request: 0.000014 seconds.
  path: Assets/FreeButtonSet/Textures/controls/cross_02.png
  artifactKey: Guid(3e07fb988be0211469ff5f55f7e8f111) Importer(2089858483,192608db42251d675da83286b1cce702)
Start importing Assets/FreeButtonSet/Textures/controls/cross_02.png using Guid(3e07fb988be0211469ff5f55f7e8f111) Importer(2089858483,192608db42251d675da83286b1cce702) (ScriptedImporter)[PhysX] Initialized MultithreadedTaskDispatcher with 6 workers.
 -> (artifact id: 'f217c7713b76381a047a23901e7c6111') in 0.0227486 seconds
Number of updated asset objects reloaded before import = 0Number of asset objects unloaded after import = 3

========================================================================
Received Import Request.
  Time since last request: 0.000015 seconds.
  path: Assets/Samples/Shader Graph/7.1.8/Procedural Patterns/Whirl.ShaderSubGraph
  artifactKey: Guid(44f87539b2be2d24d86b8843f98ad277) Importer(2089858483,192608db42251d675da83286b1cce702)
Start importing Assets/Samples/Shader Graph/7.1.8/Procedural Patterns/Whirl.ShaderSubGraph using Guid(44f87539b2be2d24d86b8843f98ad277) Importer(2089858483,192608db42251d675da83286b1cce702) (ScriptedImporter)[PhysX] Initialized MultithreadedTaskDispatcher with 6 workers.
 -> (artifact id: '6117dec36dc557a7f3cbf241abfa153d') in 0.0081923 seconds
Number of updated asset objects reloaded before import = 0Number of asset objects unloaded after import = 1

========================================================================
Received Import Request.
  Time since last request: 0.000043 seconds.
  path: Assets/Samples/Shader Graph/7.1.8/Procedural Patterns/Bacteria.ShaderSubGraph
  artifactKey: Guid(804c76ccbe9643147a24f07885bb47ba) Importer(2089858483,192608db42251d675da83286b1cce702)
Start importing Assets/Samples/Shader Graph/7.1.8/Procedural Patterns/Bacteria.ShaderSubGraph using Guid(804c76ccbe9643147a24f07885bb47ba) Importer(2089858483,192608db42251d675da83286b1cce702) (ScriptedImporter)[PhysX] Initialized MultithreadedTaskDispatcher with 6 workers.
 -> (artifact id: '06a3d626cf5b705ccf8ac74c0a267914') in 0.0076775 seconds
Number of updated asset objects reloaded before import = 0Number of asset objects unloaded after import = 1

========================================================================
Received Import Request.
  Time since last request: 0.000035 seconds.
  path: Assets/Samples/Shader Graph/7.1.8/Procedural Patterns/BacteriaSmoothstep.shadersubgraph
  artifactKey: Guid(e3991c0bfe9e06945833b46fb6e56055) Importer(2089858483,192608db42251d675da83286b1cce702)
Start importing Assets/Samples/Shader Graph/7.1.8/Procedural Patterns/BacteriaSmoothstep.shadersubgraph using Guid(e3991c0bfe9e06945833b46fb6e56055) Importer(2089858483,192608db42251d675da83286b1cce702) (ScriptedImporter)[PhysX] Initialized MultithreadedTaskDispatcher with 6 workers.
 -> (artifact id: 'f0a16708bd3958a9f81a8fc72e24c281') in 0.0087889 seconds
Number of updated asset objects reloaded before import = 0Number of asset objects unloaded after import = 1

========================================================================
Received Import Request.
  Time since last request: 0.000044 seconds.
  path: Assets/Samples/Shader Graph/7.1.8/Procedural Patterns/Smooth Wave.ShaderSubGraph
  artifactKey: Guid(f450689a19af5fd4a98b097aa9136722) Importer(2089858483,192608db42251d675da83286b1cce702)
Start importing Assets/Samples/Shader Graph/7.1.8/Procedural Patterns/Smooth Wave.ShaderSubGraph using Guid(f450689a19af5fd4a98b097aa9136722) Importer(2089858483,192608db42251d675da83286b1cce702) (ScriptedImporter)[PhysX] Initialized MultithreadedTaskDispatcher with 6 workers.
 -> (artifact id: '942fca998cf298ff14ee6ba9b452e84e') in 0.00797 seconds
Number of updated asset objects reloaded before import = 0Number of asset objects unloaded after import = 1

========================================================================
Received Import Request.
  Time since last request: 0.000032 seconds.
  path: Assets/Samples/Shader Graph/7.1.8/Procedural Patterns/Spiral.ShaderSubGraph
  artifactKey: Guid(5a26cc160e0fc0a4b9c1a14cfd3d392f) Importer(2089858483,192608db42251d675da83286b1cce702)
Start importing Assets/Samples/Shader Graph/7.1.8/Procedural Patterns/Spiral.ShaderSubGraph using Guid(5a26cc160e0fc0a4b9c1a14cfd3d392f) Importer(2089858483,192608db42251d675da83286b1cce702) (ScriptedImporter)[PhysX] Initialized MultithreadedTaskDispatcher with 6 workers.
 -> (artifact id: '22602ac2cbb9d1ee9d7164185c0174ef') in 0.009308 seconds
Number of updated asset objects reloaded before import = 0Number of asset objects unloaded after import = 1

========================================================================
Received Import Request.
  Time since last request: 0.000023 seconds.
  path: Assets/Samples/Shader Graph/7.1.8/Procedural Patterns/Brick.ShaderSubGraph
  artifactKey: Guid(aa594629bd691e649abe52f379f329b1) Importer(2089858483,192608db42251d675da83286b1cce702)
Start importing Assets/Samples/Shader Graph/7.1.8/Procedural Patterns/Brick.ShaderSubGraph using Guid(aa594629bd691e649abe52f379f329b1) Importer(2089858483,192608db42251d675da83286b1cce702) (ScriptedImporter)[PhysX] Initialized MultithreadedTaskDispatcher with 6 workers.
 -> (artifact id: '618ff50465d84d71f9a5d68d5ac671b7') in 0.0087439 seconds
Number of updated asset objects reloaded before import = 0Number of asset objects unloaded after import = 1

========================================================================
Received Import Request.
  Time since last request: 0.000044 seconds.
  path: Assets/Samples/Shader Graph/7.1.8/Procedural Patterns/Truchet.ShaderSubGraph
  artifactKey: Guid(443a06ee36571b848aa0cc4eb4f681b4) Importer(2089858483,192608db42251d675da83286b1cce702)
Start importing Assets/Samples/Shader Graph/7.1.8/Procedural Patterns/Truchet.ShaderSubGraph using Guid(443a06ee36571b848aa0cc4eb4f681b4) Importer(2089858483,192608db42251d675da83286b1cce702) (ScriptedImporter)[PhysX] Initialized MultithreadedTaskDispatcher with 6 workers.
 -> (artifact id: '4b425a789b23e6a1996baf149a00cae1') in 0.0087056 seconds
Number of updated asset objects reloaded before import = 0Number of asset objects unloaded after import = 1

========================================================================
Received Import Request.
  Time since last request: 0.000030 seconds.
  path: Assets/FreeButtonSet/Textures/icons/64x64/share.png
  artifactKey: Guid(3f6cfdbb06013874db300a068be370b0) Importer(2089858483,192608db42251d675da83286b1cce702)
Start importing Assets/FreeButtonSet/Textures/icons/64x64/share.png using Guid(3f6cfdbb06013874db300a068be370b0) Importer(2089858483,192608db42251d675da83286b1cce702) (ScriptedImporter)[PhysX] Initialized MultithreadedTaskDispatcher with 6 workers.
 -> (artifact id: '5f189f04749e63c9ce11e8df65e705ab') in 0.0213994 seconds
Number of updated asset objects reloaded before import = 0Number of asset objects unloaded after import = 3

========================================================================
Received Import Request.
  Time since last request: 0.000012 seconds.
  path: Assets/Materials/BoardMat.mat
  artifactKey: Guid(8aeed4ddd7e613c44a780e6460b7f3b0) Importer(2089858483,192608db42251d675da83286b1cce702)
Start importing Assets/Materials/BoardMat.mat using Guid(8aeed4ddd7e613c44a780e6460b7f3b0) Importer(2089858483,192608db42251d675da83286b1cce702) (ScriptedImporter)[PhysX] Initialized MultithreadedTaskDispatcher with 6 workers.
 -> (artifact id: 'b10d3ce3a8b8421bcb951df6332cbee8') in 0.0109068 seconds
Number of updated asset objects reloaded before import = 0Number of asset objects unloaded after import = 1

========================================================================
Received Import Request.
  Time since last request: 0.000014 seconds.
  path: Assets/Models/GIraffe/zyr.png
  artifactKey: Guid(77569b78782454a4c8367dd4e3752e16) Importer(2089858483,192608db42251d675da83286b1cce702)
Start importing Assets/Models/GIraffe/zyr.png using Guid(77569b78782454a4c8367dd4e3752e16) Importer(2089858483,192608db42251d675da83286b1cce702) (ScriptedImporter)[PhysX] Initialized MultithreadedTaskDispatcher with 6 workers.
 -> (artifact id: '02c6ca1a0af3f166364a0be61135c9c9') in 0.0229661 seconds
Number of updated asset objects reloaded before import = 0Number of asset objects unloaded after import = 3

========================================================================
Received Import Request.
  Time since last request: 0.000013 seconds.
  path: Assets/Shaders/NewUnlitShader.shader
  artifactKey: Guid(198104f172dc6ad4f9d28ff5dd4f7be9) Importer(2089858483,192608db42251d675da83286b1cce702)
Start importing Assets/Shaders/NewUnlitShader.shader using Guid(198104f172dc6ad4f9d28ff5dd4f7be9) Importer(2089858483,192608db42251d675da83286b1cce702) (ScriptedImporter)[PhysX] Initialized MultithreadedTaskDispatcher with 6 workers.
 -> (artifact id: '1199c4376f55e325bed6a37a35106d50') in 0.0107275 seconds
Number of updated asset objects reloaded before import = 0Number of asset objects unloaded after import = 1

========================================================================
Received Import Request.
  Time since last request: 0.000028 seconds.
  path: Assets/Scenes/MainMenu.unity
  artifactKey: Guid(bf0536e808bb5a94abb5e9469b5daa43) Importer(2089858483,192608db42251d675da83286b1cce702)
Start importing Assets/Scenes/MainMenu.unity using Guid(bf0536e808bb5a94abb5e9469b5daa43) Importer(2089858483,192608db42251d675da83286b1cce702) (ScriptedImporter)[PhysX] Initialized MultithreadedTaskDispatcher with 6 workers.
 -> (artifact id: '579550c7e5e752722655be7cf044484e') in 0.0089961 seconds
Number of updated asset objects reloaded before import = 0Number of asset objects unloaded after import = 1

========================================================================
Received Import Request.
  Time since last request: 0.000040 seconds.
  path: Assets/FreeButtonSet/Textures/icons/32x32/help.png
  artifactKey: Guid(17616644aaeac474888ce77a1e464cf8) Importer(2089858483,192608db42251d675da83286b1cce702)
Start importing Assets/FreeButtonSet/Textures/icons/32x32/help.png using Guid(17616644aaeac474888ce77a1e464cf8) Importer(2089858483,192608db42251d675da83286b1cce702) (ScriptedImporter)[PhysX] Initialized MultithreadedTaskDispatcher with 6 workers.
 -> (artifact id: '6db07bd54cdd67b9bf1a654a34f2ff38') in 0.0230202 seconds
Number of updated asset objects reloaded before import = 0Number of asset objects unloaded after import = 3

========================================================================
Received Import Request.
  Time since last request: 0.000016 seconds.
  path: Assets/Models/GIraffe/9.png
  artifactKey: Guid(dca7569962a07c849835769f589b5255) Importer(2089858483,192608db42251d675da83286b1cce702)
Start importing Assets/Models/GIraffe/9.png using Guid(dca7569962a07c849835769f589b5255) Importer(2089858483,192608db42251d675da83286b1cce702) (ScriptedImporter)[PhysX] Initialized MultithreadedTaskDispatcher with 6 workers.
 -> (artifact id: '1c32abcaefaab7face1a1b96bf29efa9') in 0.0231242 seconds
Number of updated asset objects reloaded before import = 0Number of asset objects unloaded after import = 3

========================================================================
Received Import Request.
  Time since last request: 0.000014 seconds.
  path: Assets/FullTiltBoogie/Materials/Particles Mobile Add.mat
  artifactKey: Guid(aebc2fcd4311946738874768112cd326) Importer(2089858483,192608db42251d675da83286b1cce702)
Start importing Assets/FullTiltBoogie/Materials/Particles Mobile Add.mat using Guid(aebc2fcd4311946738874768112cd326) Importer(2089858483,192608db42251d675da83286b1cce702) (ScriptedImporter)[PhysX] Initialized MultithreadedTaskDispatcher with 6 workers.
 -> (artifact id: '863daa03ac28ace83f6119c37750bc9d') in 0.0115241 seconds
Number of updated asset objects reloaded before import = 0Number of asset objects unloaded after import = 1

========================================================================
Received Import Request.
  Time since last request: 0.000015 seconds.
  path: Assets/FullTiltBoogie/Materials/FireSpark.mat
  artifactKey: Guid(a53831880f7cf4d80978fb06165403e5) Importer(2089858483,192608db42251d675da83286b1cce702)
Start importing Assets/FullTiltBoogie/Materials/FireSpark.mat using Guid(a53831880f7cf4d80978fb06165403e5) Importer(2089858483,192608db42251d675da83286b1cce702) (ScriptedImporter)[PhysX] Initialized MultithreadedTaskDispatcher with 6 workers.
 -> (artifact id: '67f1edf1131a0479da37b51d1f9ce0e4') in 0.0121038 seconds
Number of updated asset objects reloaded before import = 0Number of asset objects unloaded after import = 2

========================================================================
Received Import Request.
  Time since last request: 0.000015 seconds.
  path: Assets/FreeButtonSet/Textures/controls/toggle_bg_200.png
  artifactKey: Guid(c8dec52db7cb0f148b53038d975761ea) Importer(2089858483,192608db42251d675da83286b1cce702)
Start importing Assets/FreeButtonSet/Textures/controls/toggle_bg_200.png using Guid(c8dec52db7cb0f148b53038d975761ea) Importer(2089858483,192608db42251d675da83286b1cce702) (ScriptedImporter)[PhysX] Initialized MultithreadedTaskDispatcher with 6 workers.
 -> (artifact id: 'e2ea5ed7b6e68b1136b11dcc5890e00b') in 0.0209556 seconds
Number of updated asset objects reloaded before import = 0Number of asset objects unloaded after import = 3

========================================================================
Received Import Request.
  Time since last request: 0.000014 seconds.
  path: Assets/FreeButtonSet/Textures/controls/universal_panel_40.png
  artifactKey: Guid(8174901dff2facb4583e976f866ae424) Importer(2089858483,192608db42251d675da83286b1cce702)
Start importing Assets/FreeButtonSet/Textures/controls/universal_panel_40.png using Guid(8174901dff2facb4583e976f866ae424) Importer(2089858483,192608db42251d675da83286b1cce702) (ScriptedImporter)[PhysX] Initialized MultithreadedTaskDispatcher with 6 workers.
 -> (artifact id: '28227ac8aa4cc8b7bb2bfecc1458c617') in 0.021142 seconds
Number of updated asset objects reloaded before import = 0Number of asset objects unloaded after import = 3

========================================================================
Received Import Request.
  Time since last request: 0.000024 seconds.
  path: Assets/Models/Chunk0_AmbientOcclusion.png
  artifactKey: Guid(f8e3b7ff23a8caa4c8b12b0cf791ef17) Importer(2089858483,192608db42251d675da83286b1cce702)
Start importing Assets/Models/Chunk0_AmbientOcclusion.png using Guid(f8e3b7ff23a8caa4c8b12b0cf791ef17) Importer(2089858483,192608db42251d675da83286b1cce702) (ScriptedImporter)[PhysX] Initialized MultithreadedTaskDispatcher with 6 workers.
 -> (artifact id: '2722440e523df7c19653ab9416ddf215') in 0.024822 seconds
Number of updated asset objects reloaded before import = 0Number of asset objects unloaded after import = 1

Editor requested this worker to shutdown with reason: Scaling down because of idle timeout
AssetImportWorkerClient::OnTransportError - code=2 error=End of file
AssetImportWorker is now disconnected from the server
Process exiting
Exiting without the bug reporter. Application will terminate with return code 0