[Licensing::Module] Trying to connect to existing licensing client channel...
Built from '6000.3/staging' branch; Version is '6000.3.4f1 (fdd3b8998ec4) revision 16634808'; Using compiler version '194234433'; Build Type 'Release'
OS: 'Windows 11  (10.0.26200) Core' Language: 'pl' Physical Memory: 49077 MB
[Licensing::IpcConnector] Successfully connected to: "LicenseClient-Piotr" at "2026-02-12T21:38:22.8669896Z"
BatchMode: 1, IsHumanControllingUs: 0, StartBugReporterOnCrash: 0, Is64bit: 1
System  architecture: x64
Process architecture: x64
Date: 2026-02-12T21:38:22Z

COMMAND LINE ARGUMENTS:
C:\Program Files\Unity\Hub\Editor\6000.3.4f1\Editor\Unity.exe
-adb2
-batchMode
-noUpm
-name
AssetImportWorker2
-projectPath
C:/Users/Piotr/Documents/GitHub/Malowanki
-logFile
Logs/AssetImportWorker2.log
-srvPort
56805
-licensingIpc
LicenseClient-Piotr
-job-worker-count
5
-background-job-worker-count
8
-gc-helper-count
1
-name
AssetImport
Successfully changed project path to: C:/Users/Piotr/Documents/GitHub/Malowanki
C:/Users/Piotr/Documents/GitHub/Malowanki
[UnityMemory] Configuration Parameters - Can be set up in boot.config
    "memorysetup-temp-allocator-size-nav-mesh-worker=65536"
    "memorysetup-temp-allocator-size-audio-worker=65536"
    "memorysetup-temp-allocator-size-gfx=262144"
    "memorysetup-allocator-temp-initial-block-size-main=262144"
    "memorysetup-allocator-temp-initial-block-size-worker=262144"
    "memorysetup-temp-allocator-size-background-worker=32768"
    "memorysetup-temp-allocator-size-job-worker=262144"
    "memorysetup-temp-allocator-size-preload-manager=33554432"
    "memorysetup-temp-allocator-size-gi-baking-worker=262144"
    "memorysetup-temp-allocator-size-gi-baking-worker=262144"
    "memorysetup-temp-allocator-size-gi-baking-worker=262144"
    "memorysetup-temp-allocator-size-gi-baking-worker=262144"
    "memorysetup-temp-allocator-size-gi-baking-worker=262144"
    "memorysetup-bucket-allocator-granularity=16"
    "memorysetup-bucket-allocator-bucket-count=8"
    "memorysetup-bucket-allocator-block-size=33554432"
    "memorysetup-bucket-allocator-block-count=8"
    "memorysetup-main-allocator-block-size=16777216"
    "memorysetup-thread-allocator-block-size=16777216"
    "memorysetup-gfx-main-allocator-block-size=16777216"
    "memorysetup-gfx-thread-allocator-block-size=16777216"
    "memorysetup-cache-allocator-block-size=4194304"
    "memorysetup-typetree-allocator-block-size=2097152"
    "memorysetup-profiler-bucket-allocator-granularity=16"
    "memorysetup-profiler-bucket-allocator-bucket-count=8"
    "memorysetup-profiler-bucket-allocator-block-size=33554432"
    "memorysetup-profiler-bucket-allocator-block-count=8"
    "memorysetup-profiler-allocator-block-size=16777216"
    "memorysetup-profiler-editor-allocator-block-size=1048576"
    "memorysetup-temp-allocator-size-main=16777216"
    "memorysetup-job-temp-allocator-block-size=2097152"
    "memorysetup-job-temp-allocator-block-size-background=1048576"
    "memorysetup-job-temp-allocator-reduction-small-platforms=262144"
    "memorysetup-temp-allocator-size-cloud-worker=32768"
Player connection [2920]  Target information:

Player connection [2920]  * "[IP] 192.168.0.103 [Port] 0 [Flags] 2 [Guid] 3654086882 [EditorId] 3654086882 [Version] 1048832 [Id] WindowsEditor(7,Piotr-Omen) [Debug] 1 [PackageName] WindowsEditor [ProjectName] Editor" 

Player connection [2920] Host joined multi-casting on [225.0.0.222:54997]...
Player connection [2920] Host joined alternative multi-casting on [225.0.0.222:34997]...
JobSystem: Creating JobQueue using job-worker-count value 5
Input System module state changed to: Initialized.
[Physics::Module] Initialized fallback backend.
[Physics::Module] Id: 0xdecafbad
Library Redirect Path: Library/
[Physics::Module] Selected backend.
[Physics::Module] Name: PhysX
[Physics::Module] Id: 0xf2b8ea05
[Physics::Module] SDK Version: 4.1.2
[Physics::Module] Integration Version: 1.0.0
[Physics::Module] Threading Mode: Multi-Threaded
[Licensing::Module] Licensing is not yet initialized.
[Licensing::Client] Handshaking with LicensingClient:
  Version:                 1.17.4+4293ba1
  Session Id:              485dbc291aa5449789b698134f5eabe5
  Correlation Id:          371973da720c79682146b55aae06addf
  External correlation Id: 3647513230852142255
  Machine Id:              n8Gh4RUlGHjdgxxybaVGQvdO2Hg=
[Licensing::Module] Successfully connected to LicensingClient on channel: "LicenseClient-Piotr" (connect: 0.00s, validation: 0.00s, handshake: 0.98s)
[Licensing::IpcConnector] Successfully connected to: "LicenseClient-Piotr-notifications" at "2026-02-12T21:38:23.84974Z"
[Licensing::Module] Licensing Background thread has ended after 0.98s
[Licensing::Module] Licensing is initialized (took 0.80s).
[Licensing::Client] Successfully resolved entitlement details
[Licensing::Module] License group:
  Id: F4-764U-JDE6-AHCT-U6ZM-XXXX
  Product: Unity Personal
  Type: ULF
  Expiration: Unlimited
[Licensing::Module] License group:
  Id: 9071118640825-UnityPersXXXX
  Product: Unity Personal
  Type: Assigned
  Expiration: Unlimited
Refreshing native plugins compatible for Editor in 0.97 ms, found 2 plugins.
Preloading 0 native plugins for Editor in 0.00 ms.
Initialize engine version: 6000.3.4f1 (fdd3b8998ec4)
[Subsystems] Discovering subsystems at path C:/Program Files/Unity/Hub/Editor/6000.3.4f1/Editor/Data/Resources/UnitySubsystems
[Subsystems] Discovering subsystems at path C:/Users/Piotr/Documents/GitHub/Malowanki/Assets
GfxDevice: creating device client; kGfxThreadingModeNonThreaded
Direct3D:
    Version:  Direct3D 11.0 [level 11.1]
    Renderer: Radeon RX 580 Series (ID=0x67df)
    Vendor:   ATI
    VRAM:     8135 MB
    Driver:   31.0.21923.11000
Initialize mono
Mono path[0] = 'C:/Program Files/Unity/Hub/Editor/6000.3.4f1/Editor/Data/Managed'
Mono path[1] = 'C:/Program Files/Unity/Hub/Editor/6000.3.4f1/Editor/Data/MonoBleedingEdge/lib/mono/unityjit-win32'
Mono config path = 'C:/Program Files/Unity/Hub/Editor/6000.3.4f1/Editor/Data/MonoBleedingEdge/etc'
Using monoOptions --debugger-agent=transport=dt_socket,embedding=1,server=y,suspend=n,address=127.0.0.1:56212
Begin MonoManager ReloadAssembly
Registering precompiled unity dll's ...
Register platform support module: C:/Program Files/Unity/Hub/Editor/6000.3.4f1/Editor/Data/PlaybackEngines/WebGLSupport/UnityEditor.WebGL.Extensions.dll
Register platform support module: C:/Program Files/Unity/Hub/Editor/6000.3.4f1/Editor/Data/PlaybackEngines/WindowsStandaloneSupport/UnityEditor.WindowsStandalone.Extensions.dll
Register platform support module: C:/Program Files/Unity/Hub/Editor/6000.3.4f1/Editor/Data/PlaybackEngines/AndroidPlayer/UnityEditor.Android.Extensions.dll
Registered in 0.002053 seconds.
- Loaded All Assemblies, in  0.367 seconds
Native extension for Android target not found
Android Extension - Scanning For ADB Devices 253 ms
Native extension for WindowsStandalone target not found
Native extension for WebGL target not found
ScheduleIndexationOnStartup MainProcess:False IndexOnStartup:True
Mono: successfully reloaded assembly
- Finished resetting the current domain, in  0.720 seconds
Domain Reload Profiling: 1085ms
	BeginReloadAssembly (131ms)
		ExecutionOrderSort (0ms)
		DisableScriptedObjects (0ms)
		BackupInstance (0ms)
		ReleaseScriptingObjects (0ms)
		CreateAndSetChildDomain (1ms)
	RebuildCommonClasses (32ms)
	RebuildNativeTypeToScriptingClass (11ms)
	initialDomainReloadingComplete (40ms)
	LoadAllAssembliesAndSetupDomain (151ms)
		LoadAssemblies (129ms)
		RebuildTransferFunctionScriptingTraits (0ms)
		AnalyzeDomain (147ms)
			TypeCache.Refresh (146ms)
				TypeCache.ScanAssembly (134ms)
			BuildScriptInfoCaches (0ms)
			ResolveRequiredComponents (0ms)
	FinalizeReload (720ms)
		ReleaseScriptCaches (0ms)
		RebuildScriptCaches (0ms)
		SetupLoadedEditorAssemblies (685ms)
			LogAssemblyErrors (0ms)
			InitializePlatformSupportModulesInManaged (349ms)
			SetLoadedEditorAssemblies (7ms)
			BeforeProcessingInitializeOnLoad (107ms)
			ProcessInitializeOnLoadAttributes (152ms)
			ProcessInitializeOnLoadMethodAttributes (70ms)
			AfterProcessingInitializeOnLoad (0ms)
			EditorAssembliesLoaded (0ms)
		ExecutionOrderSort2 (0ms)
		AwakeInstancesAfterBackupRestoration (0ms)
========================================================================
Worker process is ready to serve import requests
Import Worker Mode flag is 0x00
Begin MonoManager ReloadAssembly
[Licensing::Client] Successfully resolved entitlement details
[Licensing::Module] License group:
  Id: F4-764U-JDE6-AHCT-U6ZM-XXXX
  Product: Unity Personal
  Type: ULF
  Expiration: Unlimited
[Licensing::Module] License group:
  Id: 9071118640825-UnityPersXXXX
  Product: Unity Personal
  Type: Assigned
  Expiration: Unlimited
- Loaded All Assemblies, in  0.536 seconds
Refreshing native plugins compatible for Editor in 0.63 ms, found 2 plugins.
Native extension for Android target not found
Native extension for WindowsStandalone target not found
Native extension for WebGL target not found
Package Manager log level set to [2]
[Package Manager] Failed to launch server process. Reason: Unity was launched with the -noUpm command-line argument
[Package Manager] Unable to send message (not connected to server process).
[Package Manager] Cannot connect to Unity Package Manager local server
ScheduleIndexationOnStartup MainProcess:False IndexOnStartup:True
Mono: successfully reloaded assembly
- Finished resetting the current domain, in  0.746 seconds
Domain Reload Profiling: 1279ms
	BeginReloadAssembly (169ms)
		ExecutionOrderSort (0ms)
		DisableScriptedObjects (6ms)
		BackupInstance (0ms)
		ReleaseScriptingObjects (0ms)
		CreateAndSetChildDomain (31ms)
	RebuildCommonClasses (34ms)
	RebuildNativeTypeToScriptingClass (11ms)
	initialDomainReloadingComplete (33ms)
	LoadAllAssembliesAndSetupDomain (286ms)
		LoadAssemblies (277ms)
		RebuildTransferFunctionScriptingTraits (0ms)
		AnalyzeDomain (103ms)
			TypeCache.Refresh (82ms)
				TypeCache.ScanAssembly (67ms)
			BuildScriptInfoCaches (18ms)
			ResolveRequiredComponents (2ms)
	FinalizeReload (746ms)
		ReleaseScriptCaches (0ms)
		RebuildScriptCaches (0ms)
		SetupLoadedEditorAssemblies (594ms)
			LogAssemblyErrors (0ms)
			InitializePlatformSupportModulesInManaged (12ms)
			SetLoadedEditorAssemblies (6ms)
			BeforeProcessingInitializeOnLoad (194ms)
			ProcessInitializeOnLoadAttributes (317ms)
			ProcessInitializeOnLoadMethodAttributes (56ms)
			AfterProcessingInitializeOnLoad (8ms)
			EditorAssembliesLoaded (0ms)
		ExecutionOrderSort2 (0ms)
		AwakeInstancesAfterBackupRestoration (9ms)
Launched and connected shader compiler UnityShaderCompiler.exe after 0.01 seconds
Refreshing native plugins compatible for Editor in 0.96 ms, found 2 plugins.
Preloading 0 native plugins for Editor in 0.00 ms.
Unloading 0 Unused Serialized files (Serialized files now loaded: 0)
Unloading 2023 unused Assets / (354.1 KB). Loaded Objects now: 2626.
Memory consumption went from 81.3 MB to 81.0 MB.
Total: 5.574900 ms (FindLiveObjects: 0.256100 ms CreateObjectMapping: 0.094800 ms MarkObjects: 4.843100 ms  DeleteObjects: 0.380300 ms)

========================================================================
Received Import Request.
  Time since last request: 8869.869033 seconds.
  path: Assets/Scripts/ColoringUI.cs
  artifactKey: Guid(1c98faa4d8a2f4449b4e91e41b821401) Importer(2089858483,b0f066a214c2f5e87bad3c948f4d605d)
Start importing Assets/Scripts/ColoringUI.cs using Guid(1c98faa4d8a2f4449b4e91e41b821401) Importer(2089858483,b0f066a214c2f5e87bad3c948f4d605d) (ScriptedImporter) -> (artifact id: '4c07dea45011208d2dedf8df7676d18b') in 0.0957296 seconds
Number of updated asset objects reloaded before import = 0Number of asset objects unloaded after import = 0

========================================================================
Received Import Request.
  Time since last request: 0.000028 seconds.
  path: Assets/Sounds/Wrong Buzzer Sound Effect.wav
  artifactKey: Guid(c0ce88a55a0e1764fb7af53f4fe5633d) Importer(2089858483,b0f066a214c2f5e87bad3c948f4d605d)
Start importing Assets/Sounds/Wrong Buzzer Sound Effect.wav using Guid(c0ce88a55a0e1764fb7af53f4fe5633d) Importer(2089858483,b0f066a214c2f5e87bad3c948f4d605d) (ScriptedImporter) -> (artifact id: '00227ec2fceb61e5544b8f28cb958390') in 0.0915521 seconds
Number of updated asset objects reloaded before import = 0Number of asset objects unloaded after import = 1

========================================================================
Received Import Request.
  Time since last request: 0.000016 seconds.
  path: Assets/UI/rainbow-4127191_1280.png
  artifactKey: Guid(53d6651127c3e8c4898bbee3af9b78f5) Importer(2089858483,b0f066a214c2f5e87bad3c948f4d605d)
Start importing Assets/UI/rainbow-4127191_1280.png using Guid(53d6651127c3e8c4898bbee3af9b78f5) Importer(2089858483,b0f066a214c2f5e87bad3c948f4d605d) (ScriptedImporter) -> (artifact id: 'eb2fbe9a5840bb3eaa6dada6bb582377') in 0.0836568 seconds
Number of updated asset objects reloaded before import = 0Number of asset objects unloaded after import = 1

========================================================================
Received Import Request.
  Time since last request: 0.000027 seconds.
  path: Assets/Audio/Letters/G.wav
  artifactKey: Guid(f6941700f6199b043a0d05c1243b351e) Importer(2089858483,b0f066a214c2f5e87bad3c948f4d605d)
Start importing Assets/Audio/Letters/G.wav using Guid(f6941700f6199b043a0d05c1243b351e) Importer(2089858483,b0f066a214c2f5e87bad3c948f4d605d) (ScriptedImporter) -> (artifact id: '141a576a9172ba1f661f8131467e1b7f') in 0.0342598 seconds
Number of updated asset objects reloaded before import = 0Number of asset objects unloaded after import = 1

========================================================================
Received Import Request.
  Time since last request: 0.000019 seconds.
  path: Assets/Audio/Letters/O.wav
  artifactKey: Guid(e909b49177cd66e42bd975b419ce0b84) Importer(2089858483,b0f066a214c2f5e87bad3c948f4d605d)
Start importing Assets/Audio/Letters/O.wav using Guid(e909b49177cd66e42bd975b419ce0b84) Importer(2089858483,b0f066a214c2f5e87bad3c948f4d605d) (ScriptedImporter) -> (artifact id: '68f4669da1043390449dfee3664a9b7c') in 0.0356511 seconds
Number of updated asset objects reloaded before import = 0Number of asset objects unloaded after import = 1

========================================================================
Received Import Request.
  Time since last request: 0.000020 seconds.
  path: Assets/Audio/Letters/D.wav
  artifactKey: Guid(3541b61666c124e439556d2a12391330) Importer(2089858483,b0f066a214c2f5e87bad3c948f4d605d)
Start importing Assets/Audio/Letters/D.wav using Guid(3541b61666c124e439556d2a12391330) Importer(2089858483,b0f066a214c2f5e87bad3c948f4d605d) (ScriptedImporter) -> (artifact id: '43da8ebae6e28ed9df0e003b2c5296de') in 0.0399949 seconds
Number of updated asset objects reloaded before import = 0Number of asset objects unloaded after import = 1

========================================================================
Received Import Request.
  Time since last request: 0.000025 seconds.
  path: Assets/Scenes/MainMenu.unity
  artifactKey: Guid(bf0536e808bb5a94abb5e9469b5daa43) Importer(2089858483,b0f066a214c2f5e87bad3c948f4d605d)
Start importing Assets/Scenes/MainMenu.unity using Guid(bf0536e808bb5a94abb5e9469b5daa43) Importer(2089858483,b0f066a214c2f5e87bad3c948f4d605d) (ScriptedImporter) -> (artifact id: '26fb995e409b1a5f1eb9f54e61600bc9') in 0.011915 seconds
Number of updated asset objects reloaded before import = 0Number of asset objects unloaded after import = 1

========================================================================
Received Import Request.
  Time since last request: 0.000044 seconds.
  path: Assets/Prefabs/Board.prefab
  artifactKey: Guid(68d787570d3b5204584d7b24c9831157) Importer(2089858483,b0f066a214c2f5e87bad3c948f4d605d)
Start importing Assets/Prefabs/Board.prefab using Guid(68d787570d3b5204584d7b24c9831157) Importer(2089858483,b0f066a214c2f5e87bad3c948f4d605d) (ScriptedImporter) -> (artifact id: 'c10d7fed871f0a81d3fe5714092e51a2') in 0.0372482 seconds
Number of updated asset objects reloaded before import = 0Number of asset objects unloaded after import = 8

========================================================================
Received Import Request.
  Time since last request: 0.000017 seconds.
  path: Assets/Prefabs/Cube.prefab
  artifactKey: Guid(cc6d26da508be3a40b8d70b368a0f7d2) Importer(2089858483,b0f066a214c2f5e87bad3c948f4d605d)
Start importing Assets/Prefabs/Cube.prefab using Guid(cc6d26da508be3a40b8d70b368a0f7d2) Importer(2089858483,b0f066a214c2f5e87bad3c948f4d605d) (ScriptedImporter) -> (artifact id: '82f75da281b90302b48f2c631d45fba3') in 0.0179184 seconds
Number of updated asset objects reloaded before import = 0Number of asset objects unloaded after import = 7

========================================================================
Received Import Request.
  Time since last request: 0.000014 seconds.
  path: Assets/Audio/Letters/R.wav
  artifactKey: Guid(5a897cfdebcd46147af51cb92833483d) Importer(2089858483,b0f066a214c2f5e87bad3c948f4d605d)
Start importing Assets/Audio/Letters/R.wav using Guid(5a897cfdebcd46147af51cb92833483d) Importer(2089858483,b0f066a214c2f5e87bad3c948f4d605d) (ScriptedImporter) -> (artifact id: '69d184da9dbb3987dd337d08d982a1f1') in 0.0285499 seconds
Number of updated asset objects reloaded before import = 0Number of asset objects unloaded after import = 1

========================================================================
Received Import Request.
  Time since last request: 0.000029 seconds.
  path: Assets/ScreenShot0,0059709.png
  artifactKey: Guid(dc473c251f9a5ce40b2507a2c873a3d0) Importer(2089858483,b0f066a214c2f5e87bad3c948f4d605d)
Start importing Assets/ScreenShot0,0059709.png using Guid(dc473c251f9a5ce40b2507a2c873a3d0) Importer(2089858483,b0f066a214c2f5e87bad3c948f4d605d) (ScriptedImporter) -> (artifact id: 'b8c578c25a4b440c5cc3343b20c468a4') in 0.0242154 seconds
Number of updated asset objects reloaded before import = 0Number of asset objects unloaded after import = 1

========================================================================
Received Import Request.
  Time since last request: 0.000013 seconds.
  path: Assets/Sprites/RT.renderTexture
  artifactKey: Guid(ea0de33b023aad94f91b4923387b9f50) Importer(2089858483,b0f066a214c2f5e87bad3c948f4d605d)
Start importing Assets/Sprites/RT.renderTexture using Guid(ea0de33b023aad94f91b4923387b9f50) Importer(2089858483,b0f066a214c2f5e87bad3c948f4d605d) (ScriptedImporter) -> (artifact id: 'dd5c713be2f39d7038066d99bc955f05') in 0.0166657 seconds
Number of updated asset objects reloaded before import = 0Number of asset objects unloaded after import = 1

========================================================================
Received Import Request.
  Time since last request: 0.000026 seconds.
  path: Assets/Prefabs/Draw.prefab
  artifactKey: Guid(81f21a0e6f828be48a3674e882ace92b) Importer(2089858483,b0f066a214c2f5e87bad3c948f4d605d)
Start importing Assets/Prefabs/Draw.prefab using Guid(81f21a0e6f828be48a3674e882ace92b) Importer(2089858483,b0f066a214c2f5e87bad3c948f4d605d) (ScriptedImporter) -> (artifact id: 'f6b9190c9509982d1698d0f2018a27cf') in 0.0209831 seconds
Number of updated asset objects reloaded before import = 0Number of asset objects unloaded after import = 5

========================================================================
Received Import Request.
  Time since last request: 0.000013 seconds.
  path: Assets/Scripts/ShapesControler.cs
  artifactKey: Guid(1bb96453a01f69943b0fd11158cdd619) Importer(2089858483,b0f066a214c2f5e87bad3c948f4d605d)
Start importing Assets/Scripts/ShapesControler.cs using Guid(1bb96453a01f69943b0fd11158cdd619) Importer(2089858483,b0f066a214c2f5e87bad3c948f4d605d) (ScriptedImporter) -> (artifact id: '8e76cd77b7d3eb71a3665f8e7f562551') in 0.0092423 seconds
Number of updated asset objects reloaded before import = 0Number of asset objects unloaded after import = 0

========================================================================
Received Import Request.
  Time since last request: 0.000044 seconds.
  path: Assets/Audio/Letters/W.mp3
  artifactKey: Guid(46f01af7b11251b4bbcb83bec445755e) Importer(2089858483,b0f066a214c2f5e87bad3c948f4d605d)
Start importing Assets/Audio/Letters/W.mp3 using Guid(46f01af7b11251b4bbcb83bec445755e) Importer(2089858483,b0f066a214c2f5e87bad3c948f4d605d) (ScriptedImporter) -> (artifact id: '7a66fdc5c397d8fe968240443ee962d7') in 0.039648 seconds
Number of updated asset objects reloaded before import = 0Number of asset objects unloaded after import = 1

========================================================================
Received Import Request.
  Time since last request: 0.000038 seconds.
  path: Assets/Audio/sprobuj.mp3
  artifactKey: Guid(cca60d7cf134ac941889539c28b97144) Importer(2089858483,b0f066a214c2f5e87bad3c948f4d605d)
Start importing Assets/Audio/sprobuj.mp3 using Guid(cca60d7cf134ac941889539c28b97144) Importer(2089858483,b0f066a214c2f5e87bad3c948f4d605d) (ScriptedImporter) -> (artifact id: 'a57ebf0879a20472132035c323a396f0') in 0.0312275 seconds
Number of updated asset objects reloaded before import = 0Number of asset objects unloaded after import = 1

========================================================================
Received Import Request.
  Time since last request: 0.000013 seconds.
  path: Assets/Shaders/MarkIlsands.shader
  artifactKey: Guid(4a3366ea94671be4e86ed1233eae3534) Importer(2089858483,b0f066a214c2f5e87bad3c948f4d605d)
Start importing Assets/Shaders/MarkIlsands.shader using Guid(4a3366ea94671be4e86ed1233eae3534) Importer(2089858483,b0f066a214c2f5e87bad3c948f4d605d) (ScriptedImporter) -> (artifact id: '0f300b67fa23644150231fa244b4aa56') in 0.0117444 seconds
Number of updated asset objects reloaded before import = 0Number of asset objects unloaded after import = 1

========================================================================
Received Import Request.
  Time since last request: 0.000014 seconds.
  path: Assets/Audio/Letters/A.wav
  artifactKey: Guid(c720f480a599994409b8decaadb79df1) Importer(2089858483,b0f066a214c2f5e87bad3c948f4d605d)
Start importing Assets/Audio/Letters/A.wav using Guid(c720f480a599994409b8decaadb79df1) Importer(2089858483,b0f066a214c2f5e87bad3c948f4d605d) (ScriptedImporter) -> (artifact id: '3001deb1aaec5ffb7dc7132d1a94b0c0') in 0.0399184 seconds
Number of updated asset objects reloaded before import = 0Number of asset objects unloaded after import = 1

========================================================================
Received Import Request.
  Time since last request: 0.000024 seconds.
  path: Assets/Models/David_2e+02KTris__4k_1Chunks_3xLOD.fbx
  artifactKey: Guid(b66f355f93abded42a5f96ba9d122de3) Importer(2089858483,b0f066a214c2f5e87bad3c948f4d605d)
Start importing Assets/Models/David_2e+02KTris__4k_1Chunks_3xLOD.fbx using Guid(b66f355f93abded42a5f96ba9d122de3) Importer(2089858483,b0f066a214c2f5e87bad3c948f4d605d) (ScriptedImporter) -> (artifact id: '6c6e4a47863a1691d1f7277d4ebc144f') in 0.0652976 seconds
Number of updated asset objects reloaded before import = 0Number of asset objects unloaded after import = 20

========================================================================
Received Import Request.
  Time since last request: 0.000014 seconds.
  path: Assets/Scripts/AudioManagement.cs
  artifactKey: Guid(0e211a6d6b1e02e46bf50447244ae343) Importer(2089858483,b0f066a214c2f5e87bad3c948f4d605d)
Start importing Assets/Scripts/AudioManagement.cs using Guid(0e211a6d6b1e02e46bf50447244ae343) Importer(2089858483,b0f066a214c2f5e87bad3c948f4d605d) (ScriptedImporter) -> (artifact id: '50dee6d4607acd7e1bc0e52d10f40a61') in 0.0090685 seconds
Number of updated asset objects reloaded before import = 0Number of asset objects unloaded after import = 0

========================================================================
Received Import Request.
  Time since last request: 0.000055 seconds.
  path: Assets/Scripts/DrawWithInstantiate.cs
  artifactKey: Guid(a4b679f41c64f3246bb8b15b6d0c4dd9) Importer(2089858483,b0f066a214c2f5e87bad3c948f4d605d)
Start importing Assets/Scripts/DrawWithInstantiate.cs using Guid(a4b679f41c64f3246bb8b15b6d0c4dd9) Importer(2089858483,b0f066a214c2f5e87bad3c948f4d605d) (ScriptedImporter) -> (artifact id: '3c159df3fe8bb63407743f7e56440449') in 0.0095314 seconds
Number of updated asset objects reloaded before import = 0Number of asset objects unloaded after import = 0

========================================================================
Received Import Request.
  Time since last request: 0.000057 seconds.
  path: Assets/Photos/screen_1920x1080_2020-02-18_19-58-12.png
  artifactKey: Guid(157979f1388469e4587425738a3cf778) Importer(2089858483,b0f066a214c2f5e87bad3c948f4d605d)
Start importing Assets/Photos/screen_1920x1080_2020-02-18_19-58-12.png using Guid(157979f1388469e4587425738a3cf778) Importer(2089858483,b0f066a214c2f5e87bad3c948f4d605d) (ScriptedImporter) -> (artifact id: '631e023c2cee3aa1fa94c0dbe90ff4b8') in 0.0374424 seconds
Number of updated asset objects reloaded before import = 0Number of asset objects unloaded after import = 1

========================================================================
Received Import Request.
  Time since last request: 0.000029 seconds.
  path: Assets/Sounds/applause8.mp3
  artifactKey: Guid(984ede236772db741931ce76cb20a47d) Importer(2089858483,b0f066a214c2f5e87bad3c948f4d605d)
Start importing Assets/Sounds/applause8.mp3 using Guid(984ede236772db741931ce76cb20a47d) Importer(2089858483,b0f066a214c2f5e87bad3c948f4d605d) (ScriptedImporter) -> (artifact id: 'f56658c70fa6781b8e5f5f49794a22ae') in 0.0490607 seconds
Number of updated asset objects reloaded before import = 0Number of asset objects unloaded after import = 1

========================================================================
Received Import Request.
  Time since last request: 0.000019 seconds.
  path: Assets/Materials/Region28_MaskedPaint.mat
  artifactKey: Guid(f5f9a5491e4afeb4ba94cafb57f231b1) Importer(2089858483,b0f066a214c2f5e87bad3c948f4d605d)
Start importing Assets/Materials/Region28_MaskedPaint.mat using Guid(f5f9a5491e4afeb4ba94cafb57f231b1) Importer(2089858483,b0f066a214c2f5e87bad3c948f4d605d) (ScriptedImporter) -> (artifact id: 'a058e49823ce55f209e92bb26e81626d') in 0.0725027 seconds
Number of updated asset objects reloaded before import = 0Number of asset objects unloaded after import = 2

========================================================================
Received Import Request.
  Time since last request: 0.000018 seconds.
  path: Assets/FullTiltBoogie/LensFlare/VfxLensFlare.flare
  artifactKey: Guid(c093717747d79403797090ee95bdaf7f) Importer(2089858483,b0f066a214c2f5e87bad3c948f4d605d)
Start importing Assets/FullTiltBoogie/LensFlare/VfxLensFlare.flare using Guid(c093717747d79403797090ee95bdaf7f) Importer(2089858483,b0f066a214c2f5e87bad3c948f4d605d) (ScriptedImporter) -> (artifact id: '69aa50c254a78db5b33f53269f98db45') in 0.0139697 seconds
Number of updated asset objects reloaded before import = 0Number of asset objects unloaded after import = 2

========================================================================
Received Import Request.
  Time since last request: 0.000017 seconds.
  path: Assets/Shaders/NewUnlitShader.shader
  artifactKey: Guid(198104f172dc6ad4f9d28ff5dd4f7be9) Importer(2089858483,b0f066a214c2f5e87bad3c948f4d605d)
Start importing Assets/Shaders/NewUnlitShader.shader using Guid(198104f172dc6ad4f9d28ff5dd4f7be9) Importer(2089858483,b0f066a214c2f5e87bad3c948f4d605d) (ScriptedImporter) -> (artifact id: 'd1423d9a58857256edfb691f7beed099') in 0.0124947 seconds
Number of updated asset objects reloaded before import = 0Number of asset objects unloaded after import = 1

========================================================================
Received Import Request.
  Time since last request: 0.000058 seconds.
  path: Assets/Sprites/Icon432x432.png
  artifactKey: Guid(17952ec2737262f48af52477bb53ff8b) Importer(2089858483,b0f066a214c2f5e87bad3c948f4d605d)
Start importing Assets/Sprites/Icon432x432.png using Guid(17952ec2737262f48af52477bb53ff8b) Importer(2089858483,b0f066a214c2f5e87bad3c948f4d605d) (ScriptedImporter) -> (artifact id: '2cc1c40a35548bc9fefee11d0dc94dbd') in 0.0214482 seconds
Number of updated asset objects reloaded before import = 0Number of asset objects unloaded after import = 1

========================================================================
Received Import Request.
  Time since last request: 0.000049 seconds.
  path: Assets/Photos/screen_1920x1080_2020-02-15_16-01-15.png
  artifactKey: Guid(d5abc68c914af2a42ab75fbbade97012) Importer(2089858483,b0f066a214c2f5e87bad3c948f4d605d)
Start importing Assets/Photos/screen_1920x1080_2020-02-15_16-01-15.png using Guid(d5abc68c914af2a42ab75fbbade97012) Importer(2089858483,b0f066a214c2f5e87bad3c948f4d605d) (ScriptedImporter) -> (artifact id: '792cbce11e15df2cb940fe644163c85e') in 0.0294642 seconds
Number of updated asset objects reloaded before import = 0Number of asset objects unloaded after import = 1

========================================================================
Received Import Request.
  Time since last request: 0.000033 seconds.
  path: Assets/Scripts/TexturePaint.cs
  artifactKey: Guid(4538f4e35f68ae44da77934a78df5160) Importer(2089858483,b0f066a214c2f5e87bad3c948f4d605d)
Start importing Assets/Scripts/TexturePaint.cs using Guid(4538f4e35f68ae44da77934a78df5160) Importer(2089858483,b0f066a214c2f5e87bad3c948f4d605d) (ScriptedImporter) -> (artifact id: 'ee1e0663d2916d6532b0ddd50afc6889') in 0.0098311 seconds
Number of updated asset objects reloaded before import = 0Number of asset objects unloaded after import = 0

========================================================================
Received Import Request.
  Time since last request: 0.000061 seconds.
  path: Assets/Sprites/Main.png
  artifactKey: Guid(a646b8442faf0f7428248787f78524df) Importer(2089858483,b0f066a214c2f5e87bad3c948f4d605d)
Start importing Assets/Sprites/Main.png using Guid(a646b8442faf0f7428248787f78524df) Importer(2089858483,b0f066a214c2f5e87bad3c948f4d605d) (ScriptedImporter) -> (artifact id: 'e140f3ddbbbd534143cc939f22dd6980') in 0.0286347 seconds
Number of updated asset objects reloaded before import = 0Number of asset objects unloaded after import = 1

========================================================================
Received Import Request.
  Time since last request: 0.000025 seconds.
  path: Assets/FullTiltBoogie/RotateFlareHolder.cs
  artifactKey: Guid(84a8ea0020eb04481ab62f01d84cf5d9) Importer(2089858483,b0f066a214c2f5e87bad3c948f4d605d)
Start importing Assets/FullTiltBoogie/RotateFlareHolder.cs using Guid(84a8ea0020eb04481ab62f01d84cf5d9) Importer(2089858483,b0f066a214c2f5e87bad3c948f4d605d) (ScriptedImporter) -> (artifact id: 'bae4c92fe2c400160a8866754b147d9b') in 0.010698 seconds
Number of updated asset objects reloaded before import = 0Number of asset objects unloaded after import = 0

========================================================================
Received Import Request.
  Time since last request: 0.000052 seconds.
  path: Assets/Animations/Play.controller
  artifactKey: Guid(bc23a274eb0f6e942b89eb7e263df9d3) Importer(2089858483,b0f066a214c2f5e87bad3c948f4d605d)
Start importing Assets/Animations/Play.controller using Guid(bc23a274eb0f6e942b89eb7e263df9d3) Importer(2089858483,b0f066a214c2f5e87bad3c948f4d605d) (ScriptedImporter) -> (artifact id: '48ec5f288f93fa531ed25bc15cf04b49') in 0.0115664 seconds
Number of updated asset objects reloaded before import = 0Number of asset objects unloaded after import = 4

========================================================================
Received Import Request.
  Time since last request: 0.000017 seconds.
  path: Assets/Materials/MAT.mat
  artifactKey: Guid(24111e586583a1d4f91c2300d4881ffa) Importer(2089858483,b0f066a214c2f5e87bad3c948f4d605d)
Start importing Assets/Materials/MAT.mat using Guid(24111e586583a1d4f91c2300d4881ffa) Importer(2089858483,b0f066a214c2f5e87bad3c948f4d605d) (ScriptedImporter) -> (artifact id: '830897855bb8e2eb0961bff10fab0d38') in 0.0113269 seconds
Number of updated asset objects reloaded before import = 0Number of asset objects unloaded after import = 1

========================================================================
Received Import Request.
  Time since last request: 0.000015 seconds.
  path: Assets/UI/cameraIcon.png
  artifactKey: Guid(5475636cd7b288d4f9d9cc2ba13024ef) Importer(2089858483,b0f066a214c2f5e87bad3c948f4d605d)
Start importing Assets/UI/cameraIcon.png using Guid(5475636cd7b288d4f9d9cc2ba13024ef) Importer(2089858483,b0f066a214c2f5e87bad3c948f4d605d) (ScriptedImporter) -> (artifact id: '1310ae12ecfb8779cb05c1af1d36f2fa') in 0.0201812 seconds
Number of updated asset objects reloaded before import = 0Number of asset objects unloaded after import = 3

========================================================================
Received Import Request.
  Time since last request: 0.000014 seconds.
  path: Assets/Audio/Letters/Z.wav
  artifactKey: Guid(f46bdf539bec19043b28aeda025f7435) Importer(2089858483,b0f066a214c2f5e87bad3c948f4d605d)
Start importing Assets/Audio/Letters/Z.wav using Guid(f46bdf539bec19043b28aeda025f7435) Importer(2089858483,b0f066a214c2f5e87bad3c948f4d605d) (ScriptedImporter) -> (artifact id: 'b451f1aa2e68f9c896f42fe3f4444185') in 0.0296529 seconds
Number of updated asset objects reloaded before import = 0Number of asset objects unloaded after import = 1

========================================================================
Received Import Request.
  Time since last request: 0.000059 seconds.
  path: Assets/Audio/Letters/U.wav
  artifactKey: Guid(24bf85972f96faf4fa3dd073ec0666fc) Importer(2089858483,b0f066a214c2f5e87bad3c948f4d605d)
Start importing Assets/Audio/Letters/U.wav using Guid(24bf85972f96faf4fa3dd073ec0666fc) Importer(2089858483,b0f066a214c2f5e87bad3c948f4d605d) (ScriptedImporter) -> (artifact id: '106e5967c253adf3d440aab621c5ce52') in 0.0271889 seconds
Number of updated asset objects reloaded before import = 0Number of asset objects unloaded after import = 1

========================================================================
Received Import Request.
  Time since last request: 5.903301 seconds.
  path: Assets/FullTiltBoogie/LensFlare/VfxLensFlare.psd
  artifactKey: Guid(cd37625e731b74cd4bd80cbc3bd72d74) Importer(2089858483,b0f066a214c2f5e87bad3c948f4d605d)
Start importing Assets/FullTiltBoogie/LensFlare/VfxLensFlare.psd using Guid(cd37625e731b74cd4bd80cbc3bd72d74) Importer(2089858483,b0f066a214c2f5e87bad3c948f4d605d) (ScriptedImporter) -> (artifact id: '82fb39823c44ad6ece5c4e0998d1054f') in 0.0228243 seconds
Number of updated asset objects reloaded before import = 0Number of asset objects unloaded after import = 1

========================================================================
Received Import Request.
  Time since last request: 0.000073 seconds.
  path: Assets/FullTiltBoogie/Prefabs/VfxParticleBokeh1.prefab
  artifactKey: Guid(44f6201ba86c0441ab2eeb88adadce4f) Importer(2089858483,b0f066a214c2f5e87bad3c948f4d605d)
Start importing Assets/FullTiltBoogie/Prefabs/VfxParticleBokeh1.prefab using Guid(44f6201ba86c0441ab2eeb88adadce4f) Importer(2089858483,b0f066a214c2f5e87bad3c948f4d605d) (ScriptedImporter) -> (artifact id: '4b6259f9f2ef321c1fa34a6032378f22') in 0.1354345 seconds
Number of updated asset objects reloaded before import = 0Number of asset objects unloaded after import = 6

========================================================================
Received Import Request.
  Time since last request: 0.000018 seconds.
  path: Assets/Models/GIraffe/0.png
  artifactKey: Guid(1302a76c3f6409c47a582ce4bae18189) Importer(2089858483,b0f066a214c2f5e87bad3c948f4d605d)
Start importing Assets/Models/GIraffe/0.png using Guid(1302a76c3f6409c47a582ce4bae18189) Importer(2089858483,b0f066a214c2f5e87bad3c948f4d605d) (ScriptedImporter) -> (artifact id: '819420ebe238721657a166db7ad9f43c') in 0.0252722 seconds
Number of updated asset objects reloaded before import = 0Number of asset objects unloaded after import = 3

========================================================================
Received Import Request.
  Time since last request: 0.000015 seconds.
  path: Assets/Models/GIraffe/30.png
  artifactKey: Guid(9946d23d7a1e9ef4a929d60cde1e4287) Importer(2089858483,b0f066a214c2f5e87bad3c948f4d605d)
Start importing Assets/Models/GIraffe/30.png using Guid(9946d23d7a1e9ef4a929d60cde1e4287) Importer(2089858483,b0f066a214c2f5e87bad3c948f4d605d) (ScriptedImporter) -> (artifact id: '2d01b524124f85f8b24f5735de13e572') in 0.0255236 seconds
Number of updated asset objects reloaded before import = 0Number of asset objects unloaded after import = 3

========================================================================
Received Import Request.
  Time since last request: 0.000018 seconds.
  path: Assets/FullTiltBoogie/Materials/Particles Mobile Alpha.mat
  artifactKey: Guid(0586fb390af6e4d56987fb75b880d2b2) Importer(2089858483,b0f066a214c2f5e87bad3c948f4d605d)
Start importing Assets/FullTiltBoogie/Materials/Particles Mobile Alpha.mat using Guid(0586fb390af6e4d56987fb75b880d2b2) Importer(2089858483,b0f066a214c2f5e87bad3c948f4d605d) (ScriptedImporter) -> (artifact id: '21f8f2f887fb748232a443c9adf912e5') in 0.0151058 seconds
Number of updated asset objects reloaded before import = 0Number of asset objects unloaded after import = 1

========================================================================
Received Import Request.
  Time since last request: 0.000021 seconds.
  path: Assets/Models/Misiu/0.png
  artifactKey: Guid(8f240c27de3e7484dab32953350e1b7b) Importer(2089858483,b0f066a214c2f5e87bad3c948f4d605d)
Start importing Assets/Models/Misiu/0.png using Guid(8f240c27de3e7484dab32953350e1b7b) Importer(2089858483,b0f066a214c2f5e87bad3c948f4d605d) (ScriptedImporter) -> (artifact id: '494a9c7b6da762fc481480782a1c0acb') in 0.0297543 seconds
Number of updated asset objects reloaded before import = 0Number of asset objects unloaded after import = 3

========================================================================
Received Import Request.
  Time since last request: 0.000023 seconds.
  path: Assets/Models/Misiu/17.png
  artifactKey: Guid(102dd743a3645354e8600ab5e97f40da) Importer(2089858483,b0f066a214c2f5e87bad3c948f4d605d)
Start importing Assets/Models/Misiu/17.png using Guid(102dd743a3645354e8600ab5e97f40da) Importer(2089858483,b0f066a214c2f5e87bad3c948f4d605d) (ScriptedImporter) -> (artifact id: '8544997fac01158c8f3cc2770fa9e73e') in 0.0270329 seconds
Number of updated asset objects reloaded before import = 0Number of asset objects unloaded after import = 3

========================================================================
Received Import Request.
  Time since last request: 0.000018 seconds.
  path: Assets/FullTiltBoogie/Prefabs/VfxParticleBoom.prefab
  artifactKey: Guid(260289419ad374fd49c4be36e2c1165e) Importer(2089858483,b0f066a214c2f5e87bad3c948f4d605d)
Start importing Assets/FullTiltBoogie/Prefabs/VfxParticleBoom.prefab using Guid(260289419ad374fd49c4be36e2c1165e) Importer(2089858483,b0f066a214c2f5e87bad3c948f4d605d) (ScriptedImporter) -> (artifact id: 'b2fbc1ee565c20b9f2a27aef7633c556') in 0.064162 seconds
Number of updated asset objects reloaded before import = 0Number of asset objects unloaded after import = 6

========================================================================
Received Import Request.
  Time since last request: 0.000015 seconds.
  path: Assets/FullTiltBoogie/Prefabs/ParticleLoops.prefab
  artifactKey: Guid(fca85770e18d846bfb02e19852a35a54) Importer(2089858483,b0f066a214c2f5e87bad3c948f4d605d)
Start importing Assets/FullTiltBoogie/Prefabs/ParticleLoops.prefab using Guid(fca85770e18d846bfb02e19852a35a54) Importer(2089858483,b0f066a214c2f5e87bad3c948f4d605d) (ScriptedImporter) -> (artifact id: '71a3c51632dc0f10d987106ae663c18d') in 0.0581256 seconds
Number of updated asset objects reloaded before import = 0Number of asset objects unloaded after import = 6

========================================================================
Received Import Request.
  Time since last request: 0.000014 seconds.
  path: Assets/Models/GIraffe/14.png
  artifactKey: Guid(82aa22e5b47a53a408fa66ae4c382635) Importer(2089858483,b0f066a214c2f5e87bad3c948f4d605d)
Start importing Assets/Models/GIraffe/14.png using Guid(82aa22e5b47a53a408fa66ae4c382635) Importer(2089858483,b0f066a214c2f5e87bad3c948f4d605d) (ScriptedImporter) -> (artifact id: '1c6f3cf230ef4caee497a77fa7e54bda') in 0.0223271 seconds
Number of updated asset objects reloaded before import = 0Number of asset objects unloaded after import = 3

========================================================================
Received Import Request.
  Time since last request: 0.000023 seconds.
  path: Assets/Models/Misiu/18.png
  artifactKey: Guid(ae66055e325cfdf419f0e9eb37e8fe34) Importer(2089858483,b0f066a214c2f5e87bad3c948f4d605d)
Start importing Assets/Models/Misiu/18.png using Guid(ae66055e325cfdf419f0e9eb37e8fe34) Importer(2089858483,b0f066a214c2f5e87bad3c948f4d605d) (ScriptedImporter) -> (artifact id: '9e1a3642317dc727891b121ec36f4cd6') in 0.0232261 seconds
Number of updated asset objects reloaded before import = 0Number of asset objects unloaded after import = 3

========================================================================
Received Import Request.
  Time since last request: 0.000017 seconds.
  path: Assets/Models/GIraffe/19.png
  artifactKey: Guid(4504c4dc9775158439d2275ea2b8ce20) Importer(2089858483,b0f066a214c2f5e87bad3c948f4d605d)
Start importing Assets/Models/GIraffe/19.png using Guid(4504c4dc9775158439d2275ea2b8ce20) Importer(2089858483,b0f066a214c2f5e87bad3c948f4d605d) (ScriptedImporter) -> (artifact id: 'edf70bb3dd23e53f141bc7abc87344c2') in 0.0205702 seconds
Number of updated asset objects reloaded before import = 0Number of asset objects unloaded after import = 3

========================================================================
Received Import Request.
  Time since last request: 0.000019 seconds.
  path: Assets/Models/Misiu/27.png
  artifactKey: Guid(a46befc0c5a525544b141d54459c7503) Importer(2089858483,b0f066a214c2f5e87bad3c948f4d605d)
Start importing Assets/Models/Misiu/27.png using Guid(a46befc0c5a525544b141d54459c7503) Importer(2089858483,b0f066a214c2f5e87bad3c948f4d605d) (ScriptedImporter) -> (artifact id: '72d82e550aab3358866b5dd463666713') in 0.0226343 seconds
Number of updated asset objects reloaded before import = 0Number of asset objects unloaded after import = 3

========================================================================
Received Import Request.
  Time since last request: 0.000026 seconds.
  path: Assets/Models/GIraffe/16.png
  artifactKey: Guid(45de0b60d66b7954e9cd06b69ad37208) Importer(2089858483,b0f066a214c2f5e87bad3c948f4d605d)
Start importing Assets/Models/GIraffe/16.png using Guid(45de0b60d66b7954e9cd06b69ad37208) Importer(2089858483,b0f066a214c2f5e87bad3c948f4d605d) (ScriptedImporter) -> (artifact id: '437edfac44b5436585eb7ce03f589f8d') in 0.023902 seconds
Number of updated asset objects reloaded before import = 0Number of asset objects unloaded after import = 3

========================================================================
Received Import Request.
  Time since last request: 0.000015 seconds.
  path: Assets/Models/Misiu/35.png
  artifactKey: Guid(f9e79bdf18ccc244797b700ddd7ed26b) Importer(2089858483,b0f066a214c2f5e87bad3c948f4d605d)
Start importing Assets/Models/Misiu/35.png using Guid(f9e79bdf18ccc244797b700ddd7ed26b) Importer(2089858483,b0f066a214c2f5e87bad3c948f4d605d) (ScriptedImporter) -> (artifact id: '1e49a39fc71a17e45823aec4e90f3828') in 0.0215308 seconds
Number of updated asset objects reloaded before import = 0Number of asset objects unloaded after import = 3

========================================================================
Received Import Request.
  Time since last request: 0.000016 seconds.
  path: Assets/Models/Motyl/19.png
  artifactKey: Guid(534efa71f77451546bf88a6df8c0bccd) Importer(2089858483,b0f066a214c2f5e87bad3c948f4d605d)
Start importing Assets/Models/Motyl/19.png using Guid(534efa71f77451546bf88a6df8c0bccd) Importer(2089858483,b0f066a214c2f5e87bad3c948f4d605d) (ScriptedImporter) -> (artifact id: '301568f71f1d7210195586ce3d4cec11') in 0.0199294 seconds
Number of updated asset objects reloaded before import = 0Number of asset objects unloaded after import = 3

========================================================================
Received Import Request.
  Time since last request: 0.000019 seconds.
  path: Assets/Models/Motyl/26.png
  artifactKey: Guid(9d916bb03ab7687418dbffa853db3484) Importer(2089858483,b0f066a214c2f5e87bad3c948f4d605d)
Start importing Assets/Models/Motyl/26.png using Guid(9d916bb03ab7687418dbffa853db3484) Importer(2089858483,b0f066a214c2f5e87bad3c948f4d605d) (ScriptedImporter) -> (artifact id: '6fba184b2c2a24de7c770dcf0da1b55b') in 0.0243176 seconds
Number of updated asset objects reloaded before import = 0Number of asset objects unloaded after import = 3

========================================================================
Received Import Request.
  Time since last request: 0.000016 seconds.
  path: Assets/UI/Pencils/Violet.png
  artifactKey: Guid(269cdf76c61c7e3478f35c16c1cf5424) Importer(2089858483,b0f066a214c2f5e87bad3c948f4d605d)
Start importing Assets/UI/Pencils/Violet.png using Guid(269cdf76c61c7e3478f35c16c1cf5424) Importer(2089858483,b0f066a214c2f5e87bad3c948f4d605d) (ScriptedImporter) -> (artifact id: '94f7ee9dd493ce875cd58bdc321d8471') in 0.0209259 seconds
Number of updated asset objects reloaded before import = 0Number of asset objects unloaded after import = 3

========================================================================
Received Import Request.
  Time since last request: 0.000019 seconds.
  path: Assets/UI/Pencils/DarkBlue.png
  artifactKey: Guid(f8e8f7207c49e8a4f8cd017c10acd19e) Importer(2089858483,b0f066a214c2f5e87bad3c948f4d605d)
Start importing Assets/UI/Pencils/DarkBlue.png using Guid(f8e8f7207c49e8a4f8cd017c10acd19e) Importer(2089858483,b0f066a214c2f5e87bad3c948f4d605d) (ScriptedImporter) -> (artifact id: 'b6cca667a9e79a1dfcfb081855715269') in 0.0238562 seconds
Number of updated asset objects reloaded before import = 0Number of asset objects unloaded after import = 3

========================================================================
Received Import Request.
  Time since last request: 0.000021 seconds.
  path: Assets/Models/Motyl/17.png
  artifactKey: Guid(003eda54aa415d84bba82ee6417e85fe) Importer(2089858483,b0f066a214c2f5e87bad3c948f4d605d)
Start importing Assets/Models/Motyl/17.png using Guid(003eda54aa415d84bba82ee6417e85fe) Importer(2089858483,b0f066a214c2f5e87bad3c948f4d605d) (ScriptedImporter) -> (artifact id: '6c2c4694447616dba0622606949bc450') in 0.025574 seconds
Number of updated asset objects reloaded before import = 0Number of asset objects unloaded after import = 3

========================================================================
Received Import Request.
  Time since last request: 0.000022 seconds.
  path: Assets/UI/Pencils/Black.png
  artifactKey: Guid(9d877533f8ac0c8438b44e47c6fdbc83) Importer(2089858483,b0f066a214c2f5e87bad3c948f4d605d)
Start importing Assets/UI/Pencils/Black.png using Guid(9d877533f8ac0c8438b44e47c6fdbc83) Importer(2089858483,b0f066a214c2f5e87bad3c948f4d605d) (ScriptedImporter) -> (artifact id: '4e9447be5051616b07626710310af1cf') in 0.0305789 seconds
Number of updated asset objects reloaded before import = 0Number of asset objects unloaded after import = 3

========================================================================
Received Import Request.
  Time since last request: 0.000018 seconds.
  path: Assets/Scripts/Letters/LettersController.cs
  artifactKey: Guid(28cd546c44e847bd833119b25a844bc7) Importer(2089858483,b0f066a214c2f5e87bad3c948f4d605d)
Start importing Assets/Scripts/Letters/LettersController.cs using Guid(28cd546c44e847bd833119b25a844bc7) Importer(2089858483,b0f066a214c2f5e87bad3c948f4d605d) (ScriptedImporter) -> (artifact id: '78499cd74ec30c71d67e6768abc50723') in 0.011674 seconds
Number of updated asset objects reloaded before import = 0Number of asset objects unloaded after import = 0

========================================================================
Received Import Request.
  Time since last request: 0.000067 seconds.
  path: Assets/Models/Motyl/2.png
  artifactKey: Guid(d9f4bdded2eb37e45b59c7f33e8a842f) Importer(2089858483,b0f066a214c2f5e87bad3c948f4d605d)
Start importing Assets/Models/Motyl/2.png using Guid(d9f4bdded2eb37e45b59c7f33e8a842f) Importer(2089858483,b0f066a214c2f5e87bad3c948f4d605d) (ScriptedImporter) -> (artifact id: 'd05af3b6d0968f44a6ba91a7ed4c2bf2') in 0.0222816 seconds
Number of updated asset objects reloaded before import = 0Number of asset objects unloaded after import = 3

========================================================================
Received Import Request.
  Time since last request: 0.000015 seconds.
  path: Assets/Models/Misiu/9.png
  artifactKey: Guid(df369147f55340a47a61aa930db6de0b) Importer(2089858483,b0f066a214c2f5e87bad3c948f4d605d)
Start importing Assets/Models/Misiu/9.png using Guid(df369147f55340a47a61aa930db6de0b) Importer(2089858483,b0f066a214c2f5e87bad3c948f4d605d) (ScriptedImporter) -> (artifact id: 'b1fc3f281e99adae0558254866514488') in 0.0247246 seconds
Number of updated asset objects reloaded before import = 0Number of asset objects unloaded after import = 3

========================================================================
Received Import Request.
  Time since last request: 0.000017 seconds.
  path: Assets/Scripts/Letters/LettersUI.cs
  artifactKey: Guid(e6c546663918457a98cbefe68df71fc4) Importer(2089858483,b0f066a214c2f5e87bad3c948f4d605d)
Start importing Assets/Scripts/Letters/LettersUI.cs using Guid(e6c546663918457a98cbefe68df71fc4) Importer(2089858483,b0f066a214c2f5e87bad3c948f4d605d) (ScriptedImporter) -> (artifact id: 'bfc510cca7eb4b26b7b1b91d3801109a') in 0.0115213 seconds
Number of updated asset objects reloaded before import = 0Number of asset objects unloaded after import = 0

========================================================================
Received Import Request.
  Time since last request: 0.000033 seconds.
  path: Assets/Sprites/The Swineherd/S2.psd
  artifactKey: Guid(8028c6b89c784994db6b967b510a1bd3) Importer(2089858483,b0f066a214c2f5e87bad3c948f4d605d)
Start importing Assets/Sprites/The Swineherd/S2.psd using Guid(8028c6b89c784994db6b967b510a1bd3) Importer(2089858483,b0f066a214c2f5e87bad3c948f4d605d) (ScriptedImporter) -> (artifact id: 'd4c336995b719490a2758b30b1901551') in 0.0254264 seconds
Number of updated asset objects reloaded before import = 0Number of asset objects unloaded after import = 3

========================================================================
Received Import Request.
  Time since last request: 0.000017 seconds.
  path: Assets/Prefabs/UI/AddingUI.prefab
  artifactKey: Guid(708b5723e3d7f5f40a3c3db7f4b792af) Importer(2089858483,b0f066a214c2f5e87bad3c948f4d605d)
Start importing Assets/Prefabs/UI/AddingUI.prefab using Guid(708b5723e3d7f5f40a3c3db7f4b792af) Importer(2089858483,b0f066a214c2f5e87bad3c948f4d605d) (ScriptedImporter) -> (artifact id: 'b9321c0e3fdd4edca7890ac9f429bff4') in 0.0876832 seconds
Number of updated asset objects reloaded before import = 0Number of asset objects unloaded after import = 98

========================================================================
Received Import Request.
  Time since last request: 0.000016 seconds.
  path: Assets/Scripts/Letters/LettersAudioDB.cs
  artifactKey: Guid(7d2ce34f3fc946f09e55332cfb6aacfa) Importer(2089858483,b0f066a214c2f5e87bad3c948f4d605d)
Start importing Assets/Scripts/Letters/LettersAudioDB.cs using Guid(7d2ce34f3fc946f09e55332cfb6aacfa) Importer(2089858483,b0f066a214c2f5e87bad3c948f4d605d) (ScriptedImporter) -> (artifact id: 'ae68b085f9ce1e6d6b5a18ad8398077b') in 0.0106735 seconds
Number of updated asset objects reloaded before import = 0Number of asset objects unloaded after import = 0

========================================================================
Received Import Request.
  Time since last request: 0.000068 seconds.
  path: Assets/UI/Pencils/Pink.png
  artifactKey: Guid(dd74a54866bc3ba4e9d520127ca805ad) Importer(2089858483,b0f066a214c2f5e87bad3c948f4d605d)
Start importing Assets/UI/Pencils/Pink.png using Guid(dd74a54866bc3ba4e9d520127ca805ad) Importer(2089858483,b0f066a214c2f5e87bad3c948f4d605d) (ScriptedImporter) -> (artifact id: '027819210bad607ad22ca84bf249b5f8') in 0.0228007 seconds
Number of updated asset objects reloaded before import = 0Number of asset objects unloaded after import = 3

========================================================================
Received Import Request.
  Time since last request: 0.000020 seconds.
  path: Assets/Models/GIraffe/18.png
  artifactKey: Guid(23a4b6b7c4515d441ae8158f22d0d078) Importer(2089858483,b0f066a214c2f5e87bad3c948f4d605d)
Start importing Assets/Models/GIraffe/18.png using Guid(23a4b6b7c4515d441ae8158f22d0d078) Importer(2089858483,b0f066a214c2f5e87bad3c948f4d605d) (ScriptedImporter) -> (artifact id: 'da4f1eceb26b87e4e9435f6c0c611076') in 0.0257395 seconds
Number of updated asset objects reloaded before import = 0Number of asset objects unloaded after import = 3

========================================================================
Received Import Request.
  Time since last request: 0.000034 seconds.
  path: Assets/FullTiltBoogie/Materials/FireSpark.mat
  artifactKey: Guid(a53831880f7cf4d80978fb06165403e5) Importer(2089858483,b0f066a214c2f5e87bad3c948f4d605d)
Start importing Assets/FullTiltBoogie/Materials/FireSpark.mat using Guid(a53831880f7cf4d80978fb06165403e5) Importer(2089858483,b0f066a214c2f5e87bad3c948f4d605d) (ScriptedImporter) -> (artifact id: '4e22d0a8a10d62873085c32402152ec7') in 0.0193531 seconds
Number of updated asset objects reloaded before import = 0Number of asset objects unloaded after import = 2

========================================================================
Received Import Request.
  Time since last request: 0.000015 seconds.
  path: Assets/Models/Misiu/36.png
  artifactKey: Guid(fa92ebd90ca4ac745ad6c6c19f8ca057) Importer(2089858483,b0f066a214c2f5e87bad3c948f4d605d)
Start importing Assets/Models/Misiu/36.png using Guid(fa92ebd90ca4ac745ad6c6c19f8ca057) Importer(2089858483,b0f066a214c2f5e87bad3c948f4d605d) (ScriptedImporter) -> (artifact id: '27159c1497114208cb595c9e4a09bf0b') in 0.0168732 seconds
Number of updated asset objects reloaded before import = 0Number of asset objects unloaded after import = 3

========================================================================
Received Import Request.
  Time since last request: 0.000014 seconds.
  path: Assets/Models/Misiu/33.png
  artifactKey: Guid(d936b931e12dc73479e6fbd55a26d302) Importer(2089858483,b0f066a214c2f5e87bad3c948f4d605d)
Start importing Assets/Models/Misiu/33.png using Guid(d936b931e12dc73479e6fbd55a26d302) Importer(2089858483,b0f066a214c2f5e87bad3c948f4d605d) (ScriptedImporter) -> (artifact id: 'f4b560c338c7b93c2c1189d9aacd72af') in 0.0241087 seconds
Number of updated asset objects reloaded before import = 0Number of asset objects unloaded after import = 3

========================================================================
Received Import Request.
  Time since last request: 0.000019 seconds.
  path: Assets/FullTiltBoogie/Prefabs/VfxBrightStars.prefab
  artifactKey: Guid(fbdb0b280789440678aa36806de97767) Importer(2089858483,b0f066a214c2f5e87bad3c948f4d605d)
Start importing Assets/FullTiltBoogie/Prefabs/VfxBrightStars.prefab using Guid(fbdb0b280789440678aa36806de97767) Importer(2089858483,b0f066a214c2f5e87bad3c948f4d605d) (ScriptedImporter) -> (artifact id: '518e5d040867d8df81d652470b6ebae9') in 0.0609248 seconds
Number of updated asset objects reloaded before import = 0Number of asset objects unloaded after import = 6

========================================================================
Received Import Request.
  Time since last request: 0.000016 seconds.
  path: Assets/FreeButtonSet/Textures/buttons/button_round_400.png
  artifactKey: Guid(60c4dbe9e87500a4480a6214bdc5cc87) Importer(2089858483,b0f066a214c2f5e87bad3c948f4d605d)
Start importing Assets/FreeButtonSet/Textures/buttons/button_round_400.png using Guid(60c4dbe9e87500a4480a6214bdc5cc87) Importer(2089858483,b0f066a214c2f5e87bad3c948f4d605d) (ScriptedImporter) -> (artifact id: '1c857f5af36ff38f26621988725ce2e6') in 0.0200356 seconds
Number of updated asset objects reloaded before import = 0Number of asset objects unloaded after import = 3

========================================================================
Received Import Request.
  Time since last request: 0.000017 seconds.
  path: Assets/FreeButtonSet/Textures/controls/universal_panel_10.png
  artifactKey: Guid(3973caf801ba6864d98890213e90590b) Importer(2089858483,b0f066a214c2f5e87bad3c948f4d605d)
Start importing Assets/FreeButtonSet/Textures/controls/universal_panel_10.png using Guid(3973caf801ba6864d98890213e90590b) Importer(2089858483,b0f066a214c2f5e87bad3c948f4d605d) (ScriptedImporter) -> (artifact id: '7898613ba1276f1cc335bfe82845f4a0') in 0.0261083 seconds
Number of updated asset objects reloaded before import = 0Number of asset objects unloaded after import = 3

========================================================================
Received Import Request.
  Time since last request: 0.000018 seconds.
  path: Assets/Plugins/NativeGallery/Android/NGCallbackHelper.cs
  artifactKey: Guid(2d517fd0f2f85f24698df2775bee58e9) Importer(2089858483,b0f066a214c2f5e87bad3c948f4d605d)
Start importing Assets/Plugins/NativeGallery/Android/NGCallbackHelper.cs using Guid(2d517fd0f2f85f24698df2775bee58e9) Importer(2089858483,b0f066a214c2f5e87bad3c948f4d605d) (ScriptedImporter) -> (artifact id: 'eec6d2b035322288410b1a7f50fbf476') in 0.0166018 seconds
Number of updated asset objects reloaded before import = 0Number of asset objects unloaded after import = 0

========================================================================
Received Import Request.
  Time since last request: 0.000064 seconds.
  path: Assets/FreeButtonSet/Textures/controls/cross_04.png
  artifactKey: Guid(0b723a187b246ad44ad90b0600b1e98e) Importer(2089858483,b0f066a214c2f5e87bad3c948f4d605d)
Start importing Assets/FreeButtonSet/Textures/controls/cross_04.png using Guid(0b723a187b246ad44ad90b0600b1e98e) Importer(2089858483,b0f066a214c2f5e87bad3c948f4d605d) (ScriptedImporter) -> (artifact id: 'b5a27659df85b13daef72acbc9f6ff2f') in 0.0256056 seconds
Number of updated asset objects reloaded before import = 0Number of asset objects unloaded after import = 3

========================================================================
Received Import Request.
  Time since last request: 0.000018 seconds.
  path: Assets/FreeButtonSet/Textures/controls/radio_200.png
  artifactKey: Guid(6a4c582ed02cf4e40954a044796d37ac) Importer(2089858483,b0f066a214c2f5e87bad3c948f4d605d)
Start importing Assets/FreeButtonSet/Textures/controls/radio_200.png using Guid(6a4c582ed02cf4e40954a044796d37ac) Importer(2089858483,b0f066a214c2f5e87bad3c948f4d605d) (ScriptedImporter) -> (artifact id: 'b0f6384efe8375dddcc763d6889df838') in 0.0228573 seconds
Number of updated asset objects reloaded before import = 0Number of asset objects unloaded after import = 3

========================================================================
Received Import Request.
  Time since last request: 0.000028 seconds.
  path: Assets/FullTiltBoogie/Materials/Textures/starThin.png
  artifactKey: Guid(9b1b97b63c4c74d8ab6253d1393f5229) Importer(2089858483,b0f066a214c2f5e87bad3c948f4d605d)
Start importing Assets/FullTiltBoogie/Materials/Textures/starThin.png using Guid(9b1b97b63c4c74d8ab6253d1393f5229) Importer(2089858483,b0f066a214c2f5e87bad3c948f4d605d) (ScriptedImporter) -> (artifact id: 'cedf65fd99d4937138c0672185ac8c8c') in 0.0324625 seconds
Number of updated asset objects reloaded before import = 0Number of asset objects unloaded after import = 1

========================================================================
Received Import Request.
  Time since last request: 0.000034 seconds.
  path: Assets/Prefabs/UI/QuitBtn.prefab
  artifactKey: Guid(4da34e96c00c45b46b44c102b2b3bba8) Importer(2089858483,b0f066a214c2f5e87bad3c948f4d605d)
Start importing Assets/Prefabs/UI/QuitBtn.prefab using Guid(4da34e96c00c45b46b44c102b2b3bba8) Importer(2089858483,b0f066a214c2f5e87bad3c948f4d605d) (ScriptedImporter) -> (artifact id: '35cc8735dc20eb599b2f5dc82e96c12a') in 0.0540824 seconds
Number of updated asset objects reloaded before import = 0Number of asset objects unloaded after import = 13

========================================================================
Received Import Request.
  Time since last request: 0.000015 seconds.
  path: Assets/Models/Motyl/9.png
  artifactKey: Guid(ca46dcfb0401b1e4890a6abb11dc4042) Importer(2089858483,b0f066a214c2f5e87bad3c948f4d605d)
Start importing Assets/Models/Motyl/9.png using Guid(ca46dcfb0401b1e4890a6abb11dc4042) Importer(2089858483,b0f066a214c2f5e87bad3c948f4d605d) (ScriptedImporter) -> (artifact id: '33207e749d63fdba7aab49d49525e585') in 0.0283103 seconds
Number of updated asset objects reloaded before import = 0Number of asset objects unloaded after import = 3

========================================================================
Received Import Request.
  Time since last request: 0.000045 seconds.
  path: Assets/Models/Misiu/5.png
  artifactKey: Guid(81a04d6ab3352e74394ad3c61fb3f4dc) Importer(2089858483,b0f066a214c2f5e87bad3c948f4d605d)
Start importing Assets/Models/Misiu/5.png using Guid(81a04d6ab3352e74394ad3c61fb3f4dc) Importer(2089858483,b0f066a214c2f5e87bad3c948f4d605d) (ScriptedImporter) -> (artifact id: 'a463be330f0360ef5815cd41d8639264') in 0.0269822 seconds
Number of updated asset objects reloaded before import = 0Number of asset objects unloaded after import = 3

========================================================================
Received Import Request.
  Time since last request: 0.000015 seconds.
  path: Assets/FullTiltBoogie/Materials/BokehQuint.mat
  artifactKey: Guid(2457b0d8c738e419ca3b1ad562f48fe0) Importer(2089858483,b0f066a214c2f5e87bad3c948f4d605d)
Start importing Assets/FullTiltBoogie/Materials/BokehQuint.mat using Guid(2457b0d8c738e419ca3b1ad562f48fe0) Importer(2089858483,b0f066a214c2f5e87bad3c948f4d605d) (ScriptedImporter) -> (artifact id: 'a59c088f7dea086f1008385f014e53be') in 0.0211983 seconds
Number of updated asset objects reloaded before import = 0Number of asset objects unloaded after import = 2

========================================================================
Received Import Request.
  Time since last request: 0.000090 seconds.
  path: Assets/Plugins/NativeGallery/Editor/NGPostProcessBuild.cs
  artifactKey: Guid(dff1540cf22bfb749a2422f445cf9427) Importer(2089858483,b0f066a214c2f5e87bad3c948f4d605d)
Start importing Assets/Plugins/NativeGallery/Editor/NGPostProcessBuild.cs using Guid(dff1540cf22bfb749a2422f445cf9427) Importer(2089858483,b0f066a214c2f5e87bad3c948f4d605d) (ScriptedImporter) -> (artifact id: 'af67d6dd8830b8319c6359ff730fafcc') in 0.0123658 seconds
Number of updated asset objects reloaded before import = 0Number of asset objects unloaded after import = 0

========================================================================
Received Import Request.
  Time since last request: 0.000052 seconds.
  path: Assets/FullTiltBoogie/Materials/Textures/cam-flash-1024.png
  artifactKey: Guid(27098aee2e4f14f74bcdb0957c0155fb) Importer(2089858483,b0f066a214c2f5e87bad3c948f4d605d)
Start importing Assets/FullTiltBoogie/Materials/Textures/cam-flash-1024.png using Guid(27098aee2e4f14f74bcdb0957c0155fb) Importer(2089858483,b0f066a214c2f5e87bad3c948f4d605d) (ScriptedImporter) -> (artifact id: '3591de50dd94300b8106c326c7590e04') in 0.0331713 seconds
Number of updated asset objects reloaded before import = 0Number of asset objects unloaded after import = 1

========================================================================
Received Import Request.
  Time since last request: 0.000019 seconds.
  path: Assets/Models/Motyl/8.png
  artifactKey: Guid(b3b0361ec9775304192ab6dca8440262) Importer(2089858483,b0f066a214c2f5e87bad3c948f4d605d)
Start importing Assets/Models/Motyl/8.png using Guid(b3b0361ec9775304192ab6dca8440262) Importer(2089858483,b0f066a214c2f5e87bad3c948f4d605d) (ScriptedImporter) -> (artifact id: '2e645b8bbc986d49eab3921542a49ab4') in 0.0266487 seconds
Number of updated asset objects reloaded before import = 0Number of asset objects unloaded after import = 3

========================================================================
Received Import Request.
  Time since last request: 0.000022 seconds.
  path: Assets/UI/Pencils/Blue.png
  artifactKey: Guid(e4d480591332aa843bf0aef8d6e382b5) Importer(2089858483,b0f066a214c2f5e87bad3c948f4d605d)
Start importing Assets/UI/Pencils/Blue.png using Guid(e4d480591332aa843bf0aef8d6e382b5) Importer(2089858483,b0f066a214c2f5e87bad3c948f4d605d) (ScriptedImporter) -> (artifact id: 'cde7cd71800da2c8a3f67a47aa80784d') in 0.026783 seconds
Number of updated asset objects reloaded before import = 0Number of asset objects unloaded after import = 3

========================================================================
Received Import Request.
  Time since last request: 0.000037 seconds.
  path: Assets/FullTiltBoogie/Prefabs/VfxBoomSparks.prefab
  artifactKey: Guid(4679b7d4913ed45dcadbf24be51fcd6d) Importer(2089858483,b0f066a214c2f5e87bad3c948f4d605d)
Start importing Assets/FullTiltBoogie/Prefabs/VfxBoomSparks.prefab using Guid(4679b7d4913ed45dcadbf24be51fcd6d) Importer(2089858483,b0f066a214c2f5e87bad3c948f4d605d) (ScriptedImporter) -> (artifact id: '78ee13cd0c27b026eaf27e5acf11fd41') in 0.0541317 seconds
Number of updated asset objects reloaded before import = 0Number of asset objects unloaded after import = 6

========================================================================
Received Import Request.
  Time since last request: 0.000016 seconds.
  path: Assets/Models/GIraffe/24.png
  artifactKey: Guid(1f1ce3ed00b924a44806898938a0a21d) Importer(2089858483,b0f066a214c2f5e87bad3c948f4d605d)
Start importing Assets/Models/GIraffe/24.png using Guid(1f1ce3ed00b924a44806898938a0a21d) Importer(2089858483,b0f066a214c2f5e87bad3c948f4d605d) (ScriptedImporter) -> (artifact id: '97947374a811690598dda255fd5303c4') in 0.0284616 seconds
Number of updated asset objects reloaded before import = 0Number of asset objects unloaded after import = 3

========================================================================
Received Import Request.
  Time since last request: 0.000017 seconds.
  path: Assets/FullTiltBoogie/Materials/Textures/bokeh_round.png
  artifactKey: Guid(5a83f9059951f495b97dabb8e3a1e4d1) Importer(2089858483,b0f066a214c2f5e87bad3c948f4d605d)
Start importing Assets/FullTiltBoogie/Materials/Textures/bokeh_round.png using Guid(5a83f9059951f495b97dabb8e3a1e4d1) Importer(2089858483,b0f066a214c2f5e87bad3c948f4d605d) (ScriptedImporter) -> (artifact id: 'e66444eaa8b3fe1f302942afba349b6b') in 0.0282866 seconds
Number of updated asset objects reloaded before import = 0Number of asset objects unloaded after import = 1

========================================================================
Received Import Request.
  Time since last request: 0.000044 seconds.
  path: Assets/Models/GIraffe/29.png
  artifactKey: Guid(a91ad5de26360114ab30af6808f678e7) Importer(2089858483,b0f066a214c2f5e87bad3c948f4d605d)
Start importing Assets/Models/GIraffe/29.png using Guid(a91ad5de26360114ab30af6808f678e7) Importer(2089858483,b0f066a214c2f5e87bad3c948f4d605d) (ScriptedImporter) -> (artifact id: '1856a580f1e99e58d043f0da03bc7521') in 0.0239866 seconds
Number of updated asset objects reloaded before import = 0Number of asset objects unloaded after import = 3

========================================================================
Received Import Request.
  Time since last request: 0.000016 seconds.
  path: Assets/FreeButtonSet/Textures/icons/128x128/speaker.png
  artifactKey: Guid(a8bf463d0bcbdd440b693618eccf4027) Importer(2089858483,b0f066a214c2f5e87bad3c948f4d605d)
Start importing Assets/FreeButtonSet/Textures/icons/128x128/speaker.png using Guid(a8bf463d0bcbdd440b693618eccf4027) Importer(2089858483,b0f066a214c2f5e87bad3c948f4d605d) (ScriptedImporter) -> (artifact id: '6fbe5f63e0041039c89848e922d77432') in 0.0205302 seconds
Number of updated asset objects reloaded before import = 0Number of asset objects unloaded after import = 3

========================================================================
Received Import Request.
  Time since last request: 0.000016 seconds.
  path: Assets/FreeButtonSet/Textures/icons/256x256/arrow_up.png
  artifactKey: Guid(a1e642ac4188cf544b455c79870d43f6) Importer(2089858483,b0f066a214c2f5e87bad3c948f4d605d)
Start importing Assets/FreeButtonSet/Textures/icons/256x256/arrow_up.png using Guid(a1e642ac4188cf544b455c79870d43f6) Importer(2089858483,b0f066a214c2f5e87bad3c948f4d605d) (ScriptedImporter) -> (artifact id: '3df8b1d8bf9222e8a4ecefdbd9b7a1a1') in 0.0229167 seconds
Number of updated asset objects reloaded before import = 0Number of asset objects unloaded after import = 3

========================================================================
Received Import Request.
  Time since last request: 0.000015 seconds.
  path: Assets/FreeButtonSet/Textures/icons/32x32/plus.png
  artifactKey: Guid(f1d2732960a12434a91c2cba94b04cb5) Importer(2089858483,b0f066a214c2f5e87bad3c948f4d605d)
Start importing Assets/FreeButtonSet/Textures/icons/32x32/plus.png using Guid(f1d2732960a12434a91c2cba94b04cb5) Importer(2089858483,b0f066a214c2f5e87bad3c948f4d605d) (ScriptedImporter) -> (artifact id: '9ab817f18e3207f486d5b177850f0dee') in 0.0258104 seconds
Number of updated asset objects reloaded before import = 0Number of asset objects unloaded after import = 3

========================================================================
Received Import Request.
  Time since last request: 0.000018 seconds.
  path: Assets/FreeButtonSet/Textures/icons/32x32/menu.png
  artifactKey: Guid(873fef88362100240875f61cefb4a8ae) Importer(2089858483,b0f066a214c2f5e87bad3c948f4d605d)
Start importing Assets/FreeButtonSet/Textures/icons/32x32/menu.png using Guid(873fef88362100240875f61cefb4a8ae) Importer(2089858483,b0f066a214c2f5e87bad3c948f4d605d) (ScriptedImporter) -> (artifact id: '6d2eb011d27b956b06167589eacef538') in 0.0211194 seconds
Number of updated asset objects reloaded before import = 0Number of asset objects unloaded after import = 3

========================================================================
Received Import Request.
  Time since last request: 0.000018 seconds.
  path: Assets/FreeButtonSet/Textures/icons/128x128/minus.png
  artifactKey: Guid(120af17437d75844d8f6be3a85cdeb1c) Importer(2089858483,b0f066a214c2f5e87bad3c948f4d605d)
Start importing Assets/FreeButtonSet/Textures/icons/128x128/minus.png using Guid(120af17437d75844d8f6be3a85cdeb1c) Importer(2089858483,b0f066a214c2f5e87bad3c948f4d605d) (ScriptedImporter) -> (artifact id: 'b21af6a9fabe6916faf8391c7eea79de') in 0.0251338 seconds
Number of updated asset objects reloaded before import = 0Number of asset objects unloaded after import = 3

========================================================================
Received Import Request.
  Time since last request: 0.000037 seconds.
  path: Assets/FreeButtonSet/Textures/icons/256x256/settings.png
  artifactKey: Guid(29cd5fa083a9a4d448c49c770629f19e) Importer(2089858483,b0f066a214c2f5e87bad3c948f4d605d)
Start importing Assets/FreeButtonSet/Textures/icons/256x256/settings.png using Guid(29cd5fa083a9a4d448c49c770629f19e) Importer(2089858483,b0f066a214c2f5e87bad3c948f4d605d) (ScriptedImporter) -> (artifact id: 'fb64df457d8501300efe861f4aba35d4') in 0.0260776 seconds
Number of updated asset objects reloaded before import = 0Number of asset objects unloaded after import = 3

========================================================================
Received Import Request.
  Time since last request: 0.000028 seconds.
  path: Assets/FreeButtonSet/Textures/icons/32x32/message.png
  artifactKey: Guid(858e29a9128a19c4182ce8b02b9c6683) Importer(2089858483,b0f066a214c2f5e87bad3c948f4d605d)
Start importing Assets/FreeButtonSet/Textures/icons/32x32/message.png using Guid(858e29a9128a19c4182ce8b02b9c6683) Importer(2089858483,b0f066a214c2f5e87bad3c948f4d605d) (ScriptedImporter) -> (artifact id: 'ad46e78a062989089a0ef6d53c1593ef') in 0.0244693 seconds
Number of updated asset objects reloaded before import = 0Number of asset objects unloaded after import = 3

========================================================================
Received Import Request.
  Time since last request: 0.000021 seconds.
  path: Assets/FreeButtonSet/Textures/icons/128x128/info.png
  artifactKey: Guid(ff8b06e19a717d14d9ff2546436de761) Importer(2089858483,b0f066a214c2f5e87bad3c948f4d605d)
Start importing Assets/FreeButtonSet/Textures/icons/128x128/info.png using Guid(ff8b06e19a717d14d9ff2546436de761) Importer(2089858483,b0f066a214c2f5e87bad3c948f4d605d) (ScriptedImporter) -> (artifact id: '076124cf9db9ecde61734a9837d94f24') in 0.0242212 seconds
Number of updated asset objects reloaded before import = 0Number of asset objects unloaded after import = 3

========================================================================
Received Import Request.
  Time since last request: 0.000021 seconds.
  path: Assets/Prefabs/UI/DrawingUI.prefab
  artifactKey: Guid(22efcce9b9e447442b121bee554b0a1c) Importer(2089858483,b0f066a214c2f5e87bad3c948f4d605d)
Start importing Assets/Prefabs/UI/DrawingUI.prefab using Guid(22efcce9b9e447442b121bee554b0a1c) Importer(2089858483,b0f066a214c2f5e87bad3c948f4d605d) (ScriptedImporter) -> (artifact id: '1f6e33c102e88f33c628caf74b110c8b') in 0.0425889 seconds
Number of updated asset objects reloaded before import = 0Number of asset objects unloaded after import = 132

========================================================================
Received Import Request.
  Time since last request: 0.000018 seconds.
  path: Assets/FreeButtonSet/Textures/icons/128x128/settings.png
  artifactKey: Guid(19b2b02a9feef8b4fa2f431692a804b5) Importer(2089858483,b0f066a214c2f5e87bad3c948f4d605d)
Start importing Assets/FreeButtonSet/Textures/icons/128x128/settings.png using Guid(19b2b02a9feef8b4fa2f431692a804b5) Importer(2089858483,b0f066a214c2f5e87bad3c948f4d605d) (ScriptedImporter) -> (artifact id: 'a781b17327701ee54531771b2d2d70cc') in 0.0287951 seconds
Number of updated asset objects reloaded before import = 0Number of asset objects unloaded after import = 3

========================================================================
Received Import Request.
  Time since last request: 0.000016 seconds.
  path: Assets/FreeButtonSet/Textures/icons/256x256/speaker.png
  artifactKey: Guid(139c4181e893555468a02df6e9fa5a76) Importer(2089858483,b0f066a214c2f5e87bad3c948f4d605d)
Start importing Assets/FreeButtonSet/Textures/icons/256x256/speaker.png using Guid(139c4181e893555468a02df6e9fa5a76) Importer(2089858483,b0f066a214c2f5e87bad3c948f4d605d) (ScriptedImporter) -> (artifact id: 'e3816d3113342fe6b0e2ada3ccf5858e') in 0.0241023 seconds
Number of updated asset objects reloaded before import = 0Number of asset objects unloaded after import = 3

========================================================================
Received Import Request.
  Time since last request: 0.000018 seconds.
  path: Assets/Models/Motyl/18.png
  artifactKey: Guid(a65d269ac6fa1d447b069be498a787ae) Importer(2089858483,b0f066a214c2f5e87bad3c948f4d605d)
Start importing Assets/Models/Motyl/18.png using Guid(a65d269ac6fa1d447b069be498a787ae) Importer(2089858483,b0f066a214c2f5e87bad3c948f4d605d) (ScriptedImporter) -> (artifact id: '5f0cbf02d559e50e9eeec5e5eff8f821') in 0.0241539 seconds
Number of updated asset objects reloaded before import = 0Number of asset objects unloaded after import = 3

========================================================================
Received Import Request.
  Time since last request: 0.000018 seconds.
  path: Assets/FreeButtonSet/Textures/icons/32x32/checkmark.png
  artifactKey: Guid(433f891bf38fed24d91d68c15aae515d) Importer(2089858483,b0f066a214c2f5e87bad3c948f4d605d)
Start importing Assets/FreeButtonSet/Textures/icons/32x32/checkmark.png using Guid(433f891bf38fed24d91d68c15aae515d) Importer(2089858483,b0f066a214c2f5e87bad3c948f4d605d) (ScriptedImporter) -> (artifact id: '24e4a275164f328a41eaa49c4fa35ca9') in 0.024855 seconds
Number of updated asset objects reloaded before import = 0Number of asset objects unloaded after import = 3

========================================================================
Received Import Request.
  Time since last request: 0.000016 seconds.
  path: Assets/Models/Motyl/Motyl.prefab
  artifactKey: Guid(9b40d6aeef4f32a49ae52f8deb9dda88) Importer(2089858483,b0f066a214c2f5e87bad3c948f4d605d)
Start importing Assets/Models/Motyl/Motyl.prefab using Guid(9b40d6aeef4f32a49ae52f8deb9dda88) Importer(2089858483,b0f066a214c2f5e87bad3c948f4d605d) (ScriptedImporter) -> (artifact id: 'efd1952b07eb00ca1c6d99011c62786d') in 0.0556872 seconds
Number of updated asset objects reloaded before import = 0Number of asset objects unloaded after import = 159

========================================================================
Received Import Request.
  Time since last request: 0.000022 seconds.
  path: Assets/FreeButtonSet/Textures/icons/128x128/message.png
  artifactKey: Guid(bddaa0bb0da741940878ee1c42248a60) Importer(2089858483,b0f066a214c2f5e87bad3c948f4d605d)
Start importing Assets/FreeButtonSet/Textures/icons/128x128/message.png using Guid(bddaa0bb0da741940878ee1c42248a60) Importer(2089858483,b0f066a214c2f5e87bad3c948f4d605d) (ScriptedImporter) -> (artifact id: '66bef6a9eab591cc619986bddb990da6') in 0.0217822 seconds
Number of updated asset objects reloaded before import = 0Number of asset objects unloaded after import = 3

========================================================================
Received Import Request.
  Time since last request: 0.000017 seconds.
  path: Assets/FreeButtonSet/Textures/icons/256x256/message.png
  artifactKey: Guid(d86ebf4784f9d664eaa8c05a23b31f64) Importer(2089858483,b0f066a214c2f5e87bad3c948f4d605d)
Start importing Assets/FreeButtonSet/Textures/icons/256x256/message.png using Guid(d86ebf4784f9d664eaa8c05a23b31f64) Importer(2089858483,b0f066a214c2f5e87bad3c948f4d605d) (ScriptedImporter) -> (artifact id: '27254875d53419a36d9f7a6695bd24b8') in 0.0248213 seconds
Number of updated asset objects reloaded before import = 0Number of asset objects unloaded after import = 3

========================================================================
Received Import Request.
  Time since last request: 0.000019 seconds.
  path: Assets/FreeButtonSet/Textures/icons/256x256/star.png
  artifactKey: Guid(b6a757f6793cb0148a905bea74154284) Importer(2089858483,b0f066a214c2f5e87bad3c948f4d605d)
Start importing Assets/FreeButtonSet/Textures/icons/256x256/star.png using Guid(b6a757f6793cb0148a905bea74154284) Importer(2089858483,b0f066a214c2f5e87bad3c948f4d605d) (ScriptedImporter) -> (artifact id: '43f8625292a01edbf4f61cb492401746') in 0.0219674 seconds
Number of updated asset objects reloaded before import = 0Number of asset objects unloaded after import = 3

========================================================================
Received Import Request.
  Time since last request: 0.000014 seconds.
  path: Assets/FreeButtonSet/Textures/buttons/button_round_220.png
  artifactKey: Guid(9e8274c61673b8a458365832576005b4) Importer(2089858483,b0f066a214c2f5e87bad3c948f4d605d)
Start importing Assets/FreeButtonSet/Textures/buttons/button_round_220.png using Guid(9e8274c61673b8a458365832576005b4) Importer(2089858483,b0f066a214c2f5e87bad3c948f4d605d) (ScriptedImporter) -> (artifact id: '76b0ffd080077c3a51c0e0df19485e04') in 0.0206523 seconds
Number of updated asset objects reloaded before import = 0Number of asset objects unloaded after import = 3

========================================================================
Received Import Request.
  Time since last request: 0.000015 seconds.
  path: Assets/FreeButtonSet/Textures/controls/toggle_bg_200.png
  artifactKey: Guid(c8dec52db7cb0f148b53038d975761ea) Importer(2089858483,b0f066a214c2f5e87bad3c948f4d605d)
Start importing Assets/FreeButtonSet/Textures/controls/toggle_bg_200.png using Guid(c8dec52db7cb0f148b53038d975761ea) Importer(2089858483,b0f066a214c2f5e87bad3c948f4d605d) (ScriptedImporter) -> (artifact id: '8c0601c16f9082e0502f400c33e77e76') in 0.0215702 seconds
Number of updated asset objects reloaded before import = 0Number of asset objects unloaded after import = 3

========================================================================
Received Import Request.
  Time since last request: 0.000017 seconds.
  path: Assets/FreeButtonSet/Textures/icons/64x64/help.png
  artifactKey: Guid(8143f852c3cbb53489177bce8ed0d104) Importer(2089858483,b0f066a214c2f5e87bad3c948f4d605d)
Start importing Assets/FreeButtonSet/Textures/icons/64x64/help.png using Guid(8143f852c3cbb53489177bce8ed0d104) Importer(2089858483,b0f066a214c2f5e87bad3c948f4d605d) (ScriptedImporter) -> (artifact id: '8b00774b366098d056cb9ae87e08a981') in 0.0208726 seconds
Number of updated asset objects reloaded before import = 0Number of asset objects unloaded after import = 3

========================================================================
Received Import Request.
  Time since last request: 0.000016 seconds.
  path: Assets/Samples/Shader Graph/7.1.8/Procedural Patterns/Houndstooth.ShaderSubGraph
  artifactKey: Guid(67a22abd94d077a4282e47a4cc312992) Importer(2089858483,b0f066a214c2f5e87bad3c948f4d605d)
Start importing Assets/Samples/Shader Graph/7.1.8/Procedural Patterns/Houndstooth.ShaderSubGraph using Guid(67a22abd94d077a4282e47a4cc312992) Importer(2089858483,b0f066a214c2f5e87bad3c948f4d605d) (ScriptedImporter) -> (artifact id: 'bd48c7e784843af7324ada37b01f0186') in 0.0130017 seconds
Number of updated asset objects reloaded before import = 0Number of asset objects unloaded after import = 1

========================================================================
Received Import Request.
  Time since last request: 0.000019 seconds.
  path: Assets/FreeButtonSet/Textures/icons/64x64/speaker.png
  artifactKey: Guid(2f01ca04470c3934a848ba73884b019a) Importer(2089858483,b0f066a214c2f5e87bad3c948f4d605d)
Start importing Assets/FreeButtonSet/Textures/icons/64x64/speaker.png using Guid(2f01ca04470c3934a848ba73884b019a) Importer(2089858483,b0f066a214c2f5e87bad3c948f4d605d) (ScriptedImporter) -> (artifact id: '7cc835bcc61eec37bd81bfd6b82bd396') in 0.0297464 seconds
Number of updated asset objects reloaded before import = 0Number of asset objects unloaded after import = 3

========================================================================
Received Import Request.
  Time since last request: 0.000021 seconds.
  path: Assets/Samples/Shader Graph/7.1.8/Procedural Patterns/Zig Zag.ShaderSubGraph
  artifactKey: Guid(1de2640525189284b8e549fd02f813f1) Importer(2089858483,b0f066a214c2f5e87bad3c948f4d605d)
Start importing Assets/Samples/Shader Graph/7.1.8/Procedural Patterns/Zig Zag.ShaderSubGraph using Guid(1de2640525189284b8e549fd02f813f1) Importer(2089858483,b0f066a214c2f5e87bad3c948f4d605d) (ScriptedImporter) -> (artifact id: '46516edf6f16c4e44bcf32802b4d630e') in 0.0117833 seconds
Number of updated asset objects reloaded before import = 0Number of asset objects unloaded after import = 1

========================================================================
Received Import Request.
  Time since last request: 0.000025 seconds.
  path: Assets/Samples/Shader Graph/7.1.8/Procedural Patterns/Herringbone.ShaderSubGraph
  artifactKey: Guid(2779352ef2443b545b86854fa838b877) Importer(2089858483,b0f066a214c2f5e87bad3c948f4d605d)
Start importing Assets/Samples/Shader Graph/7.1.8/Procedural Patterns/Herringbone.ShaderSubGraph using Guid(2779352ef2443b545b86854fa838b877) Importer(2089858483,b0f066a214c2f5e87bad3c948f4d605d) (ScriptedImporter) -> (artifact id: '08baeab3d42e38be057ded6003abb285') in 0.0142476 seconds
Number of updated asset objects reloaded before import = 0Number of asset objects unloaded after import = 1

========================================================================
Received Import Request.
  Time since last request: 0.000049 seconds.
  path: Assets/FreeButtonSet/Textures/icons/64x64/settings.png
  artifactKey: Guid(15c763ef71e34a044933912d647cc1f9) Importer(2089858483,b0f066a214c2f5e87bad3c948f4d605d)
Start importing Assets/FreeButtonSet/Textures/icons/64x64/settings.png using Guid(15c763ef71e34a044933912d647cc1f9) Importer(2089858483,b0f066a214c2f5e87bad3c948f4d605d) (ScriptedImporter) -> (artifact id: '754c798a9341976b0f66cd5b7dbfa216') in 0.0267185 seconds
Number of updated asset objects reloaded before import = 0Number of asset objects unloaded after import = 3

========================================================================
Received Import Request.
  Time since last request: 0.000024 seconds.
  path: Assets/FreeButtonSet/Textures/icons/32x32/x.png
  artifactKey: Guid(9aeac1c0750d43d498b7e62859763888) Importer(2089858483,b0f066a214c2f5e87bad3c948f4d605d)
Start importing Assets/FreeButtonSet/Textures/icons/32x32/x.png using Guid(9aeac1c0750d43d498b7e62859763888) Importer(2089858483,b0f066a214c2f5e87bad3c948f4d605d) (ScriptedImporter) -> (artifact id: '2bddf20474244a75f28980f46e7496e7') in 0.0232212 seconds
Number of updated asset objects reloaded before import = 0Number of asset objects unloaded after import = 3

========================================================================
Received Import Request.
  Time since last request: 0.000027 seconds.
  path: Assets/Samples/Shader Graph/7.1.8/Procedural Patterns/BacteriaSmoothstep.shadersubgraph
  artifactKey: Guid(e3991c0bfe9e06945833b46fb6e56055) Importer(2089858483,b0f066a214c2f5e87bad3c948f4d605d)
Start importing Assets/Samples/Shader Graph/7.1.8/Procedural Patterns/BacteriaSmoothstep.shadersubgraph using Guid(e3991c0bfe9e06945833b46fb6e56055) Importer(2089858483,b0f066a214c2f5e87bad3c948f4d605d) (ScriptedImporter) -> (artifact id: '2f589f1a4c139791513f34138c98ca0e') in 0.0112396 seconds
Number of updated asset objects reloaded before import = 0Number of asset objects unloaded after import = 1

========================================================================
Received Import Request.
  Time since last request: 0.000039 seconds.
  path: Assets/FullTiltBoogie/Materials/Textures/starThreePoints.png
  artifactKey: Guid(0bc1cc6dc33a948cb8127cf88b885008) Importer(2089858483,b0f066a214c2f5e87bad3c948f4d605d)
Start importing Assets/FullTiltBoogie/Materials/Textures/starThreePoints.png using Guid(0bc1cc6dc33a948cb8127cf88b885008) Importer(2089858483,b0f066a214c2f5e87bad3c948f4d605d) (ScriptedImporter) -> (artifact id: '01f6e111a654e676e54e60184185c2c6') in 0.0301581 seconds
Number of updated asset objects reloaded before import = 0Number of asset objects unloaded after import = 1

========================================================================
Received Import Request.
  Time since last request: 0.000040 seconds.
  path: Assets/FreeButtonSet/Textures/icons/256x256/user.png
  artifactKey: Guid(c78d369807d13294aa60a37e1092dc6e) Importer(2089858483,b0f066a214c2f5e87bad3c948f4d605d)
Start importing Assets/FreeButtonSet/Textures/icons/256x256/user.png using Guid(c78d369807d13294aa60a37e1092dc6e) Importer(2089858483,b0f066a214c2f5e87bad3c948f4d605d) (ScriptedImporter) -> (artifact id: '3e2f954dbf2d942cc8cc9f1ed776b83c') in 0.0270198 seconds
Number of updated asset objects reloaded before import = 0Number of asset objects unloaded after import = 3

========================================================================
Received Import Request.
  Time since last request: 0.000020 seconds.
  path: Assets/FreeButtonSet/Textures/icons/32x32/info.png
  artifactKey: Guid(43582e3299335f14fb912e3fbc60e193) Importer(2089858483,b0f066a214c2f5e87bad3c948f4d605d)
Start importing Assets/FreeButtonSet/Textures/icons/32x32/info.png using Guid(43582e3299335f14fb912e3fbc60e193) Importer(2089858483,b0f066a214c2f5e87bad3c948f4d605d) (ScriptedImporter) -> (artifact id: '56038fc27d1a9ce4b2cb2a8e5d25a551') in 0.0280605 seconds
Number of updated asset objects reloaded before import = 0Number of asset objects unloaded after import = 3

========================================================================
Received Import Request.
  Time since last request: 0.000014 seconds.
  path: Assets/FreeButtonSet/Textures/icons/64x64/x.png
  artifactKey: Guid(f83e9462d8dbe654b9dc1ea2294dba0d) Importer(2089858483,b0f066a214c2f5e87bad3c948f4d605d)
Start importing Assets/FreeButtonSet/Textures/icons/64x64/x.png using Guid(f83e9462d8dbe654b9dc1ea2294dba0d) Importer(2089858483,b0f066a214c2f5e87bad3c948f4d605d) (ScriptedImporter) -> (artifact id: '1b447b17e79992ae3bf642ba082fd728') in 0.0284018 seconds
Number of updated asset objects reloaded before import = 0Number of asset objects unloaded after import = 3

========================================================================
Received Import Request.
  Time since last request: 0.000018 seconds.
  path: Assets/FreeButtonSet/Textures/icons/256x256/plus.png
  artifactKey: Guid(aeb77d0c2986cd448a51409c56ad0aff) Importer(2089858483,b0f066a214c2f5e87bad3c948f4d605d)
Start importing Assets/FreeButtonSet/Textures/icons/256x256/plus.png using Guid(aeb77d0c2986cd448a51409c56ad0aff) Importer(2089858483,b0f066a214c2f5e87bad3c948f4d605d) (ScriptedImporter) -> (artifact id: '7ce43bdd8b6fa03b9cc523a826cbe732') in 0.0292784 seconds
Number of updated asset objects reloaded before import = 0Number of asset objects unloaded after import = 3

========================================================================
Received Import Request.
  Time since last request: 0.000017 seconds.
  path: Assets/FreeButtonSet/Textures/icons/64x64/play.png
  artifactKey: Guid(a2f31c578b2fbc1469b71626553cc735) Importer(2089858483,b0f066a214c2f5e87bad3c948f4d605d)
Start importing Assets/FreeButtonSet/Textures/icons/64x64/play.png using Guid(a2f31c578b2fbc1469b71626553cc735) Importer(2089858483,b0f066a214c2f5e87bad3c948f4d605d) (ScriptedImporter) -> (artifact id: '86f13e1b8a16451420e29ca7e305e23d') in 0.0236438 seconds
Number of updated asset objects reloaded before import = 0Number of asset objects unloaded after import = 3

========================================================================
Received Import Request.
  Time since last request: 0.000020 seconds.
  path: Assets/FreeButtonSet/Textures/icons/32x32/share.png
  artifactKey: Guid(f93fb28de2f7a5f4aa6babd1576b7828) Importer(2089858483,b0f066a214c2f5e87bad3c948f4d605d)
Start importing Assets/FreeButtonSet/Textures/icons/32x32/share.png using Guid(f93fb28de2f7a5f4aa6babd1576b7828) Importer(2089858483,b0f066a214c2f5e87bad3c948f4d605d) (ScriptedImporter) -> (artifact id: '1b3885f893db16d48743ac3238e92c3f') in 0.02864 seconds
Number of updated asset objects reloaded before import = 0Number of asset objects unloaded after import = 3

========================================================================
Received Import Request.
  Time since last request: 0.000015 seconds.
  path: Assets/FreeButtonSet/Textures/controls/toggle_bg_100.png
  artifactKey: Guid(aab425c33cbffa54f9b628133d2720b1) Importer(2089858483,b0f066a214c2f5e87bad3c948f4d605d)
Start importing Assets/FreeButtonSet/Textures/controls/toggle_bg_100.png using Guid(aab425c33cbffa54f9b628133d2720b1) Importer(2089858483,b0f066a214c2f5e87bad3c948f4d605d) (ScriptedImporter) -> (artifact id: '145380d81983f294d6ca42563fbef47e') in 0.0244345 seconds
Number of updated asset objects reloaded before import = 0Number of asset objects unloaded after import = 3

========================================================================
Received Import Request.
  Time since last request: 0.000020 seconds.
  path: Assets/FreeButtonSet/Textures/icons/256x256/info.png
  artifactKey: Guid(c3262ee5be33f7e4c8056e8e20b6bdfb) Importer(2089858483,b0f066a214c2f5e87bad3c948f4d605d)
Start importing Assets/FreeButtonSet/Textures/icons/256x256/info.png using Guid(c3262ee5be33f7e4c8056e8e20b6bdfb) Importer(2089858483,b0f066a214c2f5e87bad3c948f4d605d) (ScriptedImporter) -> (artifact id: 'd86944103c4bbbef55fea5df8231ed53') in 0.0277312 seconds
Number of updated asset objects reloaded before import = 0Number of asset objects unloaded after import = 3

========================================================================
Received Import Request.
  Time since last request: 0.000026 seconds.
  path: Assets/FullTiltBoogie/Materials/StarThin.mat
  artifactKey: Guid(ca1f31fbb1fe84c9e9d96da0efe26114) Importer(2089858483,b0f066a214c2f5e87bad3c948f4d605d)
Start importing Assets/FullTiltBoogie/Materials/StarThin.mat using Guid(ca1f31fbb1fe84c9e9d96da0efe26114) Importer(2089858483,b0f066a214c2f5e87bad3c948f4d605d) (ScriptedImporter) -> (artifact id: '4f1967ae9ccd9754fd9f0b23d2adc2bd') in 0.0223123 seconds
Number of updated asset objects reloaded before import = 0Number of asset objects unloaded after import = 2

========================================================================
Received Import Request.
  Time since last request: 0.000018 seconds.
  path: Assets/FullTiltBoogie/Materials/Textures/starSixPoints.png
  artifactKey: Guid(052db63ea497845558470a33c99941fb) Importer(2089858483,b0f066a214c2f5e87bad3c948f4d605d)
Start importing Assets/FullTiltBoogie/Materials/Textures/starSixPoints.png using Guid(052db63ea497845558470a33c99941fb) Importer(2089858483,b0f066a214c2f5e87bad3c948f4d605d) (ScriptedImporter) -> (artifact id: '126dc860393862df56f20c1748e5b19c') in 0.0348635 seconds
Number of updated asset objects reloaded before import = 0Number of asset objects unloaded after import = 1

========================================================================
Received Import Request.
  Time since last request: 0.000037 seconds.
  path: Assets/FreeButtonSet/Textures/controls/toggle_bg_50.png
  artifactKey: Guid(bd38c9e672875e046aaf4d5369356d63) Importer(2089858483,b0f066a214c2f5e87bad3c948f4d605d)
Start importing Assets/FreeButtonSet/Textures/controls/toggle_bg_50.png using Guid(bd38c9e672875e046aaf4d5369356d63) Importer(2089858483,b0f066a214c2f5e87bad3c948f4d605d) (ScriptedImporter) -> (artifact id: '208ea64cf8d3e187647b7db1bd0c5e37') in 0.0274136 seconds
Number of updated asset objects reloaded before import = 0Number of asset objects unloaded after import = 3

========================================================================
Received Import Request.
  Time since last request: 0.000018 seconds.
  path: Assets/Models/Misiu/1.png
  artifactKey: Guid(05f6018a18af5a74da0dabe41b2adfab) Importer(2089858483,b0f066a214c2f5e87bad3c948f4d605d)
Start importing Assets/Models/Misiu/1.png using Guid(05f6018a18af5a74da0dabe41b2adfab) Importer(2089858483,b0f066a214c2f5e87bad3c948f4d605d) (ScriptedImporter) -> (artifact id: 'b799af453bd2bd611ec006804d711faa') in 0.0235025 seconds
Number of updated asset objects reloaded before import = 0Number of asset objects unloaded after import = 3

========================================================================
Received Import Request.
  Time since last request: 0.000015 seconds.
  path: Assets/FullTiltBoogie/Prefabs/VfxFloorCracks.prefab
  artifactKey: Guid(26b77f0fd87cf4c3cad946a4ddd18e35) Importer(2089858483,b0f066a214c2f5e87bad3c948f4d605d)
Start importing Assets/FullTiltBoogie/Prefabs/VfxFloorCracks.prefab using Guid(26b77f0fd87cf4c3cad946a4ddd18e35) Importer(2089858483,b0f066a214c2f5e87bad3c948f4d605d) (ScriptedImporter) -> (artifact id: 'a86f9a332003cfeb0828fb63cd5577d7') in 0.0766141 seconds
Number of updated asset objects reloaded before import = 0Number of asset objects unloaded after import = 10

========================================================================
Received Import Request.
  Time since last request: 0.000017 seconds.
  path: Assets/Models/Misiu/13.png
  artifactKey: Guid(08bdcff2a70a2d945807af7e5a6559ae) Importer(2089858483,b0f066a214c2f5e87bad3c948f4d605d)
Start importing Assets/Models/Misiu/13.png using Guid(08bdcff2a70a2d945807af7e5a6559ae) Importer(2089858483,b0f066a214c2f5e87bad3c948f4d605d) (ScriptedImporter) -> (artifact id: 'dbc2d74ff54ce924e23fe15244c7ba1e') in 0.0244318 seconds
Number of updated asset objects reloaded before import = 0Number of asset objects unloaded after import = 3

========================================================================
Received Import Request.
  Time since last request: 0.000018 seconds.
  path: Assets/Plugins/NativeGallery/Android/NGMediaReceiveCallbackAndroid.cs
  artifactKey: Guid(4c18d702b07a63945968db47201b95c9) Importer(2089858483,b0f066a214c2f5e87bad3c948f4d605d)
Start importing Assets/Plugins/NativeGallery/Android/NGMediaReceiveCallbackAndroid.cs using Guid(4c18d702b07a63945968db47201b95c9) Importer(2089858483,b0f066a214c2f5e87bad3c948f4d605d) (ScriptedImporter) -> (artifact id: '389e1a27a410f0465acc4cc529548816') in 0.0145606 seconds
Number of updated asset objects reloaded before import = 0Number of asset objects unloaded after import = 0

========================================================================
Received Import Request.
  Time since last request: 0.000064 seconds.
  path: Assets/FullTiltBoogie/Prefabs/VfxStarWide.prefab
  artifactKey: Guid(d350ad29b27c64ecbad769fd1feff30a) Importer(2089858483,b0f066a214c2f5e87bad3c948f4d605d)
Start importing Assets/FullTiltBoogie/Prefabs/VfxStarWide.prefab using Guid(d350ad29b27c64ecbad769fd1feff30a) Importer(2089858483,b0f066a214c2f5e87bad3c948f4d605d) (ScriptedImporter) -> (artifact id: '9ba476208ab59d47d259b4a8a02adeb1') in 0.0696081 seconds
Number of updated asset objects reloaded before import = 0Number of asset objects unloaded after import = 6

========================================================================
Received Import Request.
  Time since last request: 0.000017 seconds.
  path: Assets/Prefabs/UI/Play.prefab
  artifactKey: Guid(a612b860478c41147ab6b71acd8112b5) Importer(2089858483,b0f066a214c2f5e87bad3c948f4d605d)
Start importing Assets/Prefabs/UI/Play.prefab using Guid(a612b860478c41147ab6b71acd8112b5) Importer(2089858483,b0f066a214c2f5e87bad3c948f4d605d) (ScriptedImporter) -> (artifact id: '346cb1092b983f550fb7d28133b649cf') in 0.0401325 seconds
Number of updated asset objects reloaded before import = 0Number of asset objects unloaded after import = 18

========================================================================
Received Import Request.
  Time since last request: 0.000016 seconds.
  path: Assets/Models/GIraffe/26.png
  artifactKey: Guid(72172c28b82db3344bcc9636d850e3f4) Importer(2089858483,b0f066a214c2f5e87bad3c948f4d605d)
Start importing Assets/Models/GIraffe/26.png using Guid(72172c28b82db3344bcc9636d850e3f4) Importer(2089858483,b0f066a214c2f5e87bad3c948f4d605d) (ScriptedImporter) -> (artifact id: '9a5efab87f88312ec6864207e5b6f9cc') in 0.02153 seconds
Number of updated asset objects reloaded before import = 0Number of asset objects unloaded after import = 3

========================================================================
Received Import Request.
  Time since last request: 0.000019 seconds.
  path: Assets/FreeButtonSet/Textures/buttons/button_100.png
  artifactKey: Guid(47eaa4f43430bf14f996b113a313b0cc) Importer(2089858483,b0f066a214c2f5e87bad3c948f4d605d)
Start importing Assets/FreeButtonSet/Textures/buttons/button_100.png using Guid(47eaa4f43430bf14f996b113a313b0cc) Importer(2089858483,b0f066a214c2f5e87bad3c948f4d605d) (ScriptedImporter) -> (artifact id: '7c9d1ed12ecef8235054a165aede6742') in 0.0248672 seconds
Number of updated asset objects reloaded before import = 0Number of asset objects unloaded after import = 3

========================================================================
Received Import Request.
  Time since last request: 0.000020 seconds.
  path: Assets/Models/GIraffe/2.png
  artifactKey: Guid(2079800d6461e764b82a2b7104ce0e74) Importer(2089858483,b0f066a214c2f5e87bad3c948f4d605d)
Start importing Assets/Models/GIraffe/2.png using Guid(2079800d6461e764b82a2b7104ce0e74) Importer(2089858483,b0f066a214c2f5e87bad3c948f4d605d) (ScriptedImporter) -> (artifact id: 'de191030ac771507fb0388d21896fad7') in 0.022868 seconds
Number of updated asset objects reloaded before import = 0Number of asset objects unloaded after import = 3

========================================================================
Received Import Request.
  Time since last request: 0.000019 seconds.
  path: Assets/UI/Pencils/Gray.png
  artifactKey: Guid(80c89667ba1db554da90317372d5a630) Importer(2089858483,b0f066a214c2f5e87bad3c948f4d605d)
Start importing Assets/UI/Pencils/Gray.png using Guid(80c89667ba1db554da90317372d5a630) Importer(2089858483,b0f066a214c2f5e87bad3c948f4d605d) (ScriptedImporter) -> (artifact id: 'f2c8ef8d9cc10505b5bc7c2cf3648bea') in 0.0232439 seconds
Number of updated asset objects reloaded before import = 0Number of asset objects unloaded after import = 3

========================================================================
Received Import Request.
  Time since last request: 0.000020 seconds.
  path: Assets/FreeButtonSet/Textures/icons/32x32/arrow_up.png
  artifactKey: Guid(e79549f1ff9d02e49aec7ac82e66592a) Importer(2089858483,b0f066a214c2f5e87bad3c948f4d605d)
Start importing Assets/FreeButtonSet/Textures/icons/32x32/arrow_up.png using Guid(e79549f1ff9d02e49aec7ac82e66592a) Importer(2089858483,b0f066a214c2f5e87bad3c948f4d605d) (ScriptedImporter) -> (artifact id: '8ff73fafbb900ea6b3c428e5dc42b7e5') in 0.0246812 seconds
Number of updated asset objects reloaded before import = 0Number of asset objects unloaded after import = 3

========================================================================
Received Import Request.
  Time since last request: 0.000029 seconds.
  path: Assets/FreeButtonSet/Textures/icons/32x32/play.png
  artifactKey: Guid(77e80d9dad76e74469ce748b77cdbe1a) Importer(2089858483,b0f066a214c2f5e87bad3c948f4d605d)
Start importing Assets/FreeButtonSet/Textures/icons/32x32/play.png using Guid(77e80d9dad76e74469ce748b77cdbe1a) Importer(2089858483,b0f066a214c2f5e87bad3c948f4d605d) (ScriptedImporter) -> (artifact id: '397b17c1c1036092b7a4ff8059513b64') in 0.023065 seconds
Number of updated asset objects reloaded before import = 0Number of asset objects unloaded after import = 3

========================================================================
Received Import Request.
  Time since last request: 0.000014 seconds.
  path: Assets/Models/GIraffe/28.png
  artifactKey: Guid(4c7e6613f3b69864cb25a0d13b3a48f8) Importer(2089858483,b0f066a214c2f5e87bad3c948f4d605d)
Start importing Assets/Models/GIraffe/28.png using Guid(4c7e6613f3b69864cb25a0d13b3a48f8) Importer(2089858483,b0f066a214c2f5e87bad3c948f4d605d) (ScriptedImporter) -> (artifact id: 'bc2a9819537cb294ecb4838f3f06865d') in 0.0235957 seconds
Number of updated asset objects reloaded before import = 0Number of asset objects unloaded after import = 3

========================================================================
Received Import Request.
  Time since last request: 0.000018 seconds.
  path: Assets/FreeButtonSet/Textures/icons/128x128/heart.png
  artifactKey: Guid(6d9f5fb6855ea5f45abfe0b211851ed2) Importer(2089858483,b0f066a214c2f5e87bad3c948f4d605d)
Start importing Assets/FreeButtonSet/Textures/icons/128x128/heart.png using Guid(6d9f5fb6855ea5f45abfe0b211851ed2) Importer(2089858483,b0f066a214c2f5e87bad3c948f4d605d) (ScriptedImporter) -> (artifact id: '56b6783b231f755bd38e23b519cb417d') in 0.0206374 seconds
Number of updated asset objects reloaded before import = 0Number of asset objects unloaded after import = 3

========================================================================
Received Import Request.
  Time since last request: 0.000017 seconds.
  path: Assets/FullTiltBoogie/Materials/Textures/starSixPointsThin.png
  artifactKey: Guid(357d42e34de2043329cb970594cc606d) Importer(2089858483,b0f066a214c2f5e87bad3c948f4d605d)
Start importing Assets/FullTiltBoogie/Materials/Textures/starSixPointsThin.png using Guid(357d42e34de2043329cb970594cc606d) Importer(2089858483,b0f066a214c2f5e87bad3c948f4d605d) (ScriptedImporter) -> (artifact id: '0aba5e5ced0316b9d2383524186b8774') in 0.0297907 seconds
Number of updated asset objects reloaded before import = 0Number of asset objects unloaded after import = 1

========================================================================
Received Import Request.
  Time since last request: 0.000097 seconds.
  path: Assets/FullTiltBoogie/SCENES/ParticleEffectExamples.unity
  artifactKey: Guid(4f1f38990d5c24b4aaaba3fa1e642aa4) Importer(2089858483,b0f066a214c2f5e87bad3c948f4d605d)
Start importing Assets/FullTiltBoogie/SCENES/ParticleEffectExamples.unity using Guid(4f1f38990d5c24b4aaaba3fa1e642aa4) Importer(2089858483,b0f066a214c2f5e87bad3c948f4d605d) (ScriptedImporter) -> (artifact id: 'ab73abef37651fc3aef07c5b97c0fb9a') in 0.0190377 seconds
Number of updated asset objects reloaded before import = 0Number of asset objects unloaded after import = 1

========================================================================
Received Import Request.
  Time since last request: 0.000051 seconds.
  path: Assets/UI/Pencils/Orange.png
  artifactKey: Guid(9d3d04434f15e0d43b95c00bc42518dd) Importer(2089858483,b0f066a214c2f5e87bad3c948f4d605d)
Start importing Assets/UI/Pencils/Orange.png using Guid(9d3d04434f15e0d43b95c00bc42518dd) Importer(2089858483,b0f066a214c2f5e87bad3c948f4d605d) (ScriptedImporter) -> (artifact id: '40487c0eb650342d7e63d3c7a6f1c883') in 0.0255047 seconds
Number of updated asset objects reloaded before import = 0Number of asset objects unloaded after import = 3

========================================================================
Received Import Request.
  Time since last request: 0.000016 seconds.
  path: Assets/Models/Misiu/32.png
  artifactKey: Guid(f75a12779cdd0d54994611da4397c11c) Importer(2089858483,b0f066a214c2f5e87bad3c948f4d605d)
Start importing Assets/Models/Misiu/32.png using Guid(f75a12779cdd0d54994611da4397c11c) Importer(2089858483,b0f066a214c2f5e87bad3c948f4d605d) (ScriptedImporter) -> (artifact id: '4a907498f25ec068a16f5fec3d987b0e') in 0.0259781 seconds
Number of updated asset objects reloaded before import = 0Number of asset objects unloaded after import = 3

========================================================================
Received Import Request.
  Time since last request: 0.000021 seconds.
  path: Assets/FullTiltBoogie/SCENES/Example.unity
  artifactKey: Guid(fc7471c908cd74346aa0d6a8cf155212) Importer(2089858483,b0f066a214c2f5e87bad3c948f4d605d)
Start importing Assets/FullTiltBoogie/SCENES/Example.unity using Guid(fc7471c908cd74346aa0d6a8cf155212) Importer(2089858483,b0f066a214c2f5e87bad3c948f4d605d) (ScriptedImporter) -> (artifact id: '3762c96bbcfd383461662b164a9fb8ed') in 0.0121234 seconds
Number of updated asset objects reloaded before import = 0Number of asset objects unloaded after import = 1

========================================================================
Received Import Request.
  Time since last request: 0.000046 seconds.
  path: Assets/Models/GIraffe/1.png
  artifactKey: Guid(d4638b85d12450344b4c7bf4ce036360) Importer(2089858483,b0f066a214c2f5e87bad3c948f4d605d)
Start importing Assets/Models/GIraffe/1.png using Guid(d4638b85d12450344b4c7bf4ce036360) Importer(2089858483,b0f066a214c2f5e87bad3c948f4d605d) (ScriptedImporter) -> (artifact id: '773f29800697e9cef50b90d7cdd853d9') in 0.022965 seconds
Number of updated asset objects reloaded before import = 0Number of asset objects unloaded after import = 3

========================================================================
Received Import Request.
  Time since last request: 0.000021 seconds.
  path: Assets/FullTiltBoogie/Materials/StarWide.mat
  artifactKey: Guid(42bc46fc022af47dc8e0896dc58f47c6) Importer(2089858483,b0f066a214c2f5e87bad3c948f4d605d)
Start importing Assets/FullTiltBoogie/Materials/StarWide.mat using Guid(42bc46fc022af47dc8e0896dc58f47c6) Importer(2089858483,b0f066a214c2f5e87bad3c948f4d605d) (ScriptedImporter) -> (artifact id: '759b9275612a7a054a0f07402b868570') in 0.0272821 seconds
Number of updated asset objects reloaded before import = 0Number of asset objects unloaded after import = 2

========================================================================
Received Prepare
Begin MonoManager ReloadAssembly
ADTM: Control thread waiting for realtime thread timed out, have to lock...
- Loaded All Assemblies, in  1.435 seconds
Refreshing native plugins compatible for Editor in 0.53 ms, found 2 plugins.
Native extension for Android target not found
Native extension for WindowsStandalone target not found
Native extension for WebGL target not found
[Package Manager] Failed to launch server process. Reason: Unity was launched with the -noUpm command-line argument
[Package Manager] Unable to send message (not connected to server process).
[Package Manager] Cannot connect to Unity Package Manager local server
ScheduleIndexationOnStartup MainProcess:False IndexOnStartup:True
Mono: successfully reloaded assembly
- Finished resetting the current domain, in  0.520 seconds
Domain Reload Profiling: 1953ms
	BeginReloadAssembly (1178ms)
		ExecutionOrderSort (0ms)
		DisableScriptedObjects (6ms)
		BackupInstance (0ms)
		ReleaseScriptingObjects (0ms)
		CreateAndSetChildDomain (1049ms)
	RebuildCommonClasses (32ms)
	RebuildNativeTypeToScriptingClass (12ms)
	initialDomainReloadingComplete (21ms)
	LoadAllAssembliesAndSetupDomain (190ms)
		LoadAssemblies (217ms)
		RebuildTransferFunctionScriptingTraits (0ms)
		AnalyzeDomain (57ms)
			TypeCache.Refresh (5ms)
				TypeCache.ScanAssembly (0ms)
			BuildScriptInfoCaches (47ms)
			ResolveRequiredComponents (2ms)
	FinalizeReload (520ms)
		ReleaseScriptCaches (0ms)
		RebuildScriptCaches (0ms)
		SetupLoadedEditorAssemblies (423ms)
			LogAssemblyErrors (0ms)
			InitializePlatformSupportModulesInManaged (9ms)
			SetLoadedEditorAssemblies (5ms)
			BeforeProcessingInitializeOnLoad (118ms)
			ProcessInitializeOnLoadAttributes (246ms)
			ProcessInitializeOnLoadMethodAttributes (40ms)
			AfterProcessingInitializeOnLoad (5ms)
			EditorAssembliesLoaded (0ms)
		ExecutionOrderSort2 (0ms)
		AwakeInstancesAfterBackupRestoration (7ms)
Refreshing native plugins compatible for Editor in 0.54 ms, found 2 plugins.
Preloading 0 native plugins for Editor in 0.00 ms.
Unloading 0 Unused Serialized files (Serialized files now loaded: 0)
Unloading 1955 unused Assets / (507.4 KB). Loaded Objects now: 2561.
Memory consumption went from 81.0 MB to 80.5 MB.
Total: 4.566300 ms (FindLiveObjects: 0.189300 ms CreateObjectMapping: 0.075700 ms MarkObjects: 3.916800 ms  DeleteObjects: 0.383800 ms)

Prepare: number of updated asset objects reloaded= 0
========================================================================
Received Prepare
Begin MonoManager ReloadAssembly
ADTM: Control thread waiting for realtime thread timed out, have to lock...
- Loaded All Assemblies, in  1.424 seconds
Refreshing native plugins compatible for Editor in 0.55 ms, found 2 plugins.
Native extension for Android target not found
Native extension for WindowsStandalone target not found
Native extension for WebGL target not found
[Package Manager] Failed to launch server process. Reason: Unity was launched with the -noUpm command-line argument
[Package Manager] Unable to send message (not connected to server process).
[Package Manager] Cannot connect to Unity Package Manager local server
ScheduleIndexationOnStartup MainProcess:False IndexOnStartup:True
Mono: successfully reloaded assembly
- Finished resetting the current domain, in  0.520 seconds
Domain Reload Profiling: 1942ms
	BeginReloadAssembly (1169ms)
		ExecutionOrderSort (0ms)
		DisableScriptedObjects (7ms)
		BackupInstance (0ms)
		ReleaseScriptingObjects (0ms)
		CreateAndSetChildDomain (1044ms)
	RebuildCommonClasses (30ms)
	RebuildNativeTypeToScriptingClass (11ms)
	initialDomainReloadingComplete (20ms)
	LoadAllAssembliesAndSetupDomain (194ms)
		LoadAssemblies (209ms)
		RebuildTransferFunctionScriptingTraits (0ms)
		AnalyzeDomain (64ms)
			TypeCache.Refresh (6ms)
				TypeCache.ScanAssembly (1ms)
			BuildScriptInfoCaches (54ms)
			ResolveRequiredComponents (2ms)
	FinalizeReload (520ms)
		ReleaseScriptCaches (0ms)
		RebuildScriptCaches (0ms)
		SetupLoadedEditorAssemblies (422ms)
			LogAssemblyErrors (0ms)
			InitializePlatformSupportModulesInManaged (9ms)
			SetLoadedEditorAssemblies (5ms)
			BeforeProcessingInitializeOnLoad (121ms)
			ProcessInitializeOnLoadAttributes (241ms)
			ProcessInitializeOnLoadMethodAttributes (41ms)
			AfterProcessingInitializeOnLoad (5ms)
			EditorAssembliesLoaded (0ms)
		ExecutionOrderSort2 (0ms)
		AwakeInstancesAfterBackupRestoration (6ms)
Refreshing native plugins compatible for Editor in 0.59 ms, found 2 plugins.
Preloading 0 native plugins for Editor in 0.00 ms.
Unloading 0 Unused Serialized files (Serialized files now loaded: 0)
Unloading 1950 unused Assets / (378.7 KB). Loaded Objects now: 2562.
Memory consumption went from 80.9 MB to 80.6 MB.
Total: 4.398200 ms (FindLiveObjects: 0.176200 ms CreateObjectMapping: 0.074500 ms MarkObjects: 3.851200 ms  DeleteObjects: 0.295900 ms)

Prepare: number of updated asset objects reloaded= 0
========================================================================
Received Prepare
[Licensing::Client] Successfully resolved entitlement details
[Licensing::Module] License group:
  Id: F4-764U-JDE6-AHCT-U6ZM-XXXX
  Product: Unity Personal
  Type: ULF
  Expiration: Unlimited
[Licensing::Module] License group:
  Id: 9071118640825-UnityPersXXXX
  Product: Unity Personal
  Type: Assigned
  Expiration: Unlimited
Begin MonoManager ReloadAssembly
[Licensing::Client] Successfully resolved entitlement details
[Licensing::Module] License group:
  Id: F4-764U-JDE6-AHCT-U6ZM-XXXX
  Product: Unity Personal
  Type: ULF
  Expiration: Unlimited
[Licensing::Module] License group:
  Id: 9071118640825-UnityPersXXXX
  Product: Unity Personal
  Type: Assigned
  Expiration: Unlimited
ADTM: Control thread waiting for realtime thread timed out, have to lock...
- Loaded All Assemblies, in  1.424 seconds
Refreshing native plugins compatible for Editor in 0.53 ms, found 2 plugins.
Native extension for Android target not found
Native extension for WindowsStandalone target not found
Native extension for WebGL target not found
ScheduleIndexationOnStartup MainProcess:False IndexOnStartup:True
Mono: successfully reloaded assembly
- Finished resetting the current domain, in  0.522 seconds
Domain Reload Profiling: 1945ms
	BeginReloadAssembly (1176ms)
		ExecutionOrderSort (0ms)
		DisableScriptedObjects (7ms)
		BackupInstance (0ms)
		ReleaseScriptingObjects (0ms)
		CreateAndSetChildDomain (1050ms)
	RebuildCommonClasses (30ms)
	RebuildNativeTypeToScriptingClass (12ms)
	initialDomainReloadingComplete (21ms)
	LoadAllAssembliesAndSetupDomain (183ms)
		LoadAssemblies (210ms)
		RebuildTransferFunctionScriptingTraits (0ms)
		AnalyzeDomain (54ms)
			TypeCache.Refresh (5ms)
				TypeCache.ScanAssembly (0ms)
			BuildScriptInfoCaches (45ms)
			ResolveRequiredComponents (2ms)
	FinalizeReload (523ms)
		ReleaseScriptCaches (0ms)
		RebuildScriptCaches (0ms)
		SetupLoadedEditorAssemblies (423ms)
			LogAssemblyErrors (0ms)
			InitializePlatformSupportModulesInManaged (9ms)
			SetLoadedEditorAssemblies (5ms)
			BeforeProcessingInitializeOnLoad (119ms)
			ProcessInitializeOnLoadAttributes (247ms)
			ProcessInitializeOnLoadMethodAttributes (40ms)
			AfterProcessingInitializeOnLoad (4ms)
			EditorAssembliesLoaded (0ms)
		ExecutionOrderSort2 (0ms)
		AwakeInstancesAfterBackupRestoration (6ms)
Refreshing native plugins compatible for Editor in 0.57 ms, found 2 plugins.
Preloading 0 native plugins for Editor in 0.00 ms.
Unloading 0 Unused Serialized files (Serialized files now loaded: 0)
Unloading 1593 unused Assets / (341.8 KB). Loaded Objects now: 2206.
Memory consumption went from 79.8 MB to 79.4 MB.
Total: 4.908500 ms (FindLiveObjects: 0.159800 ms CreateObjectMapping: 0.062000 ms MarkObjects: 4.386000 ms  DeleteObjects: 0.300300 ms)

Prepare: number of updated asset objects reloaded= 0
========================================================================
Received Prepare
Begin MonoManager ReloadAssembly
ADTM: Control thread waiting for realtime thread timed out, have to lock...
- Loaded All Assemblies, in  1.424 seconds
Refreshing native plugins compatible for Editor in 0.55 ms, found 2 plugins.
Native extension for Android target not found
Native extension for WindowsStandalone target not found
Native extension for WebGL target not found
ScheduleIndexationOnStartup MainProcess:False IndexOnStartup:True
Mono: successfully reloaded assembly
- Finished resetting the current domain, in  0.531 seconds
Domain Reload Profiling: 1953ms
	BeginReloadAssembly (1176ms)
		ExecutionOrderSort (0ms)
		DisableScriptedObjects (6ms)
		BackupInstance (0ms)
		ReleaseScriptingObjects (0ms)
		CreateAndSetChildDomain (1049ms)
	RebuildCommonClasses (30ms)
	RebuildNativeTypeToScriptingClass (12ms)
	initialDomainReloadingComplete (21ms)
	LoadAllAssembliesAndSetupDomain (183ms)
		LoadAssemblies (210ms)
		RebuildTransferFunctionScriptingTraits (0ms)
		AnalyzeDomain (55ms)
			TypeCache.Refresh (10ms)
				TypeCache.ScanAssembly (5ms)
			BuildScriptInfoCaches (41ms)
			ResolveRequiredComponents (2ms)
	FinalizeReload (531ms)
		ReleaseScriptCaches (0ms)
		RebuildScriptCaches (0ms)
		SetupLoadedEditorAssemblies (431ms)
			LogAssemblyErrors (0ms)
			InitializePlatformSupportModulesInManaged (10ms)
			SetLoadedEditorAssemblies (4ms)
			BeforeProcessingInitializeOnLoad (123ms)
			ProcessInitializeOnLoadAttributes (248ms)
			ProcessInitializeOnLoadMethodAttributes (40ms)
			AfterProcessingInitializeOnLoad (5ms)
			EditorAssembliesLoaded (0ms)
		ExecutionOrderSort2 (0ms)
		AwakeInstancesAfterBackupRestoration (7ms)
Refreshing native plugins compatible for Editor in 0.62 ms, found 2 plugins.
Preloading 0 native plugins for Editor in 0.00 ms.
Unloading 0 Unused Serialized files (Serialized files now loaded: 0)
Unloading 1593 unused Assets / (326.9 KB). Loaded Objects now: 2207.
Memory consumption went from 79.7 MB to 79.3 MB.
Total: 4.526500 ms (FindLiveObjects: 0.166700 ms CreateObjectMapping: 0.066600 ms MarkObjects: 3.981500 ms  DeleteObjects: 0.311200 ms)

Prepare: number of updated asset objects reloaded= 0
========================================================================
Received Prepare
Begin MonoManager ReloadAssembly
ADTM: Control thread waiting for realtime thread timed out, have to lock...
- Loaded All Assemblies, in  1.417 seconds
Refreshing native plugins compatible for Editor in 0.69 ms, found 2 plugins.
Native extension for Android target not found
Native extension for WindowsStandalone target not found
Native extension for WebGL target not found
ScheduleIndexationOnStartup MainProcess:False IndexOnStartup:True
Mono: successfully reloaded assembly
- Finished resetting the current domain, in  0.518 seconds
Domain Reload Profiling: 1934ms
	BeginReloadAssembly (1170ms)
		ExecutionOrderSort (0ms)
		DisableScriptedObjects (6ms)
		BackupInstance (0ms)
		ReleaseScriptingObjects (0ms)
		CreateAndSetChildDomain (1041ms)
	RebuildCommonClasses (30ms)
	RebuildNativeTypeToScriptingClass (11ms)
	initialDomainReloadingComplete (22ms)
	LoadAllAssembliesAndSetupDomain (183ms)
		LoadAssemblies (213ms)
		RebuildTransferFunctionScriptingTraits (0ms)
		AnalyzeDomain (53ms)
			TypeCache.Refresh (7ms)
				TypeCache.ScanAssembly (1ms)
			BuildScriptInfoCaches (42ms)
			ResolveRequiredComponents (2ms)
	FinalizeReload (519ms)
		ReleaseScriptCaches (0ms)
		RebuildScriptCaches (0ms)
		SetupLoadedEditorAssemblies (419ms)
			LogAssemblyErrors (0ms)
			InitializePlatformSupportModulesInManaged (9ms)
			SetLoadedEditorAssemblies (4ms)
			BeforeProcessingInitializeOnLoad (117ms)
			ProcessInitializeOnLoadAttributes (243ms)
			ProcessInitializeOnLoadMethodAttributes (41ms)
			AfterProcessingInitializeOnLoad (5ms)
			EditorAssembliesLoaded (0ms)
		ExecutionOrderSort2 (0ms)
		AwakeInstancesAfterBackupRestoration (8ms)
Refreshing native plugins compatible for Editor in 0.61 ms, found 2 plugins.
Preloading 0 native plugins for Editor in 0.00 ms.
Unloading 0 Unused Serialized files (Serialized files now loaded: 0)
Unloading 1593 unused Assets / (310.6 KB). Loaded Objects now: 2208.
Memory consumption went from 79.7 MB to 79.4 MB.
Total: 4.752300 ms (FindLiveObjects: 0.175200 ms CreateObjectMapping: 0.067500 ms MarkObjects: 4.211600 ms  DeleteObjects: 0.297000 ms)

Prepare: number of updated asset objects reloaded= 0
========================================================================
Received Prepare
Begin MonoManager ReloadAssembly
ADTM: Control thread waiting for realtime thread timed out, have to lock...
- Loaded All Assemblies, in  1.450 seconds
Refreshing native plugins compatible for Editor in 0.61 ms, found 2 plugins.
Native extension for Android target not found
Native extension for WindowsStandalone target not found
Native extension for WebGL target not found
ScheduleIndexationOnStartup MainProcess:False IndexOnStartup:True
Mono: successfully reloaded assembly
- Finished resetting the current domain, in  0.582 seconds
Domain Reload Profiling: 2031ms
	BeginReloadAssembly (1182ms)
		ExecutionOrderSort (0ms)
		DisableScriptedObjects (6ms)
		BackupInstance (0ms)
		ReleaseScriptingObjects (0ms)
		CreateAndSetChildDomain (1044ms)
	RebuildCommonClasses (33ms)
	RebuildNativeTypeToScriptingClass (11ms)
	initialDomainReloadingComplete (22ms)
	LoadAllAssembliesAndSetupDomain (200ms)
		LoadAssemblies (231ms)
		RebuildTransferFunctionScriptingTraits (0ms)
		AnalyzeDomain (60ms)
			TypeCache.Refresh (5ms)
				TypeCache.ScanAssembly (0ms)
			BuildScriptInfoCaches (50ms)
			ResolveRequiredComponents (3ms)
	FinalizeReload (582ms)
		ReleaseScriptCaches (0ms)
		RebuildScriptCaches (0ms)
		SetupLoadedEditorAssemblies (472ms)
			LogAssemblyErrors (0ms)
			InitializePlatformSupportModulesInManaged (10ms)
			SetLoadedEditorAssemblies (4ms)
			BeforeProcessingInitializeOnLoad (137ms)
			ProcessInitializeOnLoadAttributes (272ms)
			ProcessInitializeOnLoadMethodAttributes (43ms)
			AfterProcessingInitializeOnLoad (6ms)
			EditorAssembliesLoaded (0ms)
		ExecutionOrderSort2 (0ms)
		AwakeInstancesAfterBackupRestoration (7ms)
Refreshing native plugins compatible for Editor in 0.60 ms, found 2 plugins.
Preloading 0 native plugins for Editor in 0.00 ms.
Unloading 0 Unused Serialized files (Serialized files now loaded: 0)
Unloading 1593 unused Assets / (351.1 KB). Loaded Objects now: 2209.
Memory consumption went from 79.7 MB to 79.3 MB.
Total: 5.611100 ms (FindLiveObjects: 0.194500 ms CreateObjectMapping: 0.065300 ms MarkObjects: 5.024700 ms  DeleteObjects: 0.325500 ms)

Prepare: number of updated asset objects reloaded= 0
========================================================================
Received Import Request.
  Time since last request: 159.465367 seconds.
  path: Assets/Materials/BoardMat.mat
  artifactKey: Guid(8aeed4ddd7e613c44a780e6460b7f3b0) Importer(815301076,1909f56bfc062723c751e8b465ee728b)
Start importing Assets/Materials/BoardMat.mat using Guid(8aeed4ddd7e613c44a780e6460b7f3b0) Importer(815301076,1909f56bfc062723c751e8b465ee728b) (PreviewImporter) -> (artifact id: 'ee87a1e5972cac1f0aaabd27514a5603') in 0.105967 seconds
Number of updated asset objects reloaded before import = 0Number of asset objects unloaded after import = 1

========================================================================
Received Import Request.
  Time since last request: 0.000023 seconds.
  path: Assets/Materials/Region28_MaskedPaint.mat
  artifactKey: Guid(f5f9a5491e4afeb4ba94cafb57f231b1) Importer(815301076,1909f56bfc062723c751e8b465ee728b)
Start importing Assets/Materials/Region28_MaskedPaint.mat using Guid(f5f9a5491e4afeb4ba94cafb57f231b1) Importer(815301076,1909f56bfc062723c751e8b465ee728b) (PreviewImporter) -> (artifact id: '82a0b3bbe15b8d0738174bd876f9f84d') in 0.1580071 seconds
Number of updated asset objects reloaded before import = 0Number of asset objects unloaded after import = 3

========================================================================
Received Import Request.
  Time since last request: 0.000021 seconds.
  path: Assets/FullTiltBoogie/Materials/BokehQuintAlpha.mat
  artifactKey: Guid(e36af38d80f164e0b9560f83712da8a2) Importer(815301076,1909f56bfc062723c751e8b465ee728b)
Start importing Assets/FullTiltBoogie/Materials/BokehQuintAlpha.mat using Guid(e36af38d80f164e0b9560f83712da8a2) Importer(815301076,1909f56bfc062723c751e8b465ee728b) (PreviewImporter) -> (artifact id: '226551269e0f5e928c740e3392ed53ae') in 0.0439825 seconds
Number of updated asset objects reloaded before import = 0Number of asset objects unloaded after import = 2

========================================================================
Received Import Request.
  Time since last request: 0.000019 seconds.
  path: Assets/FullTiltBoogie/Materials/LightningBoltsAlpha.mat
  artifactKey: Guid(bf0cfc1c08fb4e64f996747d421f246d) Importer(815301076,1909f56bfc062723c751e8b465ee728b)
Start importing Assets/FullTiltBoogie/Materials/LightningBoltsAlpha.mat using Guid(bf0cfc1c08fb4e64f996747d421f246d) Importer(815301076,1909f56bfc062723c751e8b465ee728b) (PreviewImporter) -> (artifact id: 'dbdac400ca3286b901fdb4b2f0c5c6f1') in 0.0257583 seconds
Number of updated asset objects reloaded before import = 0Number of asset objects unloaded after import = 2

========================================================================
Received Import Request.
  Time since last request: 0.000012 seconds.
  path: Assets/FullTiltBoogie/Materials/BokehQuint.mat
  artifactKey: Guid(2457b0d8c738e419ca3b1ad562f48fe0) Importer(815301076,1909f56bfc062723c751e8b465ee728b)
Start importing Assets/FullTiltBoogie/Materials/BokehQuint.mat using Guid(2457b0d8c738e419ca3b1ad562f48fe0) Importer(815301076,1909f56bfc062723c751e8b465ee728b) (PreviewImporter) -> (artifact id: 'b725362b80f576b690ede757323a08bf') in 0.0216733 seconds
Number of updated asset objects reloaded before import = 0Number of asset objects unloaded after import = 2

========================================================================
Received Import Request.
  Time since last request: 0.000017 seconds.
  path: Assets/FullTiltBoogie/Materials/Particles Mobile Alpha.mat
  artifactKey: Guid(0586fb390af6e4d56987fb75b880d2b2) Importer(815301076,1909f56bfc062723c751e8b465ee728b)
Start importing Assets/FullTiltBoogie/Materials/Particles Mobile Alpha.mat using Guid(0586fb390af6e4d56987fb75b880d2b2) Importer(815301076,1909f56bfc062723c751e8b465ee728b) (PreviewImporter) -> (artifact id: '921e5923d9bd4b46a474bc85415a2578') in 0.0125133 seconds
Number of updated asset objects reloaded before import = 0Number of asset objects unloaded after import = 1

========================================================================
Received Import Request.
  Time since last request: 0.000015 seconds.
  path: Assets/FullTiltBoogie/Materials/BokehHexAlpha.mat
  artifactKey: Guid(4927e5dcc23164c0988f0c23c461cbe0) Importer(815301076,1909f56bfc062723c751e8b465ee728b)
Start importing Assets/FullTiltBoogie/Materials/BokehHexAlpha.mat using Guid(4927e5dcc23164c0988f0c23c461cbe0) Importer(815301076,1909f56bfc062723c751e8b465ee728b) (PreviewImporter) -> (artifact id: '95f2e258b4836b5213af463b044b472e') in 0.0218816 seconds
Number of updated asset objects reloaded before import = 0Number of asset objects unloaded after import = 2

========================================================================
Received Import Request.
  Time since last request: 0.000015 seconds.
  path: Assets/FullTiltBoogie/Materials/StarWide.mat
  artifactKey: Guid(42bc46fc022af47dc8e0896dc58f47c6) Importer(815301076,1909f56bfc062723c751e8b465ee728b)
Start importing Assets/FullTiltBoogie/Materials/StarWide.mat using Guid(42bc46fc022af47dc8e0896dc58f47c6) Importer(815301076,1909f56bfc062723c751e8b465ee728b) (PreviewImporter) -> (artifact id: '9fbb0cd2b88caf2f6e6c8b750e29dd94') in 0.0221278 seconds
Number of updated asset objects reloaded before import = 0Number of asset objects unloaded after import = 2

========================================================================
Received Import Request.
  Time since last request: 0.000016 seconds.
  path: Assets/FullTiltBoogie/Materials/SmokePuffs3.mat
  artifactKey: Guid(0e614e05d1c7a4bcdbbe24547504eeb9) Importer(815301076,1909f56bfc062723c751e8b465ee728b)
Start importing Assets/FullTiltBoogie/Materials/SmokePuffs3.mat using Guid(0e614e05d1c7a4bcdbbe24547504eeb9) Importer(815301076,1909f56bfc062723c751e8b465ee728b) (PreviewImporter) -> (artifact id: '10e0c0082860fd58aea458234cce7146') in 0.019682 seconds
Number of updated asset objects reloaded before import = 0Number of asset objects unloaded after import = 2

========================================================================
Received Import Request.
  Time since last request: 0.000015 seconds.
  path: Assets/FullTiltBoogie/Materials/FireSpark.mat
  artifactKey: Guid(a53831880f7cf4d80978fb06165403e5) Importer(815301076,1909f56bfc062723c751e8b465ee728b)
Start importing Assets/FullTiltBoogie/Materials/FireSpark.mat using Guid(a53831880f7cf4d80978fb06165403e5) Importer(815301076,1909f56bfc062723c751e8b465ee728b) (PreviewImporter) -> (artifact id: 'e1ecb3b2d2160f426761abe810dbdc79') in 0.0184755 seconds
Number of updated asset objects reloaded before import = 0Number of asset objects unloaded after import = 2

========================================================================
Received Import Request.
  Time since last request: 0.000014 seconds.
  path: Assets/FullTiltBoogie/Materials/Particles Mobile Add.mat
  artifactKey: Guid(aebc2fcd4311946738874768112cd326) Importer(815301076,1909f56bfc062723c751e8b465ee728b)
Start importing Assets/FullTiltBoogie/Materials/Particles Mobile Add.mat using Guid(aebc2fcd4311946738874768112cd326) Importer(815301076,1909f56bfc062723c751e8b465ee728b) (PreviewImporter) -> (artifact id: 'a24837c5f34988321ae76c7fa00d34ad') in 0.0100546 seconds
Number of updated asset objects reloaded before import = 0Number of asset objects unloaded after import = 1

========================================================================
Received Import Request.
  Time since last request: 0.000013 seconds.
  path: Assets/FullTiltBoogie/Materials/SmokePuff3Alpha.mat
  artifactKey: Guid(d1a40a4c96c7244d8b85f624de7618bd) Importer(815301076,1909f56bfc062723c751e8b465ee728b)
Start importing Assets/FullTiltBoogie/Materials/SmokePuff3Alpha.mat using Guid(d1a40a4c96c7244d8b85f624de7618bd) Importer(815301076,1909f56bfc062723c751e8b465ee728b) (PreviewImporter) -> (artifact id: 'dfc795e7dfbe653176ba5f3c7633a2d9') in 0.0323684 seconds
Number of updated asset objects reloaded before import = 0Number of asset objects unloaded after import = 1

Editor requested this worker to shutdown with reason: Scaling down because of idle timeout
AssetImportWorker is now disconnected from the server
Process exiting
Exiting without the bug reporter. Application will terminate with return code 0